DisNo.,Historic,Disaster Group,Disaster Subgroup,Disaster Type,Disaster Subtype,Event Name,ISO,Country,Subregion,Region,Location,Origin,Associated Types,OFDA/BHA Response,AID Contribution ('000 US$),Magnitude,Magnitude Scale,Latitude,Longitude,River Basin,Total Deaths,No. Injured,No. Affected,No. Homeless,Total Affected,Insured Damage ('000 US$),"Insured Damage, Adjusted ('000 US$)",Total Damage ('000 US$),"Total Damage, Adjusted ('000 US$)",CPI,Admin Units,GADM Admin Units,Entry Date,Last Update,Start Date,End Date
2026-0330-IND,No,Natural,Meteorological,Storm,Lightning/Thunderstorms,NULL,IND,India,Southern Asia,Asia,Prayagraj (Uttar Pradesh),NULL,Flood|Hail,No,NULL,NULL,Kph,NULL,NULL,NULL,122.0,59.0,1135.0,NULL,1194.0,NULL,NULL,10000.0,NULL,NULL,NULL,NULL,2026-05-15,2026-07-24,2026-05-13,2026-05-13
2025-1102-IND,No,Natural,Meteorological,Extreme temperature,Heat wave,NULL,IND,India,Southern Asia,Asia,NULL,NULL,NULL,No,NULL,46.4,°C,NULL,NULL,NULL,84.0,NULL,NULL,NULL,NULL,NULL,NULL,NULL,NULL,100.0,NULL,NULL,2026-08-28,2026-08-28,2025-04-01,2025-07-01
2001-0729-IND,No,Natural,Meteorological,Storm,Tropical cyclone,NULL,IND,India,Southern Asia,Asia,"Gujarat, Goa, Maharashtra, Kerala provinces",NULL,NULL,No,NULL,215.0,Kph,NULL,NULL,NULL,510.0,NULL,NULL,NULL,NULL,NULL,NULL,NULL,NULL,54.99938527,"[{""adm1_code"":1490,""adm1_name"":""Goa""},{""adm1_code"":1491,""adm1_name"":""Gujarat""},{""adm1_code"":1495,""adm1_name"":""Kerala""},{""adm1_code"":1498,""adm1_name"":""Maharashtra""}]","[{""gid_1"":""IND.10_1"",""migration_date"":""2025-12-20"",""migration_method"":""jaccard1"",""name_1"":""Goa""},{""gid_1"":""IND.11_1"",""migration_date"":""2025-12-20"",""migration_method"":""jaccard1"",""name_1"":""Gujarat""},{""gid_1"":""IND.17_1"",""migration_date"":""2025-12-20"",""migration_method"":""jaccard1"",""name_1"":""Kerala""},{""gid_1"":""IND.20_1"",""migration_date"":""2025-12-20"",""migration_method"":""jaccard1"",""name_1"":""Maharashtra""}]",2003-07-01,2026-08-26,2001-05-28,2001-05-28
2000-0332-IND,No,Natural,Hydrological,Flood,Flash flood,NULL,IND,India,Southern Asia,Asia,"Yingkiang,Tuting villages (Upper Siang (70051) district, Arunachal Pradesh province), Along, Boleng villages (70054 district, Arunachal Pradesh province), Pasighat, Sika-bamin, Komlighat, Raneghat (70041 district, Arunachal Pradesh province), Tezu, Mahadevpur villages (Lohit district, Arunachal Pradesh province), Golaghat, Nagaon districts (Assam province),",NULL,Broken Dam/Burst bank,No,NULL,55000.0,Km2,NULL,NULL,NULL,20.0,NULL,3000000.0,NULL,3000000.0,NULL,NULL,NULL,NULL,53.48773668,"[{""adm2_code"":17582,""adm2_name"":""Golaghat""},{""adm2_code"":17589,""adm2_name"":""Nagaon""},{""adm2_code"":70041,""adm2_name"":""Administrative unit not available""},{""adm2_code"":70051,""adm2_name"":""Administrative unit not available""},{""adm2_code"":70054,""adm2_name"":""Administrative unit not available""},{""adm2_code"":17571,""adm2_name"":""East Siang""},{""adm2_code"":17572,""adm2_name"":""Lohit""},{""adm2_code"":17575,""adm2_name"":""West Siang""}]","[{""gid_2"":""IND.3.11_1"",""migration_date"":""2025-12-20"",""migration_method"":""puzzle2_2"",""name_2"":""Namsai""},{""gid_2"":""IND.3.1_1"",""migration_date"":""2025-12-20"",""migration_method"":""puzzle2_2"",""name_2"":""Anjaw""},{""gid_2"":""IND.3.5_1"",""migration_date"":""2025-12-20"",""migration_method"":""jaccard2"",""name_2"":""East Siang""},{""gid_2"":""IND.3.7_1"",""migration_date"":""2025-12-20"",""migration_method"":""puzzle2_2"",""name_2"":""Lohit""},{""gid_2"":""IND.4.12_1"",""migration_date"":""2025-12-20"",""migration_method"":""jaccard2"",""name_2"":""Golaghat""},{""gid_2"":""IND.4.22_1"",""migration_date"":""2025-12-20"",""migration_method"":""jaccard2"",""name_2"":""Nagaon""},{""gid_2"":""Z07.3.15_1"",""migration_date"":""2025-12-20"",""migration_method"":""jaccard2"",""name_2"":""Upper Siang""},{""gid_2"":""Z07.3.18_1"",""migration_date"":""2025-12-20"",""migration_method"":""jaccard2"",""name_2"":""West Siang""},{""gid_2"":""Z07.3.18_1"",""migration_date"":""2025-12-20"",""migration_method"":""bufhaus2"",""name_2"":""West Siang""},{""gid_2"":""Z07.3.5_1"",""migration_date"":""2025-12-20"",""migration_method"":""jaccard2"",""name_2"":""East Siang""}]",2005-09-15,2025-12-20,2000-06-10,2000-06-10
2010-0416-IND,No,Natural,Hydrological,Flood,Riverine flood,NULL,IND,India,Southern Asia,Asia,Lakhimpur district (Assam province),Monsoonal rain,NULL,No,NULL,12555.0,Km2,26.235,92.25,Singora,NULL,NULL,30000.0,NULL,30000.0,NULL,NULL,NULL,NULL,67.73109453,"[{""adm2_code"":70091,""adm2_name"":""Lakhimpur""}]","[{""gid_2"":""IND.4.20_1"",""migration_date"":""2025-12-20"",""migration_method"":""jaccard2"",""name_2"":""Lakhimpur""}]",2011-01-10,2025-12-20,2010-09-05,2010-09-17
2010-0694-IND,No,Natural,Meteorological,Storm,Hail,NULL,IND,India,Southern Asia,Asia,"Mushalpur, Baksa towns (Nalbari district, Assam province)",NULL,NULL,No,NULL,NULL,Kph,NULL,NULL,NULL,28.0,NULL,NULL,5000.0,5000.0,NULL,NULL,NULL,NULL,67.73109453,"[{""adm2_code"":17590,""adm2_name"":""Nalbari""}]",NULL,2011-03-17,2023-09-25,2010-04-10,2010-04-10
2019-0480-IND,No,Natural,Biological,Epidemic,Viral disease,Dengue,IND,India,Southern Asia,Asia,Rajendranagar area (Bihar),NULL,NULL,No,NULL,NULL,Vaccinated,NULL,NULL,NULL,NULL,900.0,NULL,NULL,900.0,NULL,NULL,NULL,NULL,79.4107846,NULL,NULL,2019-10-07,2023-09-25,2019-10-01,2019-10-01
2019-0331-IND,No,Natural,Hydrological,Flood,Flood (General),NULL,IND,India,Southern Asia,Asia,"Sitamarhi, Sheohar, East Champaran, Muzaffarpur, Madhubani, Darbhanga, Supaul, Araria, Sahersa , Katihar, Purnia, Kishanganj districts (Bihar); Dhemaji, Lakhimpur, Biswanath, Barpeta, Chirang, Golaghat Jorhat, Sonitpur, Darrang, Nalbari, Bongaigaon, Morigaon, Nagaon, Majuli, Baksa, Kokrajhar, Dhubri, South Salmara, Goalpara, Kamrup, Hojai, Sivsagar, Tinsukia, Cachar, KarbiAnglrng, West Karbi-Anglong, Hailakandi, Dibrugarh districts (Assam); Maharashtra, Kerala, Rajasthan, West Bengal, Karnataka, Uttarakand, Himachal Pradesh, Punjab, Uttar Pradesh, Odisha",Monsoon rain,"Slide (land, mud, snow, rock)",No,NULL,NULL,Km2,NULL,NULL,NULL,1900.0,NULL,3000000.0,NULL,3000000.0,200000.0,251855.0,10000000.0,12592748.0,79.4107846,"[{""adm1_code"":1493,""adm1_name"":""Himachal Pradesh""},{""adm1_code"":1494,""adm1_name"":""Karnataka""},{""adm1_code"":1495,""adm1_name"":""Kerala""},{""adm1_code"":1498,""adm1_name"":""Maharashtra""},{""adm1_code"":1504,""adm1_name"":""Orissa""},{""adm1_code"":1505,""adm1_name"":""Punjab""},{""adm1_code"":1506,""adm1_name"":""Rajasthan""},{""adm1_code"":1511,""adm1_name"":""West Bengal""},{""adm1_code"":70081,""adm1_name"":""Uttar Pradesh""},{""adm1_code"":70082,""adm1_name"":""Uttarakhand""},{""adm2_code"":17576,""adm2_name"":""Barpeta""},{""adm2_code"":17577,""adm2_name"":""Cachar""},{""adm2_code"":17578,""adm2_name"":""Darrang""},{""adm2_code"":17579,""adm2_name"":""Dhuburi""},{""adm2_code"":17580,""adm2_name"":""Dibrugarh""},{""adm2_code"":17581,""adm2_name"":""Goalpara""},{""adm2_code"":17582,""adm2_name"":""Golaghat""},{""adm2_code"":17583,""adm2_name"":""Kamrup""},{""adm2_code"":17584,""adm2_name"":""Karbi Anglong""},{""adm2_code"":17589,""adm2_name"":""Nagaon""},{""adm2_code"":17590,""adm2_name"":""Nalbari""},{""adm2_code"":17592,""adm2_name"":""Sibsagar""},{""adm2_code"":17593,""adm2_name"":""Sonitpur""},{""adm2_code"":70086,""adm2_name"":""Bongaigaon""},{""adm2_code"":70087,""adm2_name"":""Dhemaji""},{""adm2_code"":70088,""adm2_name"":""Hailakandi""},{""adm2_code"":70089,""adm2_name"":""Jorhat""},{""adm2_code"":70090,""adm2_name"":""Kokrajhar""},{""adm2_code"":70091,""adm2_name"":""Lakhimpur""},{""adm2_code"":70092,""adm2_name"":""Marigaon""},{""adm2_code"":70093,""adm2_name"":""Tinsukia""},{""adm2_code"":17598,""adm2_name"":""Darbhanga""},{""adm2_code"":17608,""adm2_name"":""Katihar""},{""adm2_code"":17611,""adm2_name"":""Madhubani""},{""adm2_code"":17613,""adm2_name"":""Muzaffarpur""},{""adm2_code"":17620,""adm2_name"":""Purba Champaran""},{""adm2_code"":17621,""adm2_name"":""Purnia""},{""adm2_code"":17624,""adm2_name"":""Saharsa""},{""adm2_code"":17630,""adm2_name"":""Sitamarhi""},{""adm2_code"":70094,""adm2_name"":""Araria""},{""adm2_code"":70100,""adm2_name"":""Kishanganj""},{""adm2_code"":70103,""adm2_name"":""Sheohar""},{""adm2_code"":70104,""adm2_name"":""Supaul""}]","[{""gid_1"":""IND.13_1"",""migration_date"":""2025-12-20"",""migration_method"":""jaccard1"",""name_1"":""Himachal Pradesh""},{""gid_1"":""IND.16_1"",""migration_date"":""2025-12-20"",""migration_method"":""jaccard1"",""name_1"":""Karnataka""},{""gid_1"":""IND.17_1"",""migration_date"":""2025-12-20"",""migration_method"":""jaccard1"",""name_1"":""Kerala""},{""gid_1"":""IND.20_1"",""migration_date"":""2025-12-20"",""migration_method"":""jaccard1"",""name_1"":""Maharashtra""},{""gid_1"":""IND.26_1"",""migration_date"":""2025-12-20"",""migration_method"":""jaccard1"",""name_1"":""Odisha""},{""gid_1"":""IND.28_1"",""migration_date"":""2025-12-20"",""migration_method"":""jaccard1"",""name_1"":""Punjab""},{""gid_1"":""IND.29_1"",""migration_date"":""2025-12-20"",""migration_method"":""jaccard1"",""name_1"":""Rajasthan""},{""gid_1"":""IND.34_1"",""migration_date"":""2025-12-20"",""migration_method"":""jaccard1"",""name_1"":""Uttar Pradesh""},{""gid_1"":""IND.35_1"",""migration_date"":""2025-12-20"",""migration_method"":""jaccard1"",""name_1"":""Uttarakhand""},{""gid_1"":""IND.36_1"",""migration_date"":""2025-12-20"",""migration_method"":""jaccard1"",""name_1"":""West Bengal""},{""gid_1"":""IND.4_1"",""migration_date"":""2025-12-20"",""migration_method"":""parent2_1"",""name_1"":""Assam""},{""gid_2"":""IND.5.15_1"",""migration_date"":""2025-12-20"",""migration_method"":""jaccard2"",""name_2"":""Katihar""},{""gid_2"":""IND.5.17_1"",""migration_date"":""2025-12-20"",""migration_method"":""jaccard2"",""name_2"":""Kishanganj""},{""gid_2"":""IND.5.1_1"",""migration_date"":""2025-12-20"",""migration_method"":""jaccard2"",""name_2"":""Araria""},{""gid_2"":""IND.5.20_1"",""migration_date"":""2025-12-20"",""migration_method"":""jaccard2"",""name_2"":""Madhubani""},{""gid_2"":""IND.5.22_1"",""migration_date"":""2025-12-20"",""migration_method"":""jaccard2"",""name_2"":""Muzaffarpur""},{""gid_2"":""IND.5.27_1"",""migration_date"":""2025-12-20"",""migration_method"":""jaccard2"",""name_2"":""Purba Champaran""},{""gid_2"":""IND.5.28_1"",""migration_date"":""2025-12-20"",""migration_method"":""jaccard2"",""name_2"":""Purnia""},{""gid_2"":""IND.5.30_1"",""migration_date"":""2025-12-20"",""migration_method"":""jaccard2"",""name_2"":""Saharsa""},{""gid_2"":""IND.5.34_1"",""migration_date"":""2025-12-20"",""migration_method"":""jaccard2"",""name_2"":""Sheohar""},{""gid_2"":""IND.5.35_1"",""migration_date"":""2025-12-20"",""migration_method"":""jaccard2"",""name_2"":""Sitamarhi""},{""gid_2"":""IND.5.37_1"",""migration_date"":""2025-12-20"",""migration_method"":""jaccard2"",""name_2"":""Supaul""},{""gid_2"":""IND.5.9_1"",""migration_date"":""2025-12-20"",""migration_method"":""jaccard2"",""name_2"":""Darbhanga""}]",2019-07-15,2025-12-20,2019-07-14,2019-09-30
2021-0072-IND,No,Natural,Climatological,Glacial lake outburst flood,Glacial lake outburst flood,NULL,IND,India,Southern Asia,Asia,Uttarakhand state,NULL,Flood,No,NULL,NULL,NULL,NULL,NULL,NULL,234.0,NULL,NULL,NULL,NULL,NULL,NULL,210000.0,249504.0,84.16698296,"[{""adm1_code"":70082,""adm1_name"":""Uttarakhand""}]","[{""gid_1"":""IND.35_1"",""migration_date"":""2025-12-20"",""migration_method"":""jaccard1"",""name_1"":""Uttarakhand""}]",2021-02-09,2025-12-20,2021-02-07,2021-02-08
2019-0223-IND,No,Natural,Meteorological,Extreme temperature,Heat wave,NULL,IND,India,Southern Asia,Asia,"Karnataka, Maharashtra, Madhya Pradesh, Rajasthan, Uttar Pradesh states",NULL,NULL,No,NULL,NULL,°C,NULL,NULL,NULL,22.0,450.0,NULL,NULL,450.0,NULL,NULL,NULL,NULL,79.4107846,"[{""adm1_code"":1494,""adm1_name"":""Karnataka""},{""adm1_code"":1498,""adm1_name"":""Maharashtra""},{""adm1_code"":1506,""adm1_name"":""Rajasthan""},{""adm1_code"":70079,""adm1_name"":""Madhya Pradesh""},{""adm1_code"":70081,""adm1_name"":""Uttar Pradesh""}]","[{""gid_1"":""IND.16_1"",""migration_date"":""2025-12-20"",""migration_method"":""jaccard1"",""name_1"":""Karnataka""},{""gid_1"":""IND.19_1"",""migration_date"":""2025-12-20"",""migration_method"":""jaccard1"",""name_1"":""Madhya Pradesh""},{""gid_1"":""IND.20_1"",""migration_date"":""2025-12-20"",""migration_method"":""jaccard1"",""name_1"":""Maharashtra""},{""gid_1"":""IND.29_1"",""migration_date"":""2025-12-20"",""migration_method"":""jaccard1"",""name_1"":""Rajasthan""},{""gid_1"":""IND.34_1"",""migration_date"":""2025-12-20"",""migration_method"":""jaccard1"",""name_1"":""Uttar Pradesh""}]",2019-06-17,2025-12-20,2019-06-01,2019-06-01
2021-0234-IND,No,Natural,Climatological,Glacial lake outburst flood,Glacial lake outburst flood,NULL,IND,India,Southern Asia,Asia,Chamoli District (Uttarakhand State),NULL,"Slide (land, mud, snow, rock)",No,NULL,NULL,NULL,NULL,NULL,NULL,16.0,24.0,NULL,NULL,24.0,NULL,NULL,NULL,NULL,84.16698296,"[{""adm2_code"":70282,""adm2_name"":""Chamoli""}]","[{""gid_2"":""IND.35.3_1"",""migration_date"":""2025-12-20"",""migration_method"":""jaccard2"",""name_2"":""Chamoli""}]",2021-04-29,2025-12-20,2021-04-23,2021-04-23
2019-0164-IND,No,Natural,Meteorological,Storm,Tropical cyclone,Cyclone 'Fani',IND,India,Southern Asia,Asia,Odisha province,NULL,NULL,No,NULL,NULL,Kph,NULL,NULL,NULL,50.0,NULL,20000000.0,NULL,20000000.0,NULL,NULL,1810000.0,2279287.0,79.4107846,"[{""adm1_code"":1504,""adm1_name"":""Orissa""}]","[{""gid_1"":""IND.26_1"",""migration_date"":""2025-12-20"",""migration_method"":""jaccard1"",""name_1"":""Odisha""}]",2019-05-06,2025-12-20,2019-05-03,2019-05-03
2019-0155-IND,No,Natural,Meteorological,Storm,Storm (General),NULL,IND,India,Southern Asia,Asia,"Gujarat, Rajasthan, Madhya Pradesh, Maharashtra",NULL,Flood,No,NULL,NULL,Kph,NULL,NULL,NULL,50.0,NULL,NULL,NULL,NULL,NULL,NULL,NULL,NULL,79.4107846,"[{""adm1_code"":1491,""adm1_name"":""Gujarat""},{""adm1_code"":1498,""adm1_name"":""Maharashtra""},{""adm1_code"":1506,""adm1_name"":""Rajasthan""},{""adm1_code"":70079,""adm1_name"":""Madhya Pradesh""}]","[{""gid_1"":""IND.11_1"",""migration_date"":""2025-12-20"",""migration_method"":""jaccard1"",""name_1"":""Gujarat""},{""gid_1"":""IND.19_1"",""migration_date"":""2025-12-20"",""migration_method"":""jaccard1"",""name_1"":""Madhya Pradesh""},{""gid_1"":""IND.20_1"",""migration_date"":""2025-12-20"",""migration_method"":""jaccard1"",""name_1"":""Maharashtra""},{""gid_1"":""IND.29_1"",""migration_date"":""2025-12-20"",""migration_method"":""jaccard1"",""name_1"":""Rajasthan""}]",2019-04-18,2025-12-20,2019-04-16,2019-04-17
2021-0419-IND,No,Natural,Hydrological,Mass movement (wet),Landslide (wet),NULL,IND,India,Southern Asia,Asia,Bombay,Monsoon rain,Collapse|Rain,No,NULL,NULL,NULL,NULL,NULL,NULL,33.0,NULL,NULL,NULL,NULL,NULL,NULL,NULL,NULL,84.16698296,"[{""adm2_code"":70183,""adm2_name"":""Mumbai Suburban""},{""adm2_code"":70184,""adm2_name"":""Mumbai city""}]","[{""gid_2"":""IND.20.17_1"",""migration_date"":""2025-12-20"",""migration_method"":""jaccard2"",""name_2"":""Mumbai City""},{""gid_2"":""IND.20.18_1"",""migration_date"":""2025-12-20"",""migration_method"":""jaccard2"",""name_2"":""Mumbai Suburban""}]",2021-07-19,2025-12-20,2021-07-17,2021-07-18
2021-0500-IND,No,Natural,Hydrological,Mass movement (wet),Landslide (wet),NULL,IND,India,Southern Asia,Asia,"Nigul Sari Village (Kinnaur District, Himachal Pradesh State)",Heavy rains,Collapse,No,NULL,NULL,NULL,NULL,NULL,NULL,35.0,13.0,NULL,NULL,13.0,NULL,NULL,NULL,NULL,84.16698296,"[{""adm2_code"":17670,""adm2_name"":""Kinnaur""}]","[{""gid_2"":""IND.13.5_1"",""migration_date"":""2025-12-20"",""migration_method"":""jaccard2"",""name_2"":""Kinnaur""}]",2021-08-12,2025-12-20,2021-08-11,2021-08-11
2018-0385-IND,No,Natural,Meteorological,Storm,Tropical cyclone,Tropical storm 'Titli',IND,India,Southern Asia,Asia,"Mandasa, Godalpur, Gajapati, Ganjam, Rayagada, Puri, Kandhamal (Andhra Pradesh & Odisha)",NULL,Flood|Surge,No,NULL,126.0,Kph,NULL,NULL,NULL,85.0,200.0,300000.0,NULL,300200.0,NULL,NULL,920000.0,1179529.0,77.99726519,"[{""adm2_code"":17565,""adm2_name"":""Srikakulam""},{""adm2_code"":17811,""adm2_name"":""Ganjam""},{""adm2_code"":17818,""adm2_name"":""Puri""},{""adm2_code"":70213,""adm2_name"":""Gajapati""},{""adm2_code"":70217,""adm2_name"":""Kandhamal""},{""adm2_code"":70224,""adm2_name"":""Rayagada""}]","[{""gid_2"":""IND.2.9_1"",""migration_date"":""2025-12-20"",""migration_method"":""jaccard2"",""name_2"":""Srikakulam""},{""gid_2"":""IND.26.10_1"",""migration_date"":""2025-12-20"",""migration_method"":""jaccard2"",""name_2"":""Gajapati""},{""gid_2"":""IND.26.11_1"",""migration_date"":""2025-12-20"",""migration_method"":""jaccard2"",""name_2"":""Ganjam""},{""gid_2"":""IND.26.16_1"",""migration_date"":""2025-12-20"",""migration_method"":""jaccard2"",""name_2"":""Kandhamal""},{""gid_2"":""IND.26.26_1"",""migration_date"":""2025-12-20"",""migration_method"":""jaccard2"",""name_2"":""Puri""},{""gid_2"":""IND.26.27_1"",""migration_date"":""2025-12-20"",""migration_method"":""jaccard2"",""name_2"":""Rayagada""}]",2018-10-17,2025-12-20,2018-10-11,2018-10-12
2018-0372-IND,No,Natural,Hydrological,Flood,Flood (General),NULL,IND,India,Southern Asia,Asia,"Punjab, Haryana states",NULL,"Slide (land, mud, snow, rock)",No,NULL,NULL,Km2,NULL,NULL,NULL,25.0,NULL,NULL,NULL,NULL,NULL,NULL,NULL,NULL,77.99726519,"[{""adm1_code"":1492,""adm1_name"":""Haryana""},{""adm1_code"":1505,""adm1_name"":""Punjab""}]","[{""gid_1"":""IND.12_1"",""migration_date"":""2025-12-20"",""migration_method"":""jaccard1"",""name_1"":""Haryana""},{""gid_1"":""IND.28_1"",""migration_date"":""2025-12-20"",""migration_method"":""jaccard1"",""name_1"":""Punjab""}]",2018-10-11,2025-12-20,2018-09-23,2018-09-24
2021-0630-IND,No,Natural,Meteorological,Storm,Tropical cyclone,Cyclone 'Gulab',IND,India,Southern Asia,Asia,"Srikakulam, Vizianagaram, Visakhapatnam, Kalingapatnam , Nizamabad, Hyderabad districts (Andhra Pradesh); Koraput, Malkangiri districts (Odisha); Aurangabad, Latur, Osmanabad, Parbhani, Nanded, Beed, Jalna, Hingoli districts (Maharashtra)",NULL,NULL,No,NULL,90.0,Kph,NULL,NULL,NULL,20.0,NULL,NULL,NULL,NULL,NULL,NULL,NULL,NULL,84.16698296,"[{""adm2_code"":17553,""adm2_name"":""Hyderabad""},{""adm2_code"":17562,""adm2_name"":""Nizamabad""},{""adm2_code"":17565,""adm2_name"":""Srikakulam""},{""adm2_code"":17566,""adm2_name"":""Vishakhapatnam""},{""adm2_code"":17567,""adm2_name"":""Vizianagaram""},{""adm2_code"":17770,""adm2_name"":""Latur""},{""adm2_code"":17772,""adm2_name"":""Nanded""},{""adm2_code"":17774,""adm2_name"":""Osmanabad""},{""adm2_code"":17786,""adm2_name"":""Aurangabad""},{""adm2_code"":70179,""adm2_name"":""Bid""},{""adm2_code"":70181,""adm2_name"":""Hingoli""},{""adm2_code"":70182,""adm2_name"":""Jalna""},{""adm2_code"":70186,""adm2_name"":""Parbhani""},{""adm2_code"":17814,""adm2_name"":""Koraput""},{""adm2_code"":70220,""adm2_name"":""Malkangiri""}]","[{""gid_2"":""IND.2.10_1"",""migration_date"":""2025-12-20"",""migration_method"":""jaccard2"",""name_2"":""Visakhapatnam""},{""gid_2"":""IND.2.11_1"",""migration_date"":""2025-12-20"",""migration_method"":""jaccard2"",""name_2"":""Vizianagaram""},{""gid_2"":""IND.2.9_1"",""migration_date"":""2025-12-20"",""migration_method"":""jaccard2"",""name_2"":""Srikakulam""},{""gid_2"":""IND.20.12_1"",""migration_date"":""2025-12-20"",""migration_method"":""jaccard2"",""name_2"":""Hingoli""},{""gid_2"":""IND.20.14_1"",""migration_date"":""2025-12-20"",""migration_method"":""jaccard2"",""name_2"":""Jalna""},{""gid_2"":""IND.20.16_1"",""migration_date"":""2025-12-20"",""migration_method"":""jaccard2"",""name_2"":""Latur""},{""gid_2"":""IND.20.20_1"",""migration_date"":""2025-12-20"",""migration_method"":""jaccard2"",""name_2"":""Nanded""},{""gid_2"":""IND.20.23_1"",""migration_date"":""2025-12-20"",""migration_method"":""jaccard2"",""name_2"":""Osmanabad""},{""gid_2"":""IND.20.25_1"",""migration_date"":""2025-12-20"",""migration_method"":""jaccard2"",""name_2"":""Parbhani""},{""gid_2"":""IND.20.4_1"",""migration_date"":""2025-12-20"",""migration_method"":""jaccard2"",""name_2"":""Aurangabad""},{""gid_2"":""IND.20.6_1"",""migration_date"":""2025-12-20"",""migration_method"":""jaccard2"",""name_2"":""Bid""},{""gid_2"":""IND.26.20_1"",""migration_date"":""2025-12-20"",""migration_method"":""jaccard2"",""name_2"":""Koraput""},{""gid_2"":""IND.26.21_1"",""migration_date"":""2025-12-20"",""migration_method"":""jaccard2"",""name_2"":""Malkangiri""},{""gid_2"":""IND.32.2_1"",""migration_date"":""2025-12-20"",""migration_method"":""jaccard2"",""name_2"":""Hyderabad""},{""gid_2"":""IND.32.8_1"",""migration_date"":""2025-12-20"",""migration_method"":""jaccard2"",""name_2"":""Nizamabad""}]",2021-09-29,2025-12-20,2021-09-26,2021-09-29
2018-0286-IND,No,Natural,Hydrological,Flood,Flood (General),NULL,IND,India,Southern Asia,Asia,Odisha state,Heavy rains,NULL,No,NULL,NULL,Km2,NULL,NULL,NULL,20.0,NULL,41430.0,NULL,41430.0,NULL,NULL,NULL,NULL,77.99726519,"[{""adm1_code"":1504,""adm1_name"":""Orissa""}]","[{""gid_1"":""IND.26_1"",""migration_date"":""2025-12-20"",""migration_method"":""jaccard1"",""name_1"":""Odisha""}]",2018-08-09,2025-12-20,2018-07-20,2018-07-23
2021-0677-IND,No,Natural,Hydrological,Flood,Flood (General),NULL,IND,India,Southern Asia,Asia,"Idukki, Kottayam, Pathanamthitta, Kollam, Achankovil, Thiruvananthapuram(Kerala state)",Heavy rains,NULL,No,NULL,NULL,Km2,NULL,NULL,NULL,39.0,NULL,3500.0,450.0,3950.0,NULL,NULL,NULL,NULL,84.16698296,"[{""adm2_code"":17700,""adm2_name"":""Idukki""},{""adm2_code"":17702,""adm2_name"":""Kottayam""},{""adm2_code"":17706,""adm2_name"":""Pattanamtitta""},{""adm2_code"":17707,""adm2_name"":""Kollam""},{""adm2_code"":17709,""adm2_name"":""Thiruvananthapuram""}]","[{""gid_2"":""IND.17.11_1"",""migration_date"":""2025-12-20"",""migration_method"":""jaccard2"",""name_2"":""Pathanamthitta""},{""gid_2"":""IND.17.12_1"",""migration_date"":""2025-12-20"",""migration_method"":""jaccard2"",""name_2"":""Thiruvananthapuram""},{""gid_2"":""IND.17.3_1"",""migration_date"":""2025-12-20"",""migration_method"":""jaccard2"",""name_2"":""Idukki""},{""gid_2"":""IND.17.6_1"",""migration_date"":""2025-12-20"",""migration_method"":""jaccard2"",""name_2"":""Kollam""},{""gid_2"":""IND.17.7_1"",""migration_date"":""2025-12-20"",""migration_method"":""jaccard2"",""name_2"":""Kottayam""}]",2021-10-18,2025-12-20,2021-10-11,2021-10-20
2018-0216-IND,No,Natural,Hydrological,Flood,Flood (General),NULL,IND,India,Southern Asia,Asia,Dakshina Kannada and Udupi districts,Pre-monsoon rains,NULL,No,NULL,NULL,Km2,NULL,NULL,NULL,12.0,NULL,4945.0,NULL,4945.0,NULL,NULL,2500.0,3205.0,77.99726519,"[{""adm2_code"":17685,""adm2_name"":""Dakshin Kannad""},{""adm2_code"":70166,""adm2_name"":""Udupi""}]","[{""gid_2"":""IND.16.12_1"",""migration_date"":""2025-12-20"",""migration_method"":""jaccard2"",""name_2"":""Dakshina Kannada""},{""gid_2"":""IND.16.28_1"",""migration_date"":""2025-12-20"",""migration_method"":""jaccard2"",""name_2"":""Udupi""}]",2018-07-20,2025-12-20,2018-05-29,2018-05-31
2018-0150-IND,No,Natural,Meteorological,Storm,Sand/Dust storm,NULL,IND,India,Southern Asia,Asia,"Rajasthan, Uttar Pradesh",NULL,NULL,No,NULL,NULL,Kph,NULL,NULL,NULL,143.0,200.0,NULL,NULL,200.0,NULL,NULL,24000.0,30770.0,77.99726519,"[{""adm1_code"":1506,""adm1_name"":""Rajasthan""},{""adm1_code"":70081,""adm1_name"":""Uttar Pradesh""}]","[{""gid_1"":""IND.29_1"",""migration_date"":""2025-12-20"",""migration_method"":""jaccard1"",""name_1"":""Rajasthan""},{""gid_1"":""IND.34_1"",""migration_date"":""2025-12-20"",""migration_method"":""jaccard1"",""name_1"":""Uttar Pradesh""}]",2018-05-22,2025-12-20,2018-05-01,2018-05-10
2018-0119-IND,No,Natural,Climatological,Wildfire,Forest fire,NULL,IND,India,Southern Asia,Asia,Tamil nadu,NULL,NULL,No,NULL,NULL,Km2,NULL,NULL,NULL,17.0,NULL,NULL,NULL,NULL,NULL,NULL,NULL,NULL,77.99726519,"[{""adm1_code"":1508,""adm1_name"":""Tamil Nadu""}]","[{""gid_1"":""IND.31_1"",""migration_date"":""2025-12-20"",""migration_method"":""jaccard1"",""name_1"":""Tamil Nadu""}]",2018-04-16,2025-12-20,2018-03-10,2018-03-10
2021-0777-IND,No,Natural,Meteorological,Storm,Tropical cyclone,Tropical storm 'Jawad',IND,India,Southern Asia,Asia,"Andhra Pradesh, Odisha, south-western West Bengal, Tripura",NULL,NULL,No,NULL,100.0,Kph,NULL,NULL,NULL,5.0,400.0,1650.0,NULL,2050.0,NULL,NULL,NULL,NULL,84.16698296,"[{""adm1_code"":1485,""adm1_name"":""Andhra Pradesh""},{""adm1_code"":1504,""adm1_name"":""Orissa""},{""adm1_code"":1509,""adm1_name"":""Tripura""},{""adm1_code"":1511,""adm1_name"":""West Bengal""}]","[{""gid_1"":""IND.26_1"",""migration_date"":""2025-12-20"",""migration_method"":""jaccard1"",""name_1"":""Odisha""},{""gid_1"":""IND.2_1"",""migration_date"":""2025-12-20"",""migration_method"":""puzzle1_1"",""name_1"":""Andhra Pradesh""},{""gid_1"":""IND.32_1"",""migration_date"":""2025-12-20"",""migration_method"":""puzzle1_1"",""name_1"":""Telangana""},{""gid_1"":""IND.33_1"",""migration_date"":""2025-12-20"",""migration_method"":""jaccard1"",""name_1"":""Tripura""},{""gid_1"":""IND.36_1"",""migration_date"":""2025-12-20"",""migration_method"":""jaccard1"",""name_1"":""West Bengal""}]",2021-12-06,2025-12-20,2021-12-04,2021-12-06
2017-0517-IND,No,Natural,Hydrological,Flood,Flood (General),NULL,IND,India,Southern Asia,Asia,"Uttar Pradesh (Siddharthnagar, Balarampur, Bahraich, Shravasti, Maharajganj, Barabanki, Lakhimpur Kheri, Gorakhpur, Muzaffarnagar, Gonda, Basti, Mirzapur, Khiri, Deoria, Sitapur, Bijnore, Faizabad, Pilibhit, Farrukhabad, Mau, Kushinagar, Badaun, Ambedkar nagar, Azamgarh, Santkabir Nagar, Ghazipur, Balia)",NULL,NULL,No,NULL,NULL,Km2,NULL,NULL,"West Rapti, Ghaghra, Rapti, Rohin, Budhi Rapti, Ghoghi",101.0,NULL,2700000.0,NULL,2700000.0,NULL,NULL,NULL,NULL,76.13760371,"[{""adm2_code"":17892,""adm2_name"":""Azamgarh""},{""adm2_code"":17893,""adm2_name"":""Bahraich""},{""adm2_code"":17894,""adm2_name"":""Ballia""},{""adm2_code"":17896,""adm2_name"":""Bara Banki""},{""adm2_code"":17898,""adm2_name"":""Basti""},{""adm2_code"":17899,""adm2_name"":""Bijnor""},{""adm2_code"":17904,""adm2_name"":""Deoria""},{""adm2_code"":17907,""adm2_name"":""Faizabad""},{""adm2_code"":17908,""adm2_name"":""Farrukhabad""},{""adm2_code"":17912,""adm2_name"":""Ghazipur""},{""adm2_code"":17913,""adm2_name"":""Gonda""},{""adm2_code"":17914,""adm2_name"":""Gorakhpur""},{""adm2_code"":17921,""adm2_name"":""Lakhimpur Kheri""},{""adm2_code"":17927,""adm2_name"":""Mirzapur""},{""adm2_code"":17929,""adm2_name"":""Muzaffarnagar""},{""adm2_code"":17931,""adm2_name"":""Pilibhit""},{""adm2_code"":17938,""adm2_name"":""Sitapur""},{""adm2_code"":70257,""adm2_name"":""Ambedkar Nagar""},{""adm2_code"":70259,""adm2_name"":""Badaun""},{""adm2_code"":70261,""adm2_name"":""Balrampur""},{""adm2_code"":70271,""adm2_name"":""Kushinagar""},{""adm2_code"":70272,""adm2_name"":""Maharajganj""},{""adm2_code"":70274,""adm2_name"":""Mau""},{""adm2_code"":70275,""adm2_name"":""Sant Kabir Nagar""},{""adm2_code"":70277,""adm2_name"":""Shravasti""},{""adm2_code"":70278,""adm2_name"":""Siddharth Nagar""}]","[{""gid_2"":""IND.34.10_1"",""migration_date"":""2025-12-20"",""migration_method"":""jaccard2"",""name_2"":""Bahraich""},{""gid_2"":""IND.34.11_1"",""migration_date"":""2025-12-20"",""migration_method"":""jaccard2"",""name_2"":""Ballia""},{""gid_2"":""IND.34.12_1"",""migration_date"":""2025-12-20"",""migration_method"":""jaccard2"",""name_2"":""Balrampur""},{""gid_2"":""IND.34.14_1"",""migration_date"":""2025-12-20"",""migration_method"":""jaccard2"",""name_2"":""Barabanki""},{""gid_2"":""IND.34.16_1"",""migration_date"":""2025-12-20"",""migration_method"":""jaccard2"",""name_2"":""Basti""},{""gid_2"":""IND.34.17_1"",""migration_date"":""2025-12-20"",""migration_method"":""jaccard2"",""name_2"":""Bijnor""},{""gid_2"":""IND.34.18_1"",""migration_date"":""2025-12-20"",""migration_method"":""jaccard2"",""name_2"":""Budaun""},{""gid_2"":""IND.34.22_1"",""migration_date"":""2025-12-20"",""migration_method"":""jaccard2"",""name_2"":""Deoria""},{""gid_2"":""IND.34.25_1"",""migration_date"":""2025-12-20"",""migration_method"":""jaccard2"",""name_2"":""Faizabad""},{""gid_2"":""IND.34.26_1"",""migration_date"":""2025-12-20"",""migration_method"":""jaccard2"",""name_2"":""Farrukhabad""},{""gid_2"":""IND.34.31_1"",""migration_date"":""2025-12-20"",""migration_method"":""jaccard2"",""name_2"":""Ghazipur""},{""gid_2"":""IND.34.32_1"",""migration_date"":""2025-12-20"",""migration_method"":""jaccard2"",""name_2"":""Gonda""},{""gid_2"":""IND.34.33_1"",""migration_date"":""2025-12-20"",""migration_method"":""jaccard2"",""name_2"":""Gorakhpur""},{""gid_2"":""IND.34.46_1"",""migration_date"":""2025-12-20"",""migration_method"":""jaccard2"",""name_2"":""Kushinagar""},{""gid_2"":""IND.34.47_1"",""migration_date"":""2025-12-20"",""migration_method"":""jaccard2"",""name_2"":""Lakhimpur Kheri""},{""gid_2"":""IND.34.4_1"",""migration_date"":""2025-12-20"",""migration_method"":""jaccard2"",""name_2"":""Ambedkar Nagar""},{""gid_2"":""IND.34.50_1"",""migration_date"":""2025-12-20"",""migration_method"":""jaccard2"",""name_2"":""Maharajganj""},{""gid_2"":""IND.34.54_1"",""migration_date"":""2025-12-20"",""migration_method"":""jaccard2"",""name_2"":""Mau""},{""gid_2"":""IND.34.56_1"",""migration_date"":""2025-12-20"",""migration_method"":""jaccard2"",""name_2"":""Mirzapur""},{""gid_2"":""IND.34.58_1"",""migration_date"":""2025-12-20"",""migration_method"":""puzzle2_2"",""name_2"":""Muzaffarnagar""},{""gid_2"":""IND.34.59_1"",""migration_date"":""2025-12-20"",""migration_method"":""jaccard2"",""name_2"":""Pilibhit""},{""gid_2"":""IND.34.65_1"",""migration_date"":""2025-12-20"",""migration_method"":""jaccard2"",""name_2"":""Sant Kabir Nagar""},{""gid_2"":""IND.34.68_1"",""migration_date"":""2025-12-20"",""migration_method"":""puzzle2_2"",""name_2"":""Shamli""},{""gid_2"":""IND.34.69_1"",""migration_date"":""2025-12-20"",""migration_method"":""jaccard2"",""name_2"":""Shravasti""},{""gid_2"":""IND.34.70_1"",""migration_date"":""2025-12-20"",""migration_method"":""jaccard2"",""name_2"":""Siddharth Nagar""},{""gid_2"":""IND.34.71_1"",""migration_date"":""2025-12-20"",""migration_method"":""jaccard2"",""name_2"":""Sitapur""},{""gid_2"":""IND.34.8_1"",""migration_date"":""2025-12-20"",""migration_method"":""jaccard2"",""name_2"":""Azamgarh""}]",2017-12-11,2025-12-20,2017-08-16,2017-08-23
2017-0483-IND,No,Natural,Hydrological,Mass movement (wet),Landslide (wet),NULL,IND,India,Southern Asia,Asia,"Kotropi, Mandi district (Himachal Pradesh)",NULL,NULL,No,NULL,NULL,NULL,NULL,NULL,NULL,46.0,NULL,NULL,100.0,100.0,NULL,NULL,NULL,NULL,76.13760371,"[{""adm2_code"":17673,""adm2_name"":""Mandi""}]","[{""gid_2"":""IND.13.8_1"",""migration_date"":""2025-12-20"",""migration_method"":""jaccard2"",""name_2"":""Mandi""}]",2017-11-23,2025-12-20,2017-08-13,2017-08-13
2017-0290-IND,No,Natural,Hydrological,Flood,Flood (General),NULL,IND,India,Southern Asia,Asia,"Imphal West, Imphal East, Thoubal, Bishnupur (Manipur)",NULL,NULL,No,NULL,NULL,Km2,NULL,NULL,NULL,NULL,NULL,12831.0,NULL,12831.0,NULL,NULL,NULL,NULL,76.13760371,"[{""adm2_code"":70188,""adm2_name"":""Bishnupur""},{""adm2_code"":70191,""adm2_name"":""East Imphal""},{""adm2_code"":70194,""adm2_name"":""Thoubal""},{""adm2_code"":70196,""adm2_name"":""West Imphal""}]","[{""gid_2"":""IND.21.1_1"",""migration_date"":""2025-12-20"",""migration_method"":""jaccard2"",""name_2"":""Bishnupur""},{""gid_2"":""IND.21.4_1"",""migration_date"":""2025-12-20"",""migration_method"":""jaccard2"",""name_2"":""Imphal East""},{""gid_2"":""IND.21.5_1"",""migration_date"":""2025-12-20"",""migration_method"":""jaccard2"",""name_2"":""Imphal West""},{""gid_2"":""IND.21.8_1"",""migration_date"":""2025-12-20"",""migration_method"":""jaccard2"",""name_2"":""Thoubal""}]",2017-07-31,2025-12-20,2017-07-01,2017-07-01
2017-0266-IND,No,Natural,Hydrological,Mass movement (wet),Landslide (wet),NULL,IND,India,Southern Asia,Asia,"Laptap Village, Papumpare district (Arunachal Pradesh)",NULL,NULL,No,NULL,NULL,NULL,NULL,NULL,NULL,22.0,NULL,NULL,NULL,NULL,NULL,NULL,NULL,NULL,76.13760371,"[{""adm2_code"":70085,""adm2_name"":""Papum Pare""}]",NULL,2017-07-18,2023-09-25,2017-07-11,2017-07-11
2017-0180-IND,No,Natural,Hydrological,Flood,Flood (General),NULL,IND,India,Southern Asia,Asia,"Lakhimpur, Karimganj, Darrang districts (Assam), Nagaland, Manipur, Jharkhand",Long-term rainfall,NULL,No,NULL,NULL,Km2,NULL,NULL,NULL,6.0,NULL,100000.0,NULL,100000.0,NULL,NULL,NULL,NULL,76.13760371,"[{""adm1_code"":1487,""adm1_name"":""Assam""},{""adm1_code"":1500,""adm1_name"":""Manipur""},{""adm1_code"":1503,""adm1_name"":""Nagaland""},{""adm1_code"":70078,""adm1_name"":""Jharkhand""}]","[{""gid_1"":""IND.15_1"",""migration_date"":""2025-12-20"",""migration_method"":""jaccard1"",""name_1"":""Jharkhand""},{""gid_1"":""IND.21_1"",""migration_date"":""2025-12-20"",""migration_method"":""jaccard1"",""name_1"":""Manipur""},{""gid_1"":""IND.24_1"",""migration_date"":""2025-12-20"",""migration_method"":""jaccard1"",""name_1"":""Nagaland""},{""gid_1"":""IND.4_1"",""migration_date"":""2025-12-20"",""migration_method"":""jaccard1"",""name_1"":""Assam""}]",2017-06-19,2025-12-20,2017-06-04,2017-06-06
2017-0152-IND,No,Natural,Meteorological,Storm,Tropical cyclone,Cyclone Mora,IND,India,Southern Asia,Asia,"Manipur, Mizoram",NULL,"Flood|Slide (land, mud, snow, rock)",No,NULL,NULL,Kph,NULL,NULL,NULL,NULL,NULL,1970.0,NULL,1970.0,NULL,NULL,NULL,NULL,76.13760371,"[{""adm1_code"":1500,""adm1_name"":""Manipur""},{""adm1_code"":1502,""adm1_name"":""Mizoram""}]","[{""gid_1"":""IND.21_1"",""migration_date"":""2025-12-20"",""migration_method"":""jaccard1"",""name_1"":""Manipur""},{""gid_1"":""IND.23_1"",""migration_date"":""2025-12-20"",""migration_method"":""jaccard1"",""name_1"":""Mizoram""}]",2018-05-07,2025-12-20,2017-05-30,2017-05-31
2022-0590-IND,No,Natural,Hydrological,Flood,Flood (General),NULL,IND,India,Southern Asia,Asia,Uttar Pradesh,Monsoonal rains,NULL,No,NULL,NULL,Km2,NULL,NULL,NULL,NULL,NULL,NULL,NULL,NULL,NULL,NULL,NULL,NULL,90.90269746,"[{""adm1_code"":70081,""adm1_name"":""Uttar Pradesh""}]","[{""gid_1"":""IND.34_1"",""migration_date"":""2025-12-20"",""migration_method"":""jaccard1"",""name_1"":""Uttar Pradesh""}]",2022-09-20,2025-12-20,2022-09-18,2022-09-24
2016-0271-IND,No,Natural,Hydrological,Flood,Flood (General),NULL,IND,India,Southern Asia,Asia,"Biha, Uttar Pradeshr province (Varanasi, Allahabad, Ghazipur, Ballia, Banda, Jalaun, Ghaziabad, Patna, Bhagalpur, Vaishali, Buxar, Bhojpur, Sonepur, Saran, Begusarai, Samastipur, Lakhisarai, Khagaria, Munger, Nalanda, Katihar, Purnea, Katihar, Supual, Kisanganj, Madhepura, Gopalganj, Saharsa, Araria, East Champaran, Muzafferpur, Kishanganj, Purnea, Araria, Supaul, Bhagalpur, Darbhanga)",Monsoonal rains,NULL,No,NULL,NULL,Km2,NULL,NULL,NULL,254.0,NULL,1600000.0,NULL,1600000.0,NULL,NULL,350000.0,469486.0,74.54960299,"[{""adm1_code"":70073,""adm1_name"":""Bihar""},{""adm1_code"":70081,""adm1_name"":""Uttar Pradesh""}]","[{""gid_1"":""IND.34_1"",""migration_date"":""2025-12-20"",""migration_method"":""jaccard1"",""name_1"":""Uttar Pradesh""},{""gid_1"":""IND.5_1"",""migration_date"":""2025-12-20"",""migration_method"":""jaccard1"",""name_1"":""Bihar""}]",2016-08-04,2025-12-20,2016-07-15,2016-09-12
2016-0239-IND,No,Natural,Hydrological,Flood,Flash flood,NULL,IND,India,Southern Asia,Asia,"Chamoli, Pithoragahr districts (Uttarakhand province), Assam, Arunachal Pradesh provinces",Torrential rains,NULL,No,NULL,135742.3,Km2,27.068,93.95,Alaknanda and Mandakini rivers,61.0,NULL,NULL,NULL,NULL,NULL,NULL,100000.0,134139.0,74.54960299,"[{""adm1_code"":1487,""adm1_name"":""Assam""},{""adm1_code"":70072,""adm1_name"":""Arunachal Pradesh""},{""adm2_code"":17932,""adm2_name"":""Pithoragarh""},{""adm2_code"":70282,""adm2_name"":""Chamoli""}]","[{""gid_1"":""IND.3_1"",""migration_date"":""2025-12-20"",""migration_method"":""jaccard1"",""name_1"":""Arunachal Pradesh""},{""gid_1"":""IND.4_1"",""migration_date"":""2025-12-20"",""migration_method"":""jaccard1"",""name_1"":""Assam""},{""gid_2"":""IND.35.3_1"",""migration_date"":""2025-12-20"",""migration_method"":""jaccard2"",""name_2"":""Chamoli""},{""gid_2"":""IND.35.9_1"",""migration_date"":""2025-12-20"",""migration_method"":""jaccard2"",""name_2"":""Pithoragarh""}]",2016-07-13,2025-12-20,2016-06-25,2016-07-01
2016-0195-IND,No,Natural,Hydrological,Mass movement (wet),Landslide (wet),NULL,IND,India,Southern Asia,Asia,Uttarakhand province,Thunderstorms,NULL,No,NULL,NULL,NULL,NULL,NULL,NULL,10.0,5.0,NULL,NULL,5.0,NULL,NULL,NULL,NULL,74.54960299,"[{""adm1_code"":70082,""adm1_name"":""Uttarakhand""}]","[{""gid_1"":""IND.35_1"",""migration_date"":""2025-12-20"",""migration_method"":""jaccard1"",""name_1"":""Uttarakhand""}]",2016-06-24,2025-12-20,2016-05-22,2016-05-22
2023-0234-IND,No,Natural,Meteorological,Extreme temperature,Heat wave,NULL,IND,India,Southern Asia,Asia,Maharashtra state,NULL,NULL,No,NULL,38.0,°C,NULL,NULL,NULL,11.0,330.0,NULL,NULL,330.0,NULL,NULL,NULL,NULL,94.64462201,NULL,NULL,2023-04-19,2023-09-26,2023-04-01,2023-04-01
2015-0600-IND,No,Natural,Meteorological,Storm,Lightning/Thunderstorms,NULL,IND,India,Southern Asia,Asia,Andhra Pradesh province,NULL,NULL,No,NULL,NULL,Kph,NULL,NULL,NULL,23.0,NULL,NULL,NULL,NULL,NULL,NULL,NULL,NULL,73.62080294,"[{""adm1_code"":1485,""adm1_name"":""Andhra Pradesh""}]","[{""gid_1"":""IND.2_1"",""migration_date"":""2025-12-20"",""migration_method"":""puzzle1_1"",""name_1"":""Andhra Pradesh""},{""gid_1"":""IND.32_1"",""migration_date"":""2025-12-20"",""migration_method"":""puzzle1_1"",""name_1"":""Telangana""}]",2016-04-07,2025-12-20,2015-05-19,2015-05-19
2015-9618-IND,No,Natural,Climatological,Drought,Drought,NULL,IND,India,Southern Asia,Asia,"Tamil Nadu, Rajasthan, Jharkhand, Assam, Andhra Pradesh, Himachal Pradesh, Nagaland; Maharashtra, Bihar, Madhya Pradesh, Chhattisgarh, Telangana, Jharkand, Odisha states",Erratic rainfall,NULL,No,NULL,NULL,Km2,NULL,NULL,NULL,NULL,NULL,330000000.0,NULL,330000000.0,400000.0,543325.0,3000000.0,4074935.0,73.62080294,"[{""adm1_code"":1485,""adm1_name"":""Andhra Pradesh""},{""adm1_code"":1487,""adm1_name"":""Assam""},{""adm1_code"":1493,""adm1_name"":""Himachal Pradesh""},{""adm1_code"":1498,""adm1_name"":""Maharashtra""},{""adm1_code"":1503,""adm1_name"":""Nagaland""},{""adm1_code"":1504,""adm1_name"":""Orissa""},{""adm1_code"":1506,""adm1_name"":""Rajasthan""},{""adm1_code"":1508,""adm1_name"":""Tamil Nadu""},{""adm1_code"":70073,""adm1_name"":""Bihar""},{""adm1_code"":70075,""adm1_name"":""Chhattisgarh""},{""adm1_code"":70078,""adm1_name"":""Jharkhand""},{""adm1_code"":70079,""adm1_name"":""Madhya Pradesh""}]","[{""gid_1"":""IND.13_1"",""migration_date"":""2025-12-20"",""migration_method"":""jaccard1"",""name_1"":""Himachal Pradesh""},{""gid_1"":""IND.15_1"",""migration_date"":""2025-12-20"",""migration_method"":""jaccard1"",""name_1"":""Jharkhand""},{""gid_1"":""IND.19_1"",""migration_date"":""2025-12-20"",""migration_method"":""jaccard1"",""name_1"":""Madhya Pradesh""},{""gid_1"":""IND.20_1"",""migration_date"":""2025-12-20"",""migration_method"":""jaccard1"",""name_1"":""Maharashtra""},{""gid_1"":""IND.24_1"",""migration_date"":""2025-12-20"",""migration_method"":""jaccard1"",""name_1"":""Nagaland""},{""gid_1"":""IND.26_1"",""migration_date"":""2025-12-20"",""migration_method"":""jaccard1"",""name_1"":""Odisha""},{""gid_1"":""IND.29_1"",""migration_date"":""2025-12-20"",""migration_method"":""jaccard1"",""name_1"":""Rajasthan""},{""gid_1"":""IND.2_1"",""migration_date"":""2025-12-20"",""migration_method"":""puzzle1_1"",""name_1"":""Andhra Pradesh""},{""gid_1"":""IND.31_1"",""migration_date"":""2025-12-20"",""migration_method"":""jaccard1"",""name_1"":""Tamil Nadu""},{""gid_1"":""IND.32_1"",""migration_date"":""2025-12-20"",""migration_method"":""puzzle1_1"",""name_1"":""Telangana""},{""gid_1"":""IND.4_1"",""migration_date"":""2025-12-20"",""migration_method"":""jaccard1"",""name_1"":""Assam""},{""gid_1"":""IND.5_1"",""migration_date"":""2025-12-20"",""migration_method"":""jaccard1"",""name_1"":""Bihar""},{""gid_1"":""IND.7_1"",""migration_date"":""2025-12-20"",""migration_method"":""jaccard1"",""name_1"":""Chhattisgarh""}]",2016-04-11,2025-12-20,2015-01-01,2016-12-01
2023-0428-IND,No,Natural,Hydrological,Flood,Flood (General),NULL,IND,India,Southern Asia,Asia,"Himachal Pradesh, Uttarakhand, Delhi, Bihar, Madyah Pradesh, Maharashtra, Chhattisgarh, Gujarat, Punjab, Karnataka, Assam",Monsoon rains,NULL,No,NULL,NULL,Km2,NULL,NULL,NULL,1529.0,NULL,10250000.0,NULL,10250000.0,NULL,NULL,NULL,NULL,94.64462201,NULL,NULL,2023-07-14,2024-03-25,2023-06-25,2023-09-07
2015-0476-IND,No,Natural,Geophysical,Earthquake,Ground movement,NULL,IND,India,Southern Asia,Asia,"Administrative unit not available districts (Jammu and Kashmir province), Delhi, Punjab provinces",NULL,NULL,No,NULL,7.5,Moment Magnitude,36.5244,70.3676,NULL,NULL,10.0,NULL,NULL,10.0,NULL,NULL,NULL,NULL,73.62080294,"[{""adm1_code"":1489,""adm1_name"":""Delhi""},{""adm1_code"":1505,""adm1_name"":""Punjab""},{""adm2_code"":72802,""adm2_name"":""Administrative unit not available""},{""adm2_code"":72789,""adm2_name"":""Administrative unit not available""},{""adm2_code"":72810,""adm2_name"":""Administrative unit not available""},{""adm2_code"":72851,""adm2_name"":""Administrative unit not available""}]","[{""gid_1"":""IND.25_1"",""migration_date"":""2025-12-20"",""migration_method"":""jaccard1"",""name_1"":""NCT of Delhi""},{""gid_1"":""IND.28_1"",""migration_date"":""2025-12-20"",""migration_method"":""jaccard1"",""name_1"":""Punjab""},{""gid_1"":""Z01.14_1"",""migration_date"":""2025-12-20"",""migration_method"":""within2_1"",""name_1"":""Jammu and Kashmir""},{""gid_1"":""Z01.14_1"",""migration_date"":""2025-12-20"",""migration_method"":""within2_1"",""name_1"":""Jammu and Kashmir""}]",2015-10-28,2025-12-20,2015-10-26,2015-10-26
2023-0486-IND,No,Natural,Hydrological,Flood,Flood (General),NULL,IND,India,Southern Asia,Asia,Mulugu District (western Telangana),Monsoonal rains,NULL,No,NULL,NULL,Km2,NULL,NULL,NULL,23.0,NULL,NULL,NULL,NULL,NULL,NULL,NULL,NULL,94.64462201,NULL,NULL,2023-07-31,2023-09-26,2023-07-27,2023-07-31
2015-0450-IND,No,Natural,Meteorological,Storm,Lightning/Thunderstorms,NULL,IND,India,Southern Asia,Asia,"Deogarh, Nabarangpur, Malkangiri districts (Orissa province), Andhra Pradesh province",NULL,NULL,No,NULL,NULL,Kph,NULL,NULL,NULL,32.0,NULL,NULL,NULL,NULL,NULL,NULL,NULL,NULL,73.62080294,"[{""adm1_code"":1485,""adm1_name"":""Andhra Pradesh""},{""adm2_code"":70212,""adm2_name"":""Deogarh""},{""adm2_code"":70220,""adm2_name"":""Malkangiri""},{""adm2_code"":70221,""adm2_name"":""Nabarangpur""}]","[{""gid_1"":""IND.2_1"",""migration_date"":""2025-12-20"",""migration_method"":""puzzle1_1"",""name_1"":""Andhra Pradesh""},{""gid_1"":""IND.32_1"",""migration_date"":""2025-12-20"",""migration_method"":""puzzle1_1"",""name_1"":""Telangana""},{""gid_2"":""IND.26.21_1"",""migration_date"":""2025-12-20"",""migration_method"":""jaccard2"",""name_2"":""Malkangiri""},{""gid_2"":""IND.26.23_1"",""migration_date"":""2025-12-20"",""migration_method"":""jaccard2"",""name_2"":""Nabarangapur""},{""gid_2"":""IND.26.8_1"",""migration_date"":""2025-12-20"",""migration_method"":""jaccard2"",""name_2"":""Debagarh""}]",2015-10-12,2025-12-20,2015-09-06,2015-09-06
2023-0547-IND,No,Natural,Hydrological,Mass movement (wet),Landslide (wet),NULL,IND,India,Southern Asia,Asia,Himachal Pradesh and Uttarakhand states,NULL,NULL,No,NULL,NULL,NULL,NULL,NULL,NULL,10.0,NULL,605.0,NULL,605.0,NULL,NULL,NULL,NULL,94.64462201,NULL,NULL,2023-08-28,2024-03-25,2023-08-23,2023-08-24
2023-0548-IND,No,Natural,Hydrological,Mass movement (wet),Landslide (wet),NULL,IND,India,Southern Asia,Asia,Mizoram State,NULL,Collapse,No,NULL,NULL,NULL,NULL,NULL,NULL,26.0,2.0,NULL,NULL,2.0,NULL,NULL,NULL,NULL,94.64462201,"[{""adm1_code"":1502,""adm1_name"":""Mizoram""}]","[{""gid_1"":""IND.23_1"",""migration_date"":""2025-12-20"",""migration_method"":""jaccard1"",""name_1"":""Mizoram""}]",2023-08-28,2025-12-20,2023-08-23,2023-08-23
2015-0413-IND,No,Natural,Hydrological,Flood,Flood (General),NULL,IND,India,Southern Asia,Asia,"Sonitpur, Lakhimpur, Kokrajhar, Dhemaji districts (Assam province), Arunachal Pradesh province",NULL,"Slide (land, mud, snow, rock)",No,NULL,NULL,Km2,NULL,NULL,NULL,NULL,NULL,85250.0,NULL,85250.0,NULL,NULL,NULL,NULL,73.62080294,"[{""adm1_code"":70036,""adm1_name"":""Administrative unit not available""},{""adm1_code"":70037,""adm1_name"":""Administrative unit not available""},{""adm1_code"":70072,""adm1_name"":""Arunachal Pradesh""},{""adm2_code"":17593,""adm2_name"":""Sonitpur""},{""adm2_code"":70087,""adm2_name"":""Dhemaji""},{""adm2_code"":70090,""adm2_name"":""Kokrajhar""},{""adm2_code"":70091,""adm2_name"":""Lakhimpur""}]","[{""gid_1"":""IND.3_1"",""migration_date"":""2025-12-20"",""migration_method"":""jaccard1"",""name_1"":""Arunachal Pradesh""},{""gid_1"":""Z07.3_1"",""migration_date"":""2025-12-20"",""migration_method"":""jaccard1"",""name_1"":""Arunachal Pradesh""},{""gid_2"":""IND.4.19_1"",""migration_date"":""2025-12-20"",""migration_method"":""jaccard2"",""name_2"":""Kokrajhar""},{""gid_2"":""IND.4.20_1"",""migration_date"":""2025-12-20"",""migration_method"":""jaccard2"",""name_2"":""Lakhimpur""},{""gid_2"":""IND.4.25_1"",""migration_date"":""2025-12-20"",""migration_method"":""jaccard2"",""name_2"":""Sonitpur""},{""gid_2"":""IND.4.7_1"",""migration_date"":""2025-12-20"",""migration_method"":""jaccard2"",""name_2"":""Dhemaji""}]",2015-09-10,2025-12-20,2015-07-14,2015-07-16
2015-0406-IND,No,Natural,Hydrological,Flood,Flood (General),NULL,IND,India,Southern Asia,Asia,"Dhemaji, Kokrajhar, Bongaigaon, Sonitpur, Barpeta, Goalpara, Marigaon, Cachar, Lakhimpur, Jorhat, Tinsukia, Darrang, Nalbari, Kamrup, Dibrugarh, Sibsagar districts (Assam province)",Hearvy rain,NULL,No,NULL,NULL,Km2,NULL,NULL,NULL,18.0,NULL,736000.0,51000.0,787000.0,NULL,NULL,NULL,NULL,73.62080294,"[{""adm2_code"":17576,""adm2_name"":""Barpeta""},{""adm2_code"":17577,""adm2_name"":""Cachar""},{""adm2_code"":17578,""adm2_name"":""Darrang""},{""adm2_code"":17580,""adm2_name"":""Dibrugarh""},{""adm2_code"":17581,""adm2_name"":""Goalpara""},{""adm2_code"":17583,""adm2_name"":""Kamrup""},{""adm2_code"":17590,""adm2_name"":""Nalbari""},{""adm2_code"":17592,""adm2_name"":""Sibsagar""},{""adm2_code"":17593,""adm2_name"":""Sonitpur""},{""adm2_code"":70086,""adm2_name"":""Bongaigaon""},{""adm2_code"":70087,""adm2_name"":""Dhemaji""},{""adm2_code"":70089,""adm2_name"":""Jorhat""},{""adm2_code"":70090,""adm2_name"":""Kokrajhar""},{""adm2_code"":70091,""adm2_name"":""Lakhimpur""},{""adm2_code"":70092,""adm2_name"":""Marigaon""},{""adm2_code"":70093,""adm2_name"":""Tinsukia""}]","[{""gid_1"":""IND.4_1"",""migration_date"":""2025-12-20"",""migration_method"":""parent2_1"",""name_1"":""Assam""}]",2015-09-04,2025-12-20,2015-08-28,2015-08-30
2015-0333-IND,No,Natural,Hydrological,Flood,Riverine flood,NULL,IND,India,Southern Asia,Asia,"Rajasthan, Uttar Pradesh, Jammu and Kashmir, Arunachal Pradesh, Uttarakhand, Punjab, Haryana, Himachal Pradesh provinces",Torrential monsoonal rains,"Slide (land, mud, snow, rock)",No,NULL,NULL,Km2,NULL,NULL,NULL,25.0,NULL,NULL,NULL,NULL,NULL,NULL,NULL,NULL,73.62080294,"[{""adm1_code"":1492,""adm1_name"":""Haryana""},{""adm1_code"":1493,""adm1_name"":""Himachal Pradesh""},{""adm1_code"":1505,""adm1_name"":""Punjab""},{""adm1_code"":1506,""adm1_name"":""Rajasthan""},{""adm1_code"":40408,""adm1_name"":""Administrative unit not available""},{""adm1_code"":40409,""adm1_name"":""Administrative unit not available""},{""adm1_code"":40422,""adm1_name"":""Administrative unit not available""},{""adm1_code"":40423,""adm1_name"":""Administrative unit not available""},{""adm1_code"":40424,""adm1_name"":""Administrative unit not available""},{""adm1_code"":40425,""adm1_name"":""Administrative unit not available""},{""adm1_code"":40426,""adm1_name"":""Administrative unit not available""},{""adm1_code"":40427,""adm1_name"":""Administrative unit not available""},{""adm1_code"":40428,""adm1_name"":""Administrative unit not available""},{""adm1_code"":40429,""adm1_name"":""Administrative unit not available""},{""adm1_code"":40430,""adm1_name"":""Administrative unit not available""},{""adm1_code"":40431,""adm1_name"":""Administrative unit not available""},{""adm1_code"":70036,""adm1_name"":""Administrative unit not available""},{""adm1_code"":70037,""adm1_name"":""Administrative unit not available""},{""adm1_code"":70072,""adm1_name"":""Arunachal Pradesh""},{""adm1_code"":70081,""adm1_name"":""Uttar Pradesh""},{""adm1_code"":70082,""adm1_name"":""Uttarakhand""}]","[{""gid_1"":""IND.12_1"",""migration_date"":""2025-12-20"",""migration_method"":""jaccard1"",""name_1"":""Haryana""},{""gid_1"":""IND.13_1"",""migration_date"":""2025-12-20"",""migration_method"":""jaccard1"",""name_1"":""Himachal Pradesh""},{""gid_1"":""IND.28_1"",""migration_date"":""2025-12-20"",""migration_method"":""jaccard1"",""name_1"":""Punjab""},{""gid_1"":""IND.29_1"",""migration_date"":""2025-12-20"",""migration_method"":""jaccard1"",""name_1"":""Rajasthan""},{""gid_1"":""IND.34_1"",""migration_date"":""2025-12-20"",""migration_method"":""jaccard1"",""name_1"":""Uttar Pradesh""},{""gid_1"":""IND.35_1"",""migration_date"":""2025-12-20"",""migration_method"":""jaccard1"",""name_1"":""Uttarakhand""},{""gid_1"":""IND.3_1"",""migration_date"":""2025-12-20"",""migration_method"":""jaccard1"",""name_1"":""Arunachal Pradesh""},{""gid_1"":""Z06.1_1"",""migration_date"":""2025-12-20"",""migration_method"":""jaccard1"",""name_1"":""Azad Kashmir""},{""gid_1"":""Z06.6_1"",""migration_date"":""2025-12-20"",""migration_method"":""jaccard1"",""name_1"":""Gilgit-Baltistan""},{""gid_1"":""Z07.3_1"",""migration_date"":""2025-12-20"",""migration_method"":""jaccard1"",""name_1"":""Arunachal Pradesh""},{""gid_2"":""Z01.14.10_1"",""migration_date"":""2025-12-20"",""migration_method"":""puzzle1_2"",""name_2"":""Kishtwar""},{""gid_2"":""Z01.14.12_1"",""migration_date"":""2025-12-20"",""migration_method"":""puzzle1_2"",""name_2"":""Kupwara""},{""gid_2"":""Z01.14.13_1"",""migration_date"":""2025-12-20"",""migration_method"":""puzzle1_2"",""name_2"":""Leh (Ladakh)""},{""gid_2"":""Z01.14.14_1"",""migration_date"":""2025-12-20"",""migration_method"":""puzzle1_2"",""name_2"":""Poonch""},{""gid_2"":""Z01.14.16_1"",""migration_date"":""2025-12-20"",""migration_method"":""puzzle1_2"",""name_2"":""Rajouri""},{""gid_2"":""Z01.14.17_1"",""migration_date"":""2025-12-20"",""migration_method"":""puzzle1_2"",""name_2"":""Ramban""},{""gid_2"":""Z01.14.18_1"",""migration_date"":""2025-12-20"",""migration_method"":""puzzle1_2"",""name_2"":""Reasi""},{""gid_2"":""Z01.14.19_1"",""migration_date"":""2025-12-20"",""migration_method"":""puzzle1_2"",""name_2"":""Samba""},{""gid_2"":""Z01.14.21_1"",""migration_date"":""2025-12-20"",""migration_method"":""puzzle1_2"",""name_2"":""Srinagar""},{""gid_2"":""Z01.14.22_1"",""migration_date"":""2025-12-20"",""migration_method"":""puzzle1_2"",""name_2"":""Udhampur""},{""gid_2"":""Z01.14.2_1"",""migration_date"":""2025-12-20"",""migration_method"":""puzzle1_2"",""name_2"":""Badgam""},{""gid_2"":""Z01.14.3_1"",""migration_date"":""2025-12-20"",""migration_method"":""puzzle1_2"",""name_2"":""Bandipore""},{""gid_2"":""Z01.14.4_1"",""migration_date"":""2025-12-20"",""migration_method"":""puzzle1_2"",""name_2"":""Baramulla""},{""gid_2"":""Z01.14.5_1"",""migration_date"":""2025-12-20"",""migration_method"":""puzzle1_2"",""name_2"":""Doda""},{""gid_2"":""Z01.14.6_1"",""migration_date"":""2025-12-20"",""migration_method"":""puzzle1_2"",""name_2"":""Ganderbal""},{""gid_2"":""Z01.14.7_1"",""migration_date"":""2025-12-20"",""migration_method"":""puzzle1_2"",""name_2"":""Jammu""},{""gid_2"":""Z01.14.8_1"",""migration_date"":""2025-12-20"",""migration_method"":""puzzle1_2"",""name_2"":""Kargil""},{""gid_2"":""Z01.14.9_1"",""migration_date"":""2025-12-20"",""migration_method"":""puzzle1_2"",""name_2"":""Kathua""}]",2015-08-07,2025-12-20,2015-07-07,2015-07-13
2015-0317-IND,No,Natural,Hydrological,Flood,Riverine flood,NULL,IND,India,Southern Asia,Asia,"Kachchh, Patan, Banas Kantha districts (Gujarat province), Malda, Jalpaiguri districts (West Bengal province), Jorhat, Dhemaji, Lakhimpur, Dhuburi, Darrang, Goalpara, Karbi Anglong, Marigaon districts (Assam province), Manipur, Orissa, Rajasthan, Madhya Pradesh provinces","Monsoon rains, exacerbated by tail end of Cyclone Komen","Slide (land, mud, snow, rock)",No,NULL,629961.6,Km2,26.2074,82.62,NULL,293.0,NULL,13709887.0,NULL,13709887.0,NULL,NULL,NULL,NULL,73.62080294,"[{""adm1_code"":1500,""adm1_name"":""Manipur""},{""adm1_code"":1504,""adm1_name"":""Orissa""},{""adm1_code"":1506,""adm1_name"":""Rajasthan""},{""adm1_code"":70079,""adm1_name"":""Madhya Pradesh""},{""adm2_code"":17578,""adm2_name"":""Darrang""},{""adm2_code"":17579,""adm2_name"":""Dhuburi""},{""adm2_code"":17581,""adm2_name"":""Goalpara""},{""adm2_code"":17584,""adm2_name"":""Karbi Anglong""},{""adm2_code"":70087,""adm2_name"":""Dhemaji""},{""adm2_code"":70089,""adm2_name"":""Jorhat""},{""adm2_code"":70091,""adm2_name"":""Lakhimpur""},{""adm2_code"":70092,""adm2_name"":""Marigaon""},{""adm2_code"":17637,""adm2_name"":""Banas Kantha""},{""adm2_code"":17643,""adm2_name"":""Kachchh""},{""adm2_code"":70129,""adm2_name"":""Patan""},{""adm2_code"":17951,""adm2_name"":""Jalpaiguri""},{""adm2_code"":17953,""adm2_name"":""Maldah""}]","[{""gid_1"":""IND.19_1"",""migration_date"":""2025-12-20"",""migration_method"":""jaccard1"",""name_1"":""Madhya Pradesh""},{""gid_1"":""IND.21_1"",""migration_date"":""2025-12-20"",""migration_method"":""jaccard1"",""name_1"":""Manipur""},{""gid_1"":""IND.26_1"",""migration_date"":""2025-12-20"",""migration_method"":""jaccard1"",""name_1"":""Odisha""},{""gid_1"":""IND.29_1"",""migration_date"":""2025-12-20"",""migration_method"":""jaccard1"",""name_1"":""Rajasthan""},{""gid_2"":""IND.11.16_1"",""migration_date"":""2025-12-20"",""migration_method"":""bufhaus2"",""name_2"":""Kachchh""},{""gid_2"":""IND.11.24_1"",""migration_date"":""2025-12-20"",""migration_method"":""jaccard2"",""name_2"":""Patan""},{""gid_2"":""IND.11.5_1"",""migration_date"":""2025-12-20"",""migration_method"":""jaccard2"",""name_2"":""Banas Kantha""},{""gid_2"":""IND.36.12_1"",""migration_date"":""2025-12-20"",""migration_method"":""jaccard2"",""name_2"":""Maldah""},{""gid_2"":""IND.36.1_1"",""migration_date"":""2025-12-20"",""migration_method"":""puzzle2_2"",""name_2"":""Alipurduar""},{""gid_2"":""IND.36.9_1"",""migration_date"":""2025-12-20"",""migration_method"":""puzzle2_2"",""name_2"":""Jalpaiguri""},{""gid_2"":""IND.4.11_1"",""migration_date"":""2025-12-20"",""migration_method"":""jaccard2"",""name_2"":""Goalpara""},{""gid_2"":""IND.4.14_1"",""migration_date"":""2025-12-20"",""migration_method"":""jaccard2"",""name_2"":""Jorhat""},{""gid_2"":""IND.4.17_1"",""migration_date"":""2025-12-20"",""migration_method"":""jaccard2"",""name_2"":""Karbi Anglong""},{""gid_2"":""IND.4.20_1"",""migration_date"":""2025-12-20"",""migration_method"":""jaccard2"",""name_2"":""Lakhimpur""},{""gid_2"":""IND.4.21_1"",""migration_date"":""2025-12-20"",""migration_method"":""jaccard2"",""name_2"":""Morigaon""},{""gid_2"":""IND.4.27_1"",""migration_date"":""2025-12-20"",""migration_method"":""puzzle2_2"",""name_2"":""Udalguri""},{""gid_2"":""IND.4.6_1"",""migration_date"":""2025-12-20"",""migration_method"":""puzzle2_2"",""name_2"":""Darrang""},{""gid_2"":""IND.4.7_1"",""migration_date"":""2025-12-20"",""migration_method"":""jaccard2"",""name_2"":""Dhemaji""},{""gid_2"":""IND.4.8_1"",""migration_date"":""2025-12-20"",""migration_method"":""jaccard2"",""name_2"":""Dhubri""}]",2015-08-04,2025-12-20,2015-07-15,2015-08-19
2023-0812-IND,No,Natural,Meteorological,Storm,Severe weather,NULL,IND,India,Southern Asia,Asia,Gujarat state,NULL,Flood|Hail|Lightening,No,NULL,NULL,Kph,NULL,NULL,NULL,24.0,25.0,NULL,NULL,25.0,NULL,NULL,NULL,NULL,94.64462201,NULL,NULL,2023-11-28,2023-12-01,2023-11-26,2023-11-27
2015-0249-IND,No,Natural,Hydrological,Flood,Riverine flood,NULL,IND,India,Southern Asia,Asia,"Amreli, Rajkot, Surat districts (Gujarat province), Maharashtra province",Monsoon rains,NULL,No,NULL,43781.56,Km2,21.8734,70.76,NULL,81.0,NULL,9000.0,NULL,9000.0,NULL,NULL,604000.0,820420.0,73.62080294,"[{""adm1_code"":1498,""adm1_name"":""Maharashtra""},{""adm2_code"":17636,""adm2_name"":""Amreli""},{""adm2_code"":17647,""adm2_name"":""Rajkot""},{""adm2_code"":17649,""adm2_name"":""Surat""}]","[{""gid_1"":""IND.20_1"",""migration_date"":""2025-12-20"",""migration_method"":""jaccard1"",""name_1"":""Maharashtra""},{""gid_2"":""IND.11.20_1"",""migration_date"":""2025-12-20"",""migration_method"":""puzzle2_2"",""name_2"":""Morbi""},{""gid_2"":""IND.11.26_1"",""migration_date"":""2025-12-20"",""migration_method"":""puzzle2_2"",""name_2"":""Rajkot""},{""gid_2"":""IND.11.28_1"",""migration_date"":""2025-12-20"",""migration_method"":""puzzle2_2"",""name_2"":""Surat""},{""gid_2"":""IND.11.2_1"",""migration_date"":""2025-12-20"",""migration_method"":""jaccard2"",""name_2"":""Amreli""},{""gid_2"":""IND.11.30_1"",""migration_date"":""2025-12-20"",""migration_method"":""puzzle2_2"",""name_2"":""Tapi""}]",2015-07-15,2025-12-20,2015-06-19,2015-06-20
2015-0189-IND,No,Natural,Meteorological,Extreme temperature,Heat wave,NULL,IND,India,Southern Asia,Asia,"Delhi, Andhra Pradesh, Orissa provinces",NULL,NULL,No,NULL,48.0,°C,NULL,NULL,NULL,2248.0,NULL,NULL,NULL,NULL,NULL,NULL,NULL,NULL,73.62080294,"[{""adm1_code"":1485,""adm1_name"":""Andhra Pradesh""},{""adm1_code"":1489,""adm1_name"":""Delhi""},{""adm1_code"":1504,""adm1_name"":""Orissa""}]","[{""gid_1"":""IND.25_1"",""migration_date"":""2025-12-20"",""migration_method"":""jaccard1"",""name_1"":""NCT of Delhi""},{""gid_1"":""IND.26_1"",""migration_date"":""2025-12-20"",""migration_method"":""jaccard1"",""name_1"":""Odisha""},{""gid_1"":""IND.2_1"",""migration_date"":""2025-12-20"",""migration_method"":""puzzle1_1"",""name_1"":""Andhra Pradesh""},{""gid_1"":""IND.32_1"",""migration_date"":""2025-12-20"",""migration_method"":""puzzle1_1"",""name_1"":""Telangana""}]",2015-06-01,2025-12-20,2015-05-20,2015-05-31
2015-0164-IND,No,Natural,Meteorological,Storm,Severe weather,NULL,IND,India,Southern Asia,Asia,"Purnia, Madhepura, Madhubani, Supaul, Sitamarhi districts (Bihar province)",NULL,Hail,No,NULL,150.0,Kph,NULL,NULL,NULL,100.0,100.0,125000.0,NULL,125100.0,NULL,NULL,160000.0,217330.0,73.62080294,"[{""adm2_code"":17611,""adm2_name"":""Madhubani""},{""adm2_code"":17612,""adm2_name"":""Madhepura""},{""adm2_code"":17621,""adm2_name"":""Purnia""},{""adm2_code"":17630,""adm2_name"":""Sitamarhi""},{""adm2_code"":70104,""adm2_name"":""Supaul""}]","[{""gid_2"":""IND.5.19_1"",""migration_date"":""2025-12-20"",""migration_method"":""jaccard2"",""name_2"":""Madhepura""},{""gid_2"":""IND.5.20_1"",""migration_date"":""2025-12-20"",""migration_method"":""jaccard2"",""name_2"":""Madhubani""},{""gid_2"":""IND.5.28_1"",""migration_date"":""2025-12-20"",""migration_method"":""jaccard2"",""name_2"":""Purnia""},{""gid_2"":""IND.5.35_1"",""migration_date"":""2025-12-20"",""migration_method"":""jaccard2"",""name_2"":""Sitamarhi""},{""gid_2"":""IND.5.37_1"",""migration_date"":""2025-12-20"",""migration_method"":""jaccard2"",""name_2"":""Supaul""}]",2015-05-20,2025-12-20,2015-04-21,2015-04-21
2024-0399-IND,No,Natural,Hydrological,Flood,Flash flood,NULL,IND,India,Southern Asia,Asia,Assam and Meghalaya states,Monsoon rains,NULL,No,NULL,NULL,Km2,NULL,NULL,NULL,48.0,NULL,2100000.0,NULL,2100000.0,NULL,NULL,NULL,NULL,97.43617562,NULL,NULL,2024-06-21,2024-10-22,2024-05-01,2024-07-08
2014-0408-IND,No,Natural,Hydrological,Flood,Riverine flood,NULL,IND,India,Southern Asia,Asia,"Shravasti, Balrampur, Sitapur, Lakhimpur Kheri, Gonda, Bara Banki, Faizabad, Azamgarh districts (Uttar Pradesh province), Uttarakhand, Bihar, Assam provinces","Heavy rains, overflowing rivers after dam opening in Nepal","Slide (land, mud, snow, rock)|Transport accident",No,NULL,NULL,Km2,NULL,NULL,"Ghagra, Rapti, Saryu rivers",94.0,NULL,500000.0,NULL,500000.0,NULL,NULL,NULL,NULL,73.53357701,"[{""adm1_code"":1487,""adm1_name"":""Assam""},{""adm1_code"":70073,""adm1_name"":""Bihar""},{""adm1_code"":70082,""adm1_name"":""Uttarakhand""},{""adm2_code"":17892,""adm2_name"":""Azamgarh""},{""adm2_code"":17896,""adm2_name"":""Bara Banki""},{""adm2_code"":17907,""adm2_name"":""Faizabad""},{""adm2_code"":17913,""adm2_name"":""Gonda""},{""adm2_code"":17921,""adm2_name"":""Lakhimpur Kheri""},{""adm2_code"":17938,""adm2_name"":""Sitapur""},{""adm2_code"":70261,""adm2_name"":""Balrampur""},{""adm2_code"":70277,""adm2_name"":""Shravasti""}]","[{""gid_1"":""IND.35_1"",""migration_date"":""2025-12-20"",""migration_method"":""jaccard1"",""name_1"":""Uttarakhand""},{""gid_1"":""IND.4_1"",""migration_date"":""2025-12-20"",""migration_method"":""jaccard1"",""name_1"":""Assam""},{""gid_1"":""IND.5_1"",""migration_date"":""2025-12-20"",""migration_method"":""jaccard1"",""name_1"":""Bihar""},{""gid_2"":""IND.34.12_1"",""migration_date"":""2025-12-20"",""migration_method"":""jaccard2"",""name_2"":""Balrampur""},{""gid_2"":""IND.34.14_1"",""migration_date"":""2025-12-20"",""migration_method"":""jaccard2"",""name_2"":""Barabanki""},{""gid_2"":""IND.34.25_1"",""migration_date"":""2025-12-20"",""migration_method"":""jaccard2"",""name_2"":""Faizabad""},{""gid_2"":""IND.34.32_1"",""migration_date"":""2025-12-20"",""migration_method"":""jaccard2"",""name_2"":""Gonda""},{""gid_2"":""IND.34.47_1"",""migration_date"":""2025-12-20"",""migration_method"":""jaccard2"",""name_2"":""Lakhimpur Kheri""},{""gid_2"":""IND.34.69_1"",""migration_date"":""2025-12-20"",""migration_method"":""jaccard2"",""name_2"":""Shravasti""},{""gid_2"":""IND.34.71_1"",""migration_date"":""2025-12-20"",""migration_method"":""jaccard2"",""name_2"":""Sitapur""},{""gid_2"":""IND.34.8_1"",""migration_date"":""2025-12-20"",""migration_method"":""jaccard2"",""name_2"":""Azamgarh""}]",2014-10-15,2025-12-20,2014-08-16,2014-09-01
2014-0391-IND,No,Natural,Hydrological,Flood,Riverine flood,NULL,IND,India,Southern Asia,Asia,"Tura village (West Garo Hills district, Meghalaya province), Goalpara, Kamrup districts (Assam province)",Torrential monsoonal rains; Typhoon Kalmaegi,"Slide (land, mud, snow, rock)",No,NULL,61894.97,Km2,NULL,NULL,NULL,95.0,NULL,NULL,650000.0,650000.0,NULL,NULL,163000.0,221667.0,73.53357701,"[{""adm2_code"":17581,""adm2_name"":""Goalpara""},{""adm2_code"":17583,""adm2_name"":""Kamrup""},{""adm2_code"":17796,""adm2_name"":""West Garo Hills""}]","[{""gid_2"":""IND.22.7_1"",""migration_date"":""2025-12-20"",""migration_method"":""puzzle2_2"",""name_2"":""South West Garo Hills""},{""gid_2"":""IND.22.9_1"",""migration_date"":""2025-12-20"",""migration_method"":""puzzle2_2"",""name_2"":""West Garo Hills""},{""gid_2"":""IND.4.11_1"",""migration_date"":""2025-12-20"",""migration_method"":""jaccard2"",""name_2"":""Goalpara""},{""gid_2"":""IND.4.15_1"",""migration_date"":""2025-12-20"",""migration_method"":""puzzle2_2"",""name_2"":""Kamrup Metropolitan""},{""gid_2"":""IND.4.16_1"",""migration_date"":""2025-12-20"",""migration_method"":""puzzle2_2"",""name_2"":""Kamrup""}]",2014-10-10,2025-12-20,2014-09-24,2014-10-11
2014-0343-IND,No,Natural,Hydrological,Flood,Riverine flood,NULL,IND,India,Southern Asia,Asia,Jammu and Kashmir provinces,Monsoonal rain,"Slide (land, mud, snow, rock)",Yes,NULL,NULL,Km2,NULL,NULL,NULL,298.0,NULL,275000.0,NULL,275000.0,150000.0,203988.0,16000000.0,21758767.0,73.53357701,"[{""adm1_code"":40422,""adm1_name"":""Administrative unit not available""},{""adm1_code"":40423,""adm1_name"":""Administrative unit not available""},{""adm1_code"":40424,""adm1_name"":""Administrative unit not available""},{""adm1_code"":40425,""adm1_name"":""Administrative unit not available""},{""adm1_code"":40426,""adm1_name"":""Administrative unit not available""},{""adm1_code"":40427,""adm1_name"":""Administrative unit not available""},{""adm1_code"":40428,""adm1_name"":""Administrative unit not available""},{""adm1_code"":40429,""adm1_name"":""Administrative unit not available""},{""adm1_code"":40430,""adm1_name"":""Administrative unit not available""},{""adm1_code"":40431,""adm1_name"":""Administrative unit not available""}]","[{""gid_2"":""Z01.14.10_1"",""migration_date"":""2025-12-20"",""migration_method"":""puzzle1_2"",""name_2"":""Kishtwar""},{""gid_2"":""Z01.14.12_1"",""migration_date"":""2025-12-20"",""migration_method"":""puzzle1_2"",""name_2"":""Kupwara""},{""gid_2"":""Z01.14.13_1"",""migration_date"":""2025-12-20"",""migration_method"":""puzzle1_2"",""name_2"":""Leh (Ladakh)""},{""gid_2"":""Z01.14.14_1"",""migration_date"":""2025-12-20"",""migration_method"":""puzzle1_2"",""name_2"":""Poonch""},{""gid_2"":""Z01.14.16_1"",""migration_date"":""2025-12-20"",""migration_method"":""puzzle1_2"",""name_2"":""Rajouri""},{""gid_2"":""Z01.14.17_1"",""migration_date"":""2025-12-20"",""migration_method"":""puzzle1_2"",""name_2"":""Ramban""},{""gid_2"":""Z01.14.18_1"",""migration_date"":""2025-12-20"",""migration_method"":""puzzle1_2"",""name_2"":""Reasi""},{""gid_2"":""Z01.14.19_1"",""migration_date"":""2025-12-20"",""migration_method"":""puzzle1_2"",""name_2"":""Samba""},{""gid_2"":""Z01.14.21_1"",""migration_date"":""2025-12-20"",""migration_method"":""puzzle1_2"",""name_2"":""Srinagar""},{""gid_2"":""Z01.14.22_1"",""migration_date"":""2025-12-20"",""migration_method"":""puzzle1_2"",""name_2"":""Udhampur""},{""gid_2"":""Z01.14.2_1"",""migration_date"":""2025-12-20"",""migration_method"":""puzzle1_2"",""name_2"":""Badgam""},{""gid_2"":""Z01.14.3_1"",""migration_date"":""2025-12-20"",""migration_method"":""puzzle1_2"",""name_2"":""Bandipore""},{""gid_2"":""Z01.14.4_1"",""migration_date"":""2025-12-20"",""migration_method"":""puzzle1_2"",""name_2"":""Baramulla""},{""gid_2"":""Z01.14.5_1"",""migration_date"":""2025-12-20"",""migration_method"":""puzzle1_2"",""name_2"":""Doda""},{""gid_2"":""Z01.14.6_1"",""migration_date"":""2025-12-20"",""migration_method"":""puzzle1_2"",""name_2"":""Ganderbal""},{""gid_2"":""Z01.14.7_1"",""migration_date"":""2025-12-20"",""migration_method"":""puzzle1_2"",""name_2"":""Jammu""},{""gid_2"":""Z01.14.8_1"",""migration_date"":""2025-12-20"",""migration_method"":""puzzle1_2"",""name_2"":""Kargil""},{""gid_2"":""Z01.14.9_1"",""migration_date"":""2025-12-20"",""migration_method"":""puzzle1_2"",""name_2"":""Kathua""}]",2014-10-01,2025-12-20,2014-09-01,2014-09-01
2014-0218-IND,No,Natural,Hydrological,Flood,Riverine flood,NULL,IND,India,Southern Asia,Asia,Assam province,Heavy monsoonal rain,"Slide (land, mud, snow, rock)",No,NULL,49220.0,Km2,NULL,NULL,Brahmaputra,27.0,NULL,18500.0,NULL,18500.0,NULL,NULL,2000.0,2720.0,73.53357701,"[{""adm1_code"":1487,""adm1_name"":""Assam""}]","[{""gid_1"":""IND.4_1"",""migration_date"":""2025-12-20"",""migration_method"":""jaccard1"",""name_1"":""Assam""}]",2014-07-16,2025-12-20,2014-06-26,2014-06-28
2025-0217-IND,No,Natural,Meteorological,Storm,Severe weather,NULL,IND,India,Southern Asia,Asia,"Ganjam, Puri, Mayurbhanj districts (Odisha state)",NULL,Flood|Hail|Lightening,No,NULL,NULL,Kph,NULL,NULL,NULL,2.0,67.0,3000.0,NULL,3067.0,NULL,NULL,2900.0,2900.0,100.0,NULL,NULL,2025-03-27,2025-04-01,2025-03-22,2025-03-26
2025-0339-IND,No,Natural,Meteorological,Storm,Severe weather,NULL,IND,India,Southern Asia,Asia,"Kheda, Dahod, Vadodara, Ahmedabad, Aravalli, Panchmahal districts (Gujarat state)",NULL,Flood|Hail|Lightening,No,NULL,NULL,Kph,NULL,NULL,NULL,14.0,16.0,35.0,NULL,51.0,NULL,NULL,NULL,NULL,100.0,NULL,NULL,2025-05-07,2025-05-16,2025-05-04,2025-05-07
2025-0469-IND,No,Natural,Hydrological,Flood,Flash flood,NULL,IND,India,Southern Asia,Asia,"Himachal Pradesh, Uttarakhand",Monsoonal rains,"Slide (land, mud, snow, rock)",No,NULL,NULL,Km2,NULL,NULL,NULL,140.0,74.0,80000.0,NULL,80074.0,NULL,NULL,NULL,NULL,100.0,NULL,NULL,2025-07-07,2025-07-16,2025-06-20,2025-07-07
2013-0282-IND,No,Natural,Hydrological,Flood,Flood (General),NULL,IND,India,Southern Asia,Asia,"Dhemaji, Tinsukia, Nagaon, Golaghat, Jorhat, Kamrup, Karimganj, Lakhimpur, Morigaon, Sibsaga, Bongaigaon, Kokrajhar districts (Assam province)",Monsoonal rain,NULL,No,NULL,38019.26,Km2,27.387,94.92,NULL,80.0,NULL,2000000.0,NULL,2000000.0,NULL,NULL,NULL,NULL,72.35973748,"[{""adm2_code"":17582,""adm2_name"":""Golaghat""},{""adm2_code"":17583,""adm2_name"":""Kamrup""},{""adm2_code"":17585,""adm2_name"":""Karimganj""},{""adm2_code"":17589,""adm2_name"":""Nagaon""},{""adm2_code"":17592,""adm2_name"":""Sibsagar""},{""adm2_code"":70086,""adm2_name"":""Bongaigaon""},{""adm2_code"":70087,""adm2_name"":""Dhemaji""},{""adm2_code"":70089,""adm2_name"":""Jorhat""},{""adm2_code"":70090,""adm2_name"":""Kokrajhar""},{""adm2_code"":70091,""adm2_name"":""Lakhimpur""},{""adm2_code"":70092,""adm2_name"":""Marigaon""},{""adm2_code"":70093,""adm2_name"":""Tinsukia""}]","[{""gid_2"":""IND.4.12_1"",""migration_date"":""2025-12-20"",""migration_method"":""jaccard2"",""name_2"":""Golaghat""},{""gid_2"":""IND.4.14_1"",""migration_date"":""2025-12-20"",""migration_method"":""jaccard2"",""name_2"":""Jorhat""},{""gid_2"":""IND.4.15_1"",""migration_date"":""2025-12-20"",""migration_method"":""puzzle2_2"",""name_2"":""Kamrup Metropolitan""},{""gid_2"":""IND.4.16_1"",""migration_date"":""2025-12-20"",""migration_method"":""puzzle2_2"",""name_2"":""Kamrup""},{""gid_2"":""IND.4.18_1"",""migration_date"":""2025-12-20"",""migration_method"":""jaccard2"",""name_2"":""Karimganj""},{""gid_2"":""IND.4.19_1"",""migration_date"":""2025-12-20"",""migration_method"":""jaccard2"",""name_2"":""Kokrajhar""},{""gid_2"":""IND.4.20_1"",""migration_date"":""2025-12-20"",""migration_method"":""jaccard2"",""name_2"":""Lakhimpur""},{""gid_2"":""IND.4.21_1"",""migration_date"":""2025-12-20"",""migration_method"":""jaccard2"",""name_2"":""Morigaon""},{""gid_2"":""IND.4.22_1"",""migration_date"":""2025-12-20"",""migration_method"":""jaccard2"",""name_2"":""Nagaon""},{""gid_2"":""IND.4.24_1"",""migration_date"":""2025-12-20"",""migration_method"":""jaccard2"",""name_2"":""Sivasagar""},{""gid_2"":""IND.4.26_1"",""migration_date"":""2025-12-20"",""migration_method"":""jaccard2"",""name_2"":""Tinsukia""},{""gid_2"":""IND.4.3_1"",""migration_date"":""2025-12-20"",""migration_method"":""puzzle2_2"",""name_2"":""Bongaigaon""},{""gid_2"":""IND.4.5_1"",""migration_date"":""2025-12-20"",""migration_method"":""puzzle2_2"",""name_2"":""Chirang""},{""gid_2"":""IND.4.7_1"",""migration_date"":""2025-12-20"",""migration_method"":""jaccard2"",""name_2"":""Dhemaji""}]",2014-03-20,2025-12-20,2013-06-23,2013-07-15
2013-0260-IND,No,Natural,Hydrological,Flood,Riverine flood,NULL,IND,India,Southern Asia,Asia,"Sultanpur, Sitapur, Rae Bareli, Bara Banki, Faizabad, Gorakhpur, Basti, Kushinagar, Bahraich, Gonda, Shravasti districts (Uttar Pradesh province)",Monsoon rains,NULL,No,NULL,NULL,Km2,NULL,NULL,"Ganges, Ghagra, Kuano, Saryu, Sharda",174.0,NULL,500000.0,NULL,500000.0,NULL,NULL,2000.0,2764.0,72.35973748,"[{""adm2_code"":17893,""adm2_name"":""Bahraich""},{""adm2_code"":17896,""adm2_name"":""Bara Banki""},{""adm2_code"":17898,""adm2_name"":""Basti""},{""adm2_code"":17907,""adm2_name"":""Faizabad""},{""adm2_code"":17913,""adm2_name"":""Gonda""},{""adm2_code"":17914,""adm2_name"":""Gorakhpur""},{""adm2_code"":17934,""adm2_name"":""Rae Bareli""},{""adm2_code"":17938,""adm2_name"":""Sitapur""},{""adm2_code"":17939,""adm2_name"":""Sultanpur""},{""adm2_code"":70271,""adm2_name"":""Kushinagar""},{""adm2_code"":70277,""adm2_name"":""Shravasti""}]",NULL,2013-11-28,2023-09-25,2013-07-09,2013-07-10
2013-0138-IND,No,Natural,Meteorological,Storm,Tropical cyclone,Tropical cyclone Mahasen,IND,India,Southern Asia,Asia,Andhra Pradesh province,NULL,NULL,No,NULL,NULL,Kph,NULL,NULL,NULL,8.0,4.0,NULL,NULL,4.0,NULL,NULL,NULL,NULL,72.35973748,"[{""adm1_code"":1485,""adm1_name"":""Andhra Pradesh""}]","[{""gid_1"":""IND.2_1"",""migration_date"":""2025-12-20"",""migration_method"":""puzzle1_1"",""name_1"":""Andhra Pradesh""},{""gid_1"":""IND.32_1"",""migration_date"":""2025-12-20"",""migration_method"":""puzzle1_1"",""name_1"":""Telangana""}]",2014-01-15,2025-12-20,2013-05-16,2013-05-16
2025-0803-IND,No,Natural,Hydrological,Flood,Flash flood,NULL,IND,India,Southern Asia,Asia,"Dehradun, Champawat, Haridwar, Pauri Garhwal, Bageshwar, Pithoragarh, Nainital, and Udham Singh Nagar districts (Uttarakhand State)",NULL,"Lightening|Slide (land, mud, snow, rock)",No,NULL,NULL,Km2,NULL,NULL,NULL,33.0,NULL,900.0,NULL,900.0,NULL,NULL,NULL,NULL,100.0,NULL,NULL,2025-09-26,2025-09-29,2025-09-15,2025-09-17
2012-0334-IND,No,Natural,Hydrological,Flood,Riverine flood,NULL,IND,India,Southern Asia,Asia,"Palchan village (Kullu district, Himachal Pradesh province), Uttarkashi, Rudra Prayag, Chamoli districts (Uttarakhand province), Moradabad district (Uttar Pradesh province), Kathua village (72780 district, Jammu and Kashmir province)",Torrential rain,"Slide (land, mud, snow, rock)",No,NULL,31390.0,Km2,30.1135,78.85,NULL,30.0,NULL,1200.0,NULL,1200.0,NULL,NULL,110000.0,154245.0,71.31508773,"[{""adm2_code"":17671,""adm2_name"":""Kullu""},{""adm2_code"":72780,""adm2_name"":""Administrative unit not available""},{""adm2_code"":17928,""adm2_name"":""Moradabad""},{""adm2_code"":70282,""adm2_name"":""Chamoli""},{""adm2_code"":70286,""adm2_name"":""Rudra Prayag""},{""adm2_code"":70289,""adm2_name"":""Uttarkashi""}]","[{""gid_2"":""IND.13.6_1"",""migration_date"":""2025-12-20"",""migration_method"":""jaccard2"",""name_2"":""Kullu""},{""gid_2"":""IND.34.57_1"",""migration_date"":""2025-12-20"",""migration_method"":""bufhaus2"",""name_2"":""Moradabad""},{""gid_2"":""IND.35.10_1"",""migration_date"":""2025-12-20"",""migration_method"":""jaccard2"",""name_2"":""Rudraprayag""},{""gid_2"":""IND.35.13_1"",""migration_date"":""2025-12-20"",""migration_method"":""jaccard2"",""name_2"":""Uttarkashi""},{""gid_2"":""IND.35.3_1"",""migration_date"":""2025-12-20"",""migration_method"":""jaccard2"",""name_2"":""Chamoli""},{""gid_2"":""Z01.14.9_1"",""migration_date"":""2025-12-20"",""migration_method"":""jaccard2"",""name_2"":""Kathua""}]",2013-02-06,2025-12-20,2012-08-04,2012-08-09
2012-0322-IND,No,Natural,Hydrological,Flood,Riverine flood,NULL,IND,India,Southern Asia,Asia,"Jaipur, Dhaulpur, Dausa, Tonk, Jhunjhunun, Sikar, Hanumangarh, Bikaner districts (Rajasthan province), Anjaw (70044), 70045, 70050, Lower Dibang Valley, Upper Siang (70051) districts (Arunachal Pradesh province)",Heavy rains,NULL,No,NULL,NULL,Km2,NULL,NULL,NULL,37.0,NULL,NULL,37500.0,37500.0,NULL,NULL,NULL,NULL,71.31508773,"[{""adm2_code"":17840,""adm2_name"":""Bikaner""},{""adm2_code"":17844,""adm2_name"":""Dhaulpur""},{""adm2_code"":17847,""adm2_name"":""Jaipur""},{""adm2_code"":17851,""adm2_name"":""Jhunjhunun""},{""adm2_code"":17857,""adm2_name"":""Sikar""},{""adm2_code"":17859,""adm2_name"":""Tonk""},{""adm2_code"":70237,""adm2_name"":""Dausa""},{""adm2_code"":70238,""adm2_name"":""Hanumangarh""},{""adm2_code"":70044,""adm2_name"":""Administrative unit not available""},{""adm2_code"":70045,""adm2_name"":""Administrative unit not available""},{""adm2_code"":70050,""adm2_name"":""Administrative unit not available""},{""adm2_code"":70051,""adm2_name"":""Administrative unit not available""}]","[{""gid_2"":""IND.29.12_1"",""migration_date"":""2025-12-20"",""migration_method"":""jaccard2"",""name_2"":""Dausa""},{""gid_2"":""IND.29.13_1"",""migration_date"":""2025-12-20"",""migration_method"":""jaccard2"",""name_2"":""Dhaulpur""},{""gid_2"":""IND.29.16_1"",""migration_date"":""2025-12-20"",""migration_method"":""jaccard2"",""name_2"":""Hanumangarh""},{""gid_2"":""IND.29.17_1"",""migration_date"":""2025-12-20"",""migration_method"":""jaccard2"",""name_2"":""Jaipur""},{""gid_2"":""IND.29.21_1"",""migration_date"":""2025-12-20"",""migration_method"":""jaccard2"",""name_2"":""Jhunjhunun""},{""gid_2"":""IND.29.30_1"",""migration_date"":""2025-12-20"",""migration_method"":""jaccard2"",""name_2"":""Sikar""},{""gid_2"":""IND.29.32_1"",""migration_date"":""2025-12-20"",""migration_method"":""jaccard2"",""name_2"":""Tonk""},{""gid_2"":""IND.29.8_1"",""migration_date"":""2025-12-20"",""migration_method"":""jaccard2"",""name_2"":""Bikaner""},{""gid_2"":""Z07.3.15_1"",""migration_date"":""2025-12-20"",""migration_method"":""jaccard2"",""name_2"":""Upper Siang""},{""gid_2"":""Z07.3.1_1"",""migration_date"":""2025-12-20"",""migration_method"":""jaccard2"",""name_2"":""Anjaw""},{""gid_2"":""Z07.3.3_1"",""migration_date"":""2025-12-20"",""migration_method"":""jaccard2"",""name_2"":""Dibang Valley""},{""gid_2"":""Z07.3.9_1"",""migration_date"":""2025-12-20"",""migration_method"":""jaccard2"",""name_2"":""Lower Dibang Valley""}]",2013-02-06,2025-12-20,2012-08-21,2012-08-23
2020-0206-IND,No,Natural,Hydrological,Flood,Flood (General),NULL,IND,India,Southern Asia,Asia,"Lakhimpur, Sontipur, Darrang, Goalpara (Assam state); Sikkim state",Heavy rains,"Slide (land, mud, snow, rock)",No,NULL,NULL,Km2,NULL,NULL,"Jia Bharali, Puthimari rivers",1.0,2.0,30000.0,NULL,30002.0,NULL,NULL,NULL,NULL,80.39038301,"[{""adm1_code"":1507,""adm1_name"":""Sikkim""},{""adm2_code"":17578,""adm2_name"":""Darrang""},{""adm2_code"":17581,""adm2_name"":""Goalpara""},{""adm2_code"":17593,""adm2_name"":""Sonitpur""},{""adm2_code"":70091,""adm2_name"":""Lakhimpur""}]","[{""gid_1"":""IND.30_1"",""migration_date"":""2025-12-20"",""migration_method"":""jaccard1"",""name_1"":""Sikkim""},{""gid_2"":""IND.4.11_1"",""migration_date"":""2025-12-20"",""migration_method"":""jaccard2"",""name_2"":""Goalpara""},{""gid_2"":""IND.4.20_1"",""migration_date"":""2025-12-20"",""migration_method"":""jaccard2"",""name_2"":""Lakhimpur""},{""gid_2"":""IND.4.25_1"",""migration_date"":""2025-12-20"",""migration_method"":""jaccard2"",""name_2"":""Sonitpur""},{""gid_2"":""IND.4.27_1"",""migration_date"":""2025-12-20"",""migration_method"":""puzzle2_2"",""name_2"":""Udalguri""},{""gid_2"":""IND.4.6_1"",""migration_date"":""2025-12-20"",""migration_method"":""puzzle2_2"",""name_2"":""Darrang""}]",2020-05-27,2025-12-20,2020-05-24,2020-05-26
2020-0249-IND,No,Natural,Hydrological,Flood,Flood (General),NULL,IND,India,Southern Asia,Asia,Jammu region,NULL,NULL,No,NULL,NULL,Km2,NULL,NULL,NULL,NULL,NULL,5000.0,NULL,5000.0,NULL,NULL,NULL,NULL,80.39038301,"[{""adm1_code"":40408,""adm1_name"":""Administrative unit not available""},{""adm1_code"":40409,""adm1_name"":""Administrative unit not available""},{""adm1_code"":40422,""adm1_name"":""Administrative unit not available""},{""adm1_code"":40423,""adm1_name"":""Administrative unit not available""},{""adm1_code"":40424,""adm1_name"":""Administrative unit not available""},{""adm1_code"":40425,""adm1_name"":""Administrative unit not available""},{""adm1_code"":40426,""adm1_name"":""Administrative unit not available""},{""adm1_code"":40427,""adm1_name"":""Administrative unit not available""},{""adm1_code"":40428,""adm1_name"":""Administrative unit not available""},{""adm1_code"":40429,""adm1_name"":""Administrative unit not available""},{""adm1_code"":40430,""adm1_name"":""Administrative unit not available""},{""adm1_code"":40431,""adm1_name"":""Administrative unit not available""}]","[{""gid_1"":""Z06.1_1"",""migration_date"":""2025-12-20"",""migration_method"":""jaccard1"",""name_1"":""Azad Kashmir""},{""gid_1"":""Z06.6_1"",""migration_date"":""2025-12-20"",""migration_method"":""jaccard1"",""name_1"":""Gilgit-Baltistan""},{""gid_2"":""Z01.14.10_1"",""migration_date"":""2025-12-20"",""migration_method"":""puzzle1_2"",""name_2"":""Kishtwar""},{""gid_2"":""Z01.14.12_1"",""migration_date"":""2025-12-20"",""migration_method"":""puzzle1_2"",""name_2"":""Kupwara""},{""gid_2"":""Z01.14.13_1"",""migration_date"":""2025-12-20"",""migration_method"":""puzzle1_2"",""name_2"":""Leh (Ladakh)""},{""gid_2"":""Z01.14.14_1"",""migration_date"":""2025-12-20"",""migration_method"":""puzzle1_2"",""name_2"":""Poonch""},{""gid_2"":""Z01.14.16_1"",""migration_date"":""2025-12-20"",""migration_method"":""puzzle1_2"",""name_2"":""Rajouri""},{""gid_2"":""Z01.14.17_1"",""migration_date"":""2025-12-20"",""migration_method"":""puzzle1_2"",""name_2"":""Ramban""},{""gid_2"":""Z01.14.18_1"",""migration_date"":""2025-12-20"",""migration_method"":""puzzle1_2"",""name_2"":""Reasi""},{""gid_2"":""Z01.14.19_1"",""migration_date"":""2025-12-20"",""migration_method"":""puzzle1_2"",""name_2"":""Samba""},{""gid_2"":""Z01.14.21_1"",""migration_date"":""2025-12-20"",""migration_method"":""puzzle1_2"",""name_2"":""Srinagar""},{""gid_2"":""Z01.14.22_1"",""migration_date"":""2025-12-20"",""migration_method"":""puzzle1_2"",""name_2"":""Udhampur""},{""gid_2"":""Z01.14.2_1"",""migration_date"":""2025-12-20"",""migration_method"":""puzzle1_2"",""name_2"":""Badgam""},{""gid_2"":""Z01.14.3_1"",""migration_date"":""2025-12-20"",""migration_method"":""puzzle1_2"",""name_2"":""Bandipore""},{""gid_2"":""Z01.14.4_1"",""migration_date"":""2025-12-20"",""migration_method"":""puzzle1_2"",""name_2"":""Baramulla""},{""gid_2"":""Z01.14.5_1"",""migration_date"":""2025-12-20"",""migration_method"":""puzzle1_2"",""name_2"":""Doda""},{""gid_2"":""Z01.14.6_1"",""migration_date"":""2025-12-20"",""migration_method"":""puzzle1_2"",""name_2"":""Ganderbal""},{""gid_2"":""Z01.14.7_1"",""migration_date"":""2025-12-20"",""migration_method"":""puzzle1_2"",""name_2"":""Jammu""},{""gid_2"":""Z01.14.8_1"",""migration_date"":""2025-12-20"",""migration_method"":""puzzle1_2"",""name_2"":""Kargil""},{""gid_2"":""Z01.14.9_1"",""migration_date"":""2025-12-20"",""migration_method"":""puzzle1_2"",""name_2"":""Kathua""}]",2020-06-19,2025-12-20,2020-06-01,2020-06-09
2023-0359-IND,No,Natural,Hydrological,Flood,Flash flood,NULL,IND,India,Southern Asia,Asia,"Mandi, Solan and Hamirpur districts (Himachal Pradesh); Uttarakhand, Punjab, NewDelhi, Haryana",Monsoon rains,"Slide (land, mud, snow, rock)",No,NULL,NULL,Km2,NULL,NULL,NULL,62.0,NULL,5.0,NULL,5.0,NULL,NULL,3000.0,3170.0,94.64462201,"[{""adm1_code"":1489,""adm1_name"":""Delhi""},{""adm1_code"":1492,""adm1_name"":""Haryana""},{""adm1_code"":1505,""adm1_name"":""Punjab""},{""adm1_code"":70082,""adm1_name"":""Uttarakhand""},{""adm2_code"":17668,""adm2_name"":""Hamirpur""},{""adm2_code"":17673,""adm2_name"":""Mandi""},{""adm2_code"":17676,""adm2_name"":""Solan""}]","[{""gid_1"":""IND.12_1"",""migration_date"":""2025-12-20"",""migration_method"":""jaccard1"",""name_1"":""Haryana""},{""gid_1"":""IND.25_1"",""migration_date"":""2025-12-20"",""migration_method"":""jaccard1"",""name_1"":""NCT of Delhi""},{""gid_1"":""IND.28_1"",""migration_date"":""2025-12-20"",""migration_method"":""jaccard1"",""name_1"":""Punjab""},{""gid_1"":""IND.35_1"",""migration_date"":""2025-12-20"",""migration_method"":""jaccard1"",""name_1"":""Uttarakhand""},{""gid_2"":""IND.13.11_1"",""migration_date"":""2025-12-20"",""migration_method"":""jaccard2"",""name_2"":""Solan""},{""gid_2"":""IND.13.3_1"",""migration_date"":""2025-12-20"",""migration_method"":""jaccard2"",""name_2"":""Hamirpur""},{""gid_2"":""IND.13.8_1"",""migration_date"":""2025-12-20"",""migration_method"":""jaccard2"",""name_2"":""Mandi""}]",2023-06-29,2025-12-20,2023-06-26,2023-07-12
2023-0330-IND,No,Natural,Hydrological,Flood,Flood (General),NULL,IND,India,Southern Asia,Asia,"Nalbari, Baksa, Lakhimpur, Bajali, Barpet distrcits (Assam);Sikkim",Heavy rains,"Slide (land, mud, snow, rock)",No,NULL,NULL,Km2,NULL,NULL,NULL,NULL,NULL,500000.0,NULL,500000.0,NULL,NULL,NULL,NULL,94.64462201,NULL,NULL,2023-06-26,2025-07-16,2023-06-14,2023-06-23
2023-0328-IND,No,Natural,Meteorological,Extreme temperature,Heat wave,NULL,IND,India,Southern Asia,Asia,"Uttar Pradesh, Bihar, Tripura, Odisha",NULL,NULL,No,NULL,45.0,°C,NULL,NULL,NULL,179.0,460.0,NULL,NULL,460.0,NULL,NULL,NULL,NULL,94.64462201,NULL,NULL,2023-06-26,2024-02-27,2023-04-01,2023-06-01
2023-0294-IND,No,Natural,Meteorological,Storm,Tropical cyclone,Cyclone 'Mocha',IND,India,Southern Asia,Asia,"Mizoram, Tripura, and Manipur states",NULL,NULL,No,NULL,NULL,Kph,NULL,NULL,NULL,NULL,NULL,1000.0,NULL,1000.0,NULL,NULL,NULL,NULL,94.64462201,NULL,NULL,2023-05-23,2025-03-05,2023-05-14,2023-05-14
2025-0651-IND,No,Natural,Hydrological,Mass movement (wet),Mudslide,NULL,IND,India,Southern Asia,Asia,"Dharali village (Uttarkashi district, Uttarakhand state)",Violent cloudburst,NULL,No,NULL,NULL,NULL,NULL,NULL,NULL,105.0,NULL,NULL,NULL,NULL,NULL,NULL,NULL,NULL,100.0,NULL,NULL,2025-08-06,2025-08-08,2025-08-05,2025-08-05
2025-0736-IND,No,Natural,Hydrological,Mass movement (wet),Landslide (wet),NULL,IND,India,Southern Asia,Asia,Jammu and Kashmir region,Heavy rain,NULL,No,NULL,NULL,NULL,NULL,NULL,NULL,41.0,NULL,3500.0,NULL,3500.0,NULL,NULL,NULL,NULL,100.0,NULL,NULL,2025-08-28,2025-08-29,2025-08-26,2025-08-26
2025-1000-IND,No,Natural,Meteorological,Storm,Tropical cyclone,Tropical storm 'Ditwah',IND,India,Southern Asia,Asia,Tamil Nadu,NULL,NULL,No,NULL,NULL,Kph,NULL,NULL,NULL,3.0,NULL,NULL,NULL,NULL,NULL,NULL,40000.0,40000.0,100.0,NULL,NULL,2025-12-01,2025-12-17,2025-11-27,2025-11-29
2025-0143-IND,No,Natural,Hydrological,Mass movement (wet),Avalanche (wet),NULL,IND,India,Southern Asia,Asia,Chamoli district (Uttarakhand),NULL,NULL,No,NULL,NULL,NULL,NULL,NULL,NULL,8.0,46.0,173.0,NULL,219.0,NULL,NULL,NULL,NULL,100.0,NULL,NULL,2025-02-28,2025-03-04,2025-02-28,2025-02-28
2024-0881-IND,No,Natural,Meteorological,Storm,Tropical cyclone,Storm 'Fengal',IND,India,Southern Asia,Asia,"Chennai city, Ooty town, Vellore city , Puducherry city (Tamil Nadu)",NULL,"Flood|Slide (land, mud, snow, rock)|Surge",No,NULL,80.0,Kph,NULL,NULL,NULL,20.0,NULL,NULL,NULL,NULL,NULL,NULL,NULL,NULL,97.43617562,NULL,NULL,2024-12-06,2024-12-19,2024-12-01,2024-12-01
2024-0778-IND,No,Natural,Meteorological,Storm,Tropical cyclone,Tropical storm 'Dana',IND,India,Southern Asia,Asia,Odisha and West Bengal,NULL,Flood|Surge,No,NULL,120.0,Kph,NULL,NULL,NULL,9.0,12.0,3810000.0,NULL,3810012.0,NULL,NULL,73300.0,75229.0,97.43617562,NULL,NULL,2024-10-28,2025-01-22,2024-10-24,2024-10-25
2024-0719-IND,No,Natural,Hydrological,Flood,Flood (General),NULL,IND,India,Southern Asia,Asia,Meghalaya,Heavy rains,"Slide (land, mud, snow, rock)",No,NULL,NULL,Km2,NULL,NULL,NULL,15.0,NULL,NULL,NULL,NULL,NULL,NULL,NULL,NULL,97.43617562,NULL,NULL,2024-10-09,2024-10-28,2024-10-04,2024-10-07
2024-0280-IND,No,Natural,Meteorological,Storm,Hail,NULL,IND,India,Southern Asia,Asia,"Bishnupur, Imphal West, Imphal East, Thoubal, Kakching, Tengnoupal, Kangpokpi, Noney, and Churachandpur districts (Manipur state)",NULL,Flood,No,NULL,NULL,Kph,NULL,NULL,NULL,1.0,NULL,77000.0,NULL,77000.0,NULL,NULL,NULL,NULL,97.43617562,NULL,NULL,2024-05-07,2024-05-13,2024-05-05,2024-05-05
2023-0792-IND,No,Natural,Meteorological,Storm,Tropical cyclone,Tropical storm 'Michaung',IND,India,Southern Asia,Asia,"Andra Pradesh, Telangana, Tamil Nadu States",NULL,Flood,No,NULL,110.0,Kph,NULL,NULL,NULL,20.0,NULL,4390000.0,NULL,4390000.0,NULL,NULL,125000.0,132073.0,94.64462201,NULL,NULL,2023-12-06,2024-02-12,2023-12-05,2023-12-06
2023-0622-IND,No,Natural,Climatological,Glacial lake outburst flood,Glacial lake outburst flood,NULL,IND,India,Southern Asia,Asia,"Sikkim state Gangtok, Mangan and Pakyong (Bengal state)",NULL,Flood,No,NULL,NULL,NULL,NULL,NULL,Teesta river; Lhonak lake,178.0,NULL,88400.0,NULL,88400.0,NULL,NULL,NULL,NULL,94.64462201,NULL,NULL,2023-10-05,2023-11-02,2023-10-05,2023-10-05
2002-0568-IND,No,Natural,Hydrological,Flood,Riverine flood,NULL,IND,India,Southern Asia,Asia,"Bharuch district (Gujarat province), Jalgaon, Nasik districts (Maharashtra province)",Monssonal rain,NULL,No,NULL,79000.0,Km2,NULL,NULL,"Godavari, Panzara, Tapi, Narmada Rivers",22.0,NULL,5000.0,NULL,5000.0,NULL,NULL,NULL,NULL,55.87169607,"[{""adm2_code"":17568,""adm2_name"":""Warangal""},{""adm2_code"":17638,""adm2_name"":""Bharuch""},{""adm2_code"":17767,""adm2_name"":""Jalgaon""},{""adm2_code"":17773,""adm2_name"":""Nashik""}]","[{""gid_2"":""IND.11.6_1"",""migration_date"":""2025-12-20"",""migration_method"":""jaccard2"",""name_2"":""Bharuch""},{""gid_2"":""IND.20.13_1"",""migration_date"":""2025-12-20"",""migration_method"":""jaccard2"",""name_2"":""Jalgaon""},{""gid_2"":""IND.20.22_1"",""migration_date"":""2025-12-20"",""migration_method"":""jaccard2"",""name_2"":""Nashik""},{""gid_2"":""IND.32.10_1"",""migration_date"":""2025-12-20"",""migration_method"":""jaccard2"",""name_2"":""Warangal""}]",2005-09-23,2025-12-20,2002-09-03,2002-09-06
2000-0459-IND,No,Natural,Biological,Epidemic,Bacterial disease,NULL,IND,India,Southern Asia,Asia,"Mumbai, Thane districts",NULL,NULL,No,NULL,NULL,NULL,NULL,NULL,NULL,27.0,NULL,79.0,NULL,79.0,NULL,NULL,NULL,NULL,53.48773668,NULL,NULL,2003-07-01,2023-09-25,2000-07-01,2000-07-01
2002-0702-IND,No,Natural,Meteorological,Storm,Tropical cyclone,NULL,IND,India,Southern Asia,Asia,"Baleshwar, Bhadrak, Jagatsinghpur, Kendrapara districts (Orissa province), East Midnapore, North 24 Parganas, South 24 Parganas (West Bengal province)",NULL,NULL,No,NULL,60.0,Kph,NULL,NULL,NULL,124.0,NULL,NULL,NULL,NULL,NULL,NULL,NULL,NULL,55.87169607,"[{""adm2_code"":70207,""adm2_name"":""Baleshwar""},{""adm2_code"":70209,""adm2_name"":""Bhadrak""},{""adm2_code"":70214,""adm2_name"":""Jagatsinghpur""},{""adm2_code"":70218,""adm2_name"":""Kendrapara""},{""adm2_code"":70291,""adm2_name"":""East Midnapore""},{""adm2_code"":70293,""adm2_name"":""North 24 Parganas""},{""adm2_code"":70294,""adm2_name"":""South 24 Parganas""}]","[{""gid_2"":""IND.26.12_1"",""migration_date"":""2025-12-20"",""migration_method"":""jaccard2"",""name_2"":""Jagatsinghapur""},{""gid_2"":""IND.26.17_1"",""migration_date"":""2025-12-20"",""migration_method"":""jaccard2"",""name_2"":""Kendrapara""},{""gid_2"":""IND.26.3_1"",""migration_date"":""2025-12-20"",""migration_method"":""jaccard2"",""name_2"":""Baleshwar""},{""gid_2"":""IND.26.6_1"",""migration_date"":""2025-12-20"",""migration_method"":""jaccard2"",""name_2"":""Bhadrak""},{""gid_2"":""IND.36.15_1"",""migration_date"":""2025-12-20"",""migration_method"":""jaccard2"",""name_2"":""North 24 Parganas""},{""gid_2"":""IND.36.17_1"",""migration_date"":""2025-12-20"",""migration_method"":""jaccard2"",""name_2"":""Purba Medinipur""},{""gid_2"":""IND.36.19_1"",""migration_date"":""2025-12-20"",""migration_method"":""jaccard2"",""name_2"":""South 24 Parganas""}]",2003-07-01,2025-12-20,2002-11-13,2002-11-13
2003-0100-IND,No,Natural,Meteorological,Storm,Tropical cyclone,NULL,IND,India,Southern Asia,Asia,Gujarat province,NULL,NULL,No,NULL,NULL,Kph,NULL,NULL,NULL,5.0,NULL,140.0,NULL,140.0,NULL,NULL,NULL,NULL,57.14003527,"[{""adm1_code"":1491,""adm1_name"":""Gujarat""}]","[{""gid_1"":""IND.11_1"",""migration_date"":""2025-12-20"",""migration_method"":""jaccard1"",""name_1"":""Gujarat""}]",2003-09-05,2025-12-20,2003-02-18,2003-02-18
2000-0020-IND,No,Natural,Meteorological,Extreme temperature,Cold wave,NULL,IND,India,Southern Asia,Asia,"Bihar, Uttar Pradesh, West Bengal provinces",NULL,NULL,No,NULL,NULL,°C,NULL,NULL,NULL,275.0,NULL,NULL,NULL,NULL,NULL,NULL,NULL,NULL,53.48773668,"[{""adm1_code"":1511,""adm1_name"":""West Bengal""},{""adm1_code"":70073,""adm1_name"":""Bihar""},{""adm1_code"":70081,""adm1_name"":""Uttar Pradesh""}]","[{""gid_1"":""IND.34_1"",""migration_date"":""2025-12-20"",""migration_method"":""jaccard1"",""name_1"":""Uttar Pradesh""},{""gid_1"":""IND.36_1"",""migration_date"":""2025-12-20"",""migration_method"":""jaccard1"",""name_1"":""West Bengal""},{""gid_1"":""IND.5_1"",""migration_date"":""2025-12-20"",""migration_method"":""jaccard1"",""name_1"":""Bihar""}]",2003-07-01,2025-12-20,2000-01-01,2000-01-01
2002-0204-IND,No,Natural,Meteorological,Storm,Tropical cyclone,NULL,IND,India,Southern Asia,Asia,West Bengal province,NULL,NULL,No,NULL,NULL,Kph,NULL,NULL,NULL,9.0,50.0,NULL,5000.0,5050.0,NULL,NULL,416.0,745.0,55.87169607,"[{""adm1_code"":1511,""adm1_name"":""West Bengal""}]","[{""gid_1"":""IND.36_1"",""migration_date"":""2025-12-20"",""migration_method"":""jaccard1"",""name_1"":""West Bengal""}]",2003-07-01,2025-12-20,2002-04-03,2002-04-03
2005-0268-IND,No,Natural,Biological,Epidemic,Bacterial disease,Meningococcal disease,IND,India,Southern Asia,Asia,"Delhi, Haryana, Chandigarh, Uttar Pradesh, Uttaranchal",NULL,NULL,No,NULL,NULL,NULL,NULL,NULL,NULL,48.0,NULL,405.0,NULL,405.0,NULL,NULL,NULL,NULL,60.66033175,NULL,NULL,2005-06-23,2023-09-25,2005-05-18,2005-06-21
2005-0354-IND,No,Natural,Hydrological,Flood,Riverine flood,NULL,IND,India,Southern Asia,Asia,"Digras, Nandgavan villages (Yavatmal district, Maharashtra province)",Monsonal rains,Broken Dam/Burst bank,No,NULL,NULL,Km2,NULL,NULL,NULL,25.0,NULL,NULL,NULL,NULL,NULL,NULL,NULL,NULL,60.66033175,"[{""adm2_code"":17785,""adm2_name"":""Yavatmal""}]","[{""gid_2"":""IND.20.36_1"",""migration_date"":""2025-12-20"",""migration_method"":""jaccard2"",""name_2"":""Yavatmal""}]",2005-07-13,2025-12-20,2005-07-09,2005-07-09
2005-0375-IND,No,Natural,Hydrological,Flood,Riverine flood,NULL,IND,India,Southern Asia,Asia,"Yingkiong village (Upper Siang (70051) district, Arunachal Pradesh province), Seppa village (East Kameng (70040) district, Arunachal Pradesh province), Anini village (70050 district, Arunachal Pradesh province), Dibrugarh, Sonitpur, Sibsagar, Dhemaji, Tinsukia, Karimganj, Lakhimpur, Jorhat, Morigaon, Dhuburi, Goalpara, Barpeta districts (Assam province), Bahraich, Shravasti, Banda, Ballia, Lakhimpur Kheri, Kanpur, Varanasi, Mainpuri districts (Uttar Pradesh province), Haridwar, Uttarkashi, Naini Tal, Dehran Dun districts (Uttarakhand province), Muzaffarpur, Darbhanga, Madhubani districts (Bihar province), Birbhum district (West Bengal province)",Monsoon rain,"Slide (land, mud, snow, rock)",No,NULL,NULL,Km2,NULL,NULL,"Brahmaputra and tributaries. Lohit, Dikhow, Jai Bharati, Puthimari, Subansairi, Dhansiri, Durra, Burhi-Dehing, Kundli, Jiyadhol, Lali and Siang, Barak. Ganges and tributaries. Baghmati, Ganga, Sharda, Gandak, Yamuna, Varuna, Nagwa nullah, Kane, Kosi, Bagmati, Kamla, Budi Gandak, Rapti, Ghaghra, Gomti, Ken, Budhi Rapti.",70.0,NULL,1904000.0,4000.0,1908000.0,NULL,NULL,NULL,NULL,60.66033175,"[{""adm2_code"":17576,""adm2_name"":""Barpeta""},{""adm2_code"":17579,""adm2_name"":""Dhuburi""},{""adm2_code"":17580,""adm2_name"":""Dibrugarh""},{""adm2_code"":17581,""adm2_name"":""Goalpara""},{""adm2_code"":17585,""adm2_name"":""Karimganj""},{""adm2_code"":17592,""adm2_name"":""Sibsagar""},{""adm2_code"":17593,""adm2_name"":""Sonitpur""},{""adm2_code"":70087,""adm2_name"":""Dhemaji""},{""adm2_code"":70089,""adm2_name"":""Jorhat""},{""adm2_code"":70091,""adm2_name"":""Lakhimpur""},{""adm2_code"":70092,""adm2_name"":""Marigaon""},{""adm2_code"":70093,""adm2_name"":""Tinsukia""},{""adm2_code"":17947,""adm2_name"":""Birbhum""},{""adm2_code"":70040,""adm2_name"":""Administrative unit not available""},{""adm2_code"":70050,""adm2_name"":""Administrative unit not available""},{""adm2_code"":70051,""adm2_name"":""Administrative unit not available""},{""adm2_code"":17598,""adm2_name"":""Darbhanga""},{""adm2_code"":17611,""adm2_name"":""Madhubani""},{""adm2_code"":17613,""adm2_name"":""Muzaffarpur""},{""adm2_code"":17893,""adm2_name"":""Bahraich""},{""adm2_code"":17894,""adm2_name"":""Ballia""},{""adm2_code"":17895,""adm2_name"":""Banda""},{""adm2_code"":17920,""adm2_name"":""Kanpur""},{""adm2_code"":17921,""adm2_name"":""Lakhimpur Kheri""},{""adm2_code"":17924,""adm2_name"":""Mainpuri""},{""adm2_code"":17943,""adm2_name"":""Varanasi""},{""adm2_code"":70277,""adm2_name"":""Shravasti""},{""adm2_code"":17903,""adm2_name"":""Dehra Dun""},{""adm2_code"":70284,""adm2_name"":""Haridwar""},{""adm2_code"":70285,""adm2_name"":""Naini Tal""},{""adm2_code"":70289,""adm2_name"":""Uttarkashi""}]","[{""gid_2"":""IND.34.10_1"",""migration_date"":""2025-12-20"",""migration_method"":""jaccard2"",""name_2"":""Bahraich""},{""gid_2"":""IND.34.11_1"",""migration_date"":""2025-12-20"",""migration_method"":""jaccard2"",""name_2"":""Ballia""},{""gid_2"":""IND.34.13_1"",""migration_date"":""2025-12-20"",""migration_method"":""jaccard2"",""name_2"":""Banda""},{""gid_2"":""IND.34.43_1"",""migration_date"":""2025-12-20"",""migration_method"":""bufhaus2"",""name_2"":""Kanpur Nagar""},{""gid_2"":""IND.34.47_1"",""migration_date"":""2025-12-20"",""migration_method"":""jaccard2"",""name_2"":""Lakhimpur Kheri""},{""gid_2"":""IND.34.52_1"",""migration_date"":""2025-12-20"",""migration_method"":""jaccard2"",""name_2"":""Mainpuri""},{""gid_2"":""IND.34.69_1"",""migration_date"":""2025-12-20"",""migration_method"":""jaccard2"",""name_2"":""Shravasti""},{""gid_2"":""IND.34.75_1"",""migration_date"":""2025-12-20"",""migration_method"":""jaccard2"",""name_2"":""Varanasi""},{""gid_2"":""IND.35.13_1"",""migration_date"":""2025-12-20"",""migration_method"":""jaccard2"",""name_2"":""Uttarkashi""},{""gid_2"":""IND.35.5_1"",""migration_date"":""2025-12-20"",""migration_method"":""jaccard2"",""name_2"":""Dehradun""},{""gid_2"":""IND.35.7_1"",""migration_date"":""2025-12-20"",""migration_method"":""jaccard2"",""name_2"":""Hardwar""},{""gid_2"":""IND.35.8_1"",""migration_date"":""2025-12-20"",""migration_method"":""jaccard2"",""name_2"":""Nainital""},{""gid_2"":""IND.36.4_1"",""migration_date"":""2025-12-20"",""migration_method"":""jaccard2"",""name_2"":""Birbhum""},{""gid_2"":""IND.4.11_1"",""migration_date"":""2025-12-20"",""migration_method"":""jaccard2"",""name_2"":""Goalpara""},{""gid_2"":""IND.4.14_1"",""migration_date"":""2025-12-20"",""migration_method"":""jaccard2"",""name_2"":""Jorhat""},{""gid_2"":""IND.4.18_1"",""migration_date"":""2025-12-20"",""migration_method"":""jaccard2"",""name_2"":""Karimganj""},{""gid_2"":""IND.4.20_1"",""migration_date"":""2025-12-20"",""migration_method"":""jaccard2"",""name_2"":""Lakhimpur""},{""gid_2"":""IND.4.21_1"",""migration_date"":""2025-12-20"",""migration_method"":""jaccard2"",""name_2"":""Morigaon""},{""gid_2"":""IND.4.24_1"",""migration_date"":""2025-12-20"",""migration_method"":""jaccard2"",""name_2"":""Sivasagar""},{""gid_2"":""IND.4.25_1"",""migration_date"":""2025-12-20"",""migration_method"":""jaccard2"",""name_2"":""Sonitpur""},{""gid_2"":""IND.4.26_1"",""migration_date"":""2025-12-20"",""migration_method"":""jaccard2"",""name_2"":""Tinsukia""},{""gid_2"":""IND.4.2_1"",""migration_date"":""2025-12-20"",""migration_method"":""jaccard2"",""name_2"":""Barpeta""},{""gid_2"":""IND.4.7_1"",""migration_date"":""2025-12-20"",""migration_method"":""jaccard2"",""name_2"":""Dhemaji""},{""gid_2"":""IND.4.8_1"",""migration_date"":""2025-12-20"",""migration_method"":""jaccard2"",""name_2"":""Dhubri""},{""gid_2"":""IND.4.9_1"",""migration_date"":""2025-12-20"",""migration_method"":""jaccard2"",""name_2"":""Dibrugarh""},{""gid_2"":""IND.5.20_1"",""migration_date"":""2025-12-20"",""migration_method"":""jaccard2"",""name_2"":""Madhubani""},{""gid_2"":""IND.5.22_1"",""migration_date"":""2025-12-20"",""migration_method"":""jaccard2"",""name_2"":""Muzaffarpur""},{""gid_2"":""IND.5.9_1"",""migration_date"":""2025-12-20"",""migration_method"":""jaccard2"",""name_2"":""Darbhanga""},{""gid_2"":""Z07.3.15_1"",""migration_date"":""2025-12-20"",""migration_method"":""jaccard2"",""name_2"":""Upper Siang""},{""gid_2"":""Z07.3.3_1"",""migration_date"":""2025-12-20"",""migration_method"":""jaccard2"",""name_2"":""Dibang Valley""},{""gid_2"":""Z07.3.4_1"",""migration_date"":""2025-12-20"",""migration_method"":""jaccard2"",""name_2"":""East Kameng""}]",2005-09-14,2025-12-20,2005-07-07,2005-07-28
2005-0504-IND,No,Natural,Hydrological,Flood,Riverine flood,NULL,IND,India,Southern Asia,Asia,"Karnataka, Andhra Pradesh provinces",Monsoonal rain,Broken Dam/Burst bank,No,NULL,619200.0,Km2,NULL,NULL,Krishna and Godavari and tributaries,126.0,NULL,100000.0,NULL,100000.0,NULL,NULL,NULL,NULL,60.66033175,"[{""adm1_code"":1485,""adm1_name"":""Andhra Pradesh""},{""adm1_code"":1494,""adm1_name"":""Karnataka""}]","[{""gid_1"":""IND.16_1"",""migration_date"":""2025-12-20"",""migration_method"":""jaccard1"",""name_1"":""Karnataka""},{""gid_1"":""IND.2_1"",""migration_date"":""2025-12-20"",""migration_method"":""puzzle1_1"",""name_1"":""Andhra Pradesh""},{""gid_1"":""IND.32_1"",""migration_date"":""2025-12-20"",""migration_method"":""puzzle1_1"",""name_1"":""Telangana""}]",2005-09-09,2025-12-20,2005-07-23,2005-08-16
2005-0537-IND,No,Natural,Meteorological,Storm,Storm (General),NULL,IND,India,Southern Asia,Asia,"Andhra Pradesh, Orissa provinces",NULL,NULL,No,NULL,NULL,Kph,NULL,NULL,NULL,33.0,NULL,11000.0,50000.0,61000.0,NULL,NULL,NULL,NULL,60.66033175,"[{""adm1_code"":1485,""adm1_name"":""Andhra Pradesh""},{""adm1_code"":1504,""adm1_name"":""Orissa""}]","[{""gid_1"":""IND.26_1"",""migration_date"":""2025-12-20"",""migration_method"":""jaccard1"",""name_1"":""Odisha""},{""gid_1"":""IND.2_1"",""migration_date"":""2025-12-20"",""migration_method"":""puzzle1_1"",""name_1"":""Andhra Pradesh""},{""gid_1"":""IND.32_1"",""migration_date"":""2025-12-20"",""migration_method"":""puzzle1_1"",""name_1"":""Telangana""}]",2005-09-28,2025-12-20,2005-09-20,2005-09-20
2005-0599-IND,No,Natural,Hydrological,Flood,Riverine flood,NULL,IND,India,Southern Asia,Asia,"East Midnapore, South 24 Parganas, Barddhaman, Nadia districts (West Bengal province), Baleshwar district (Orissa province)",Heavy rains,NULL,No,NULL,29110.0,Km2,NULL,NULL,Ichachamati and tributaries,19.0,NULL,2000000.0,250000.0,2250000.0,NULL,NULL,117000.0,192877.0,60.66033175,"[{""adm2_code"":70207,""adm2_name"":""Baleshwar""},{""adm2_code"":17946,""adm2_name"":""Barddhaman""},{""adm2_code"":17956,""adm2_name"":""Nadia""},{""adm2_code"":70291,""adm2_name"":""East Midnapore""},{""adm2_code"":70294,""adm2_name"":""South 24 Parganas""}]","[{""gid_2"":""IND.26.3_1"",""migration_date"":""2025-12-20"",""migration_method"":""jaccard2"",""name_2"":""Baleshwar""},{""gid_2"":""IND.36.14_1"",""migration_date"":""2025-12-20"",""migration_method"":""jaccard2"",""name_2"":""Nadia""},{""gid_2"":""IND.36.17_1"",""migration_date"":""2025-12-20"",""migration_method"":""jaccard2"",""name_2"":""Purba Medinipur""},{""gid_2"":""IND.36.19_1"",""migration_date"":""2025-12-20"",""migration_method"":""jaccard2"",""name_2"":""South 24 Parganas""},{""gid_2"":""IND.36.3_1"",""migration_date"":""2025-12-20"",""migration_method"":""jaccard2"",""name_2"":""Barddhaman""}]",2005-10-25,2025-12-20,2005-10-21,2005-10-24
2006-0207-IND,No,Natural,Hydrological,Flood,Flash flood,NULL,IND,India,Southern Asia,Asia,"Adilabad, Hyderabad, Karimnagar, Khammam, Mahbubnagar, Medak, Nalgonda, Nizamabad, Rangareddi, Warangal, Srikakulam, Krishna districts (Andhra Pradesh province)",Heavy rain,NULL,No,NULL,190900.0,Km2,17.43,82.81,NULL,20.0,NULL,NULL,NULL,NULL,NULL,NULL,NULL,NULL,62.61719478,"[{""adm2_code"":17547,""adm2_name"":""Adilabad""},{""adm2_code"":17553,""adm2_name"":""Hyderabad""},{""adm2_code"":17554,""adm2_name"":""Karimnagar""},{""adm2_code"":17555,""adm2_name"":""Khammam""},{""adm2_code"":17556,""adm2_name"":""Krishna""},{""adm2_code"":17558,""adm2_name"":""Mahbubnagar""},{""adm2_code"":17559,""adm2_name"":""Medak""},{""adm2_code"":17560,""adm2_name"":""Nalgonda""},{""adm2_code"":17562,""adm2_name"":""Nizamabad""},{""adm2_code"":17564,""adm2_name"":""Rangareddi""},{""adm2_code"":17565,""adm2_name"":""Srikakulam""},{""adm2_code"":17568,""adm2_name"":""Warangal""}]","[{""gid_2"":""IND.2.5_1"",""migration_date"":""2025-12-20"",""migration_method"":""jaccard2"",""name_2"":""Krishna""},{""gid_2"":""IND.2.9_1"",""migration_date"":""2025-12-20"",""migration_method"":""jaccard2"",""name_2"":""Srikakulam""},{""gid_2"":""IND.32.10_1"",""migration_date"":""2025-12-20"",""migration_method"":""jaccard2"",""name_2"":""Warangal""},{""gid_2"":""IND.32.1_1"",""migration_date"":""2025-12-20"",""migration_method"":""jaccard2"",""name_2"":""Adilabad""},{""gid_2"":""IND.32.2_1"",""migration_date"":""2025-12-20"",""migration_method"":""jaccard2"",""name_2"":""Hyderabad""},{""gid_2"":""IND.32.3_1"",""migration_date"":""2025-12-20"",""migration_method"":""jaccard2"",""name_2"":""Karimnagar""},{""gid_2"":""IND.32.4_1"",""migration_date"":""2025-12-20"",""migration_method"":""jaccard2"",""name_2"":""Khammam""},{""gid_2"":""IND.32.5_1"",""migration_date"":""2025-12-20"",""migration_method"":""jaccard2"",""name_2"":""Mahbubnagar""},{""gid_2"":""IND.32.6_1"",""migration_date"":""2025-12-20"",""migration_method"":""jaccard2"",""name_2"":""Medak""},{""gid_2"":""IND.32.7_1"",""migration_date"":""2025-12-20"",""migration_method"":""jaccard2"",""name_2"":""Nalgonda""},{""gid_2"":""IND.32.8_1"",""migration_date"":""2025-12-20"",""migration_method"":""jaccard2"",""name_2"":""Nizamabad""},{""gid_2"":""IND.32.9_1"",""migration_date"":""2025-12-20"",""migration_method"":""jaccard2"",""name_2"":""Ranga Reddy""}]",2007-01-04,2025-12-20,2006-04-15,2006-04-18
2006-0262-IND,No,Natural,Hydrological,Flood,Riverine flood,NULL,IND,India,Southern Asia,Asia,"Assam, Tripura provinces",Monsoonal rain,NULL,No,NULL,47020.0,Km2,26.6,94.02,Brahmaputra and tributaries,21.0,NULL,504000.0,NULL,504000.0,NULL,NULL,NULL,NULL,62.61719478,"[{""adm1_code"":1487,""adm1_name"":""Assam""},{""adm1_code"":1509,""adm1_name"":""Tripura""}]","[{""gid_1"":""IND.33_1"",""migration_date"":""2025-12-20"",""migration_method"":""jaccard1"",""name_1"":""Tripura""},{""gid_1"":""IND.4_1"",""migration_date"":""2025-12-20"",""migration_method"":""jaccard1"",""name_1"":""Assam""}]",2007-01-06,2025-12-20,2006-05-31,2006-07-24
2006-0548-IND,No,Natural,Hydrological,Flood,Flash flood,NULL,IND,India,Southern Asia,Asia,Jammu and Kashmir provinces,Monsoonal rai,"Slide (land, mud, snow, rock)",No,NULL,NULL,Km2,32.89,73.88,"Jhelum, Sutlej, Lidder, Chenab, Tavi, Tawi, Munnawar Tawi",19.0,NULL,15000.0,NULL,15000.0,NULL,NULL,NULL,NULL,62.61719478,"[{""adm1_code"":40422,""adm1_name"":""Administrative unit not available""},{""adm1_code"":40423,""adm1_name"":""Administrative unit not available""},{""adm1_code"":40424,""adm1_name"":""Administrative unit not available""},{""adm1_code"":40425,""adm1_name"":""Administrative unit not available""},{""adm1_code"":40426,""adm1_name"":""Administrative unit not available""},{""adm1_code"":40427,""adm1_name"":""Administrative unit not available""},{""adm1_code"":40428,""adm1_name"":""Administrative unit not available""},{""adm1_code"":40429,""adm1_name"":""Administrative unit not available""},{""adm1_code"":40430,""adm1_name"":""Administrative unit not available""},{""adm1_code"":40431,""adm1_name"":""Administrative unit not available""}]","[{""gid_2"":""Z01.14.10_1"",""migration_date"":""2025-12-20"",""migration_method"":""puzzle1_2"",""name_2"":""Kishtwar""},{""gid_2"":""Z01.14.12_1"",""migration_date"":""2025-12-20"",""migration_method"":""puzzle1_2"",""name_2"":""Kupwara""},{""gid_2"":""Z01.14.13_1"",""migration_date"":""2025-12-20"",""migration_method"":""puzzle1_2"",""name_2"":""Leh (Ladakh)""},{""gid_2"":""Z01.14.14_1"",""migration_date"":""2025-12-20"",""migration_method"":""puzzle1_2"",""name_2"":""Poonch""},{""gid_2"":""Z01.14.16_1"",""migration_date"":""2025-12-20"",""migration_method"":""puzzle1_2"",""name_2"":""Rajouri""},{""gid_2"":""Z01.14.17_1"",""migration_date"":""2025-12-20"",""migration_method"":""puzzle1_2"",""name_2"":""Ramban""},{""gid_2"":""Z01.14.18_1"",""migration_date"":""2025-12-20"",""migration_method"":""puzzle1_2"",""name_2"":""Reasi""},{""gid_2"":""Z01.14.19_1"",""migration_date"":""2025-12-20"",""migration_method"":""puzzle1_2"",""name_2"":""Samba""},{""gid_2"":""Z01.14.21_1"",""migration_date"":""2025-12-20"",""migration_method"":""puzzle1_2"",""name_2"":""Srinagar""},{""gid_2"":""Z01.14.22_1"",""migration_date"":""2025-12-20"",""migration_method"":""puzzle1_2"",""name_2"":""Udhampur""},{""gid_2"":""Z01.14.2_1"",""migration_date"":""2025-12-20"",""migration_method"":""puzzle1_2"",""name_2"":""Badgam""},{""gid_2"":""Z01.14.3_1"",""migration_date"":""2025-12-20"",""migration_method"":""puzzle1_2"",""name_2"":""Bandipore""},{""gid_2"":""Z01.14.4_1"",""migration_date"":""2025-12-20"",""migration_method"":""puzzle1_2"",""name_2"":""Baramulla""},{""gid_2"":""Z01.14.5_1"",""migration_date"":""2025-12-20"",""migration_method"":""puzzle1_2"",""name_2"":""Doda""},{""gid_2"":""Z01.14.6_1"",""migration_date"":""2025-12-20"",""migration_method"":""puzzle1_2"",""name_2"":""Ganderbal""},{""gid_2"":""Z01.14.7_1"",""migration_date"":""2025-12-20"",""migration_method"":""puzzle1_2"",""name_2"":""Jammu""},{""gid_2"":""Z01.14.8_1"",""migration_date"":""2025-12-20"",""migration_method"":""puzzle1_2"",""name_2"":""Kargil""},{""gid_2"":""Z01.14.9_1"",""migration_date"":""2025-12-20"",""migration_method"":""puzzle1_2"",""name_2"":""Kathua""}]",2007-01-07,2025-12-20,2006-08-31,2006-09-11
2006-0549-IND,No,Natural,Hydrological,Flood,Riverine flood,NULL,IND,India,Southern Asia,Asia,"Balrampur, Bahraich, Lakhimpur Kheri, Shravasti, Gonda, Bara Banki districts (Uttar Pradesh province)",Monsoonal rain,NULL,No,NULL,32700.0,Km2,27.59,81.52,"Rapti, Ghaghra, SAryu",42.0,NULL,100000.0,NULL,100000.0,NULL,NULL,NULL,NULL,62.61719478,"[{""adm2_code"":17893,""adm2_name"":""Bahraich""},{""adm2_code"":17896,""adm2_name"":""Bara Banki""},{""adm2_code"":17913,""adm2_name"":""Gonda""},{""adm2_code"":17921,""adm2_name"":""Lakhimpur Kheri""},{""adm2_code"":70261,""adm2_name"":""Balrampur""},{""adm2_code"":70277,""adm2_name"":""Shravasti""}]","[{""gid_2"":""IND.34.10_1"",""migration_date"":""2025-12-20"",""migration_method"":""jaccard2"",""name_2"":""Bahraich""},{""gid_2"":""IND.34.12_1"",""migration_date"":""2025-12-20"",""migration_method"":""jaccard2"",""name_2"":""Balrampur""},{""gid_2"":""IND.34.14_1"",""migration_date"":""2025-12-20"",""migration_method"":""jaccard2"",""name_2"":""Barabanki""},{""gid_2"":""IND.34.32_1"",""migration_date"":""2025-12-20"",""migration_method"":""jaccard2"",""name_2"":""Gonda""},{""gid_2"":""IND.34.47_1"",""migration_date"":""2025-12-20"",""migration_method"":""jaccard2"",""name_2"":""Lakhimpur Kheri""},{""gid_2"":""IND.34.69_1"",""migration_date"":""2025-12-20"",""migration_method"":""jaccard2"",""name_2"":""Shravasti""}]",2007-01-07,2025-12-20,2006-08-29,2006-09-04
2007-0320-IND,No,Natural,Hydrological,Flood,Riverine flood,NULL,IND,India,Southern Asia,Asia,"Bihar, Uttar Pradesh, Assam, Orissa, West Bengal provinces",Monsoonal rain,NULL,No,NULL,483900.0,Km2,22.63,88.49,"Ganga, Brahmaputra, Meghana rivers",1103.0,NULL,18700000.0,NULL,18700000.0,NULL,NULL,NULL,NULL,64.40346368,"[{""adm1_code"":1487,""adm1_name"":""Assam""},{""adm1_code"":1504,""adm1_name"":""Orissa""},{""adm1_code"":1511,""adm1_name"":""West Bengal""},{""adm1_code"":70073,""adm1_name"":""Bihar""},{""adm1_code"":70081,""adm1_name"":""Uttar Pradesh""}]","[{""gid_1"":""IND.26_1"",""migration_date"":""2025-12-20"",""migration_method"":""jaccard1"",""name_1"":""Odisha""},{""gid_1"":""IND.34_1"",""migration_date"":""2025-12-20"",""migration_method"":""jaccard1"",""name_1"":""Uttar Pradesh""},{""gid_1"":""IND.36_1"",""migration_date"":""2025-12-20"",""migration_method"":""jaccard1"",""name_1"":""West Bengal""},{""gid_1"":""IND.4_1"",""migration_date"":""2025-12-20"",""migration_method"":""jaccard1"",""name_1"":""Assam""},{""gid_1"":""IND.5_1"",""migration_date"":""2025-12-20"",""migration_method"":""jaccard1"",""name_1"":""Bihar""}]",2008-08-04,2025-12-20,2007-07-03,2007-09-22
2007-0364-IND,No,Natural,Hydrological,Flood,Riverine flood,NULL,IND,India,Southern Asia,Asia,Himachal Pradesh province,Heavy rains,"Slide (land, mud, snow, rock)",No,NULL,191400.0,Km2,31.24,76.53,"Tawi, Sutlej, Basantar",76.0,NULL,15000.0,NULL,15000.0,NULL,NULL,NULL,NULL,64.40346368,"[{""adm1_code"":1493,""adm1_name"":""Himachal Pradesh""}]","[{""gid_1"":""IND.13_1"",""migration_date"":""2025-12-20"",""migration_method"":""jaccard1"",""name_1"":""Himachal Pradesh""}]",2007-09-06,2025-12-20,2007-08-12,2007-08-17
2007-0524-IND,No,Natural,Hydrological,Flood,Riverine flood,NULL,IND,India,Southern Asia,Asia,"Andhra Pradesh, Tamil Nadu province",Heavy rain,NULL,No,NULL,76740.0,Km2,12.73,79.7,"Mamidikalva and other canals at Naidupet, Pannaiyar, Vellar, Gedilam, Paravanarul, Kollidam, Old Kollidam and the Manimautharu",29.0,NULL,50000.0,NULL,50000.0,NULL,NULL,NULL,NULL,64.40346368,"[{""adm1_code"":1485,""adm1_name"":""Andhra Pradesh""},{""adm1_code"":1508,""adm1_name"":""Tamil Nadu""}]","[{""gid_1"":""IND.2_1"",""migration_date"":""2025-12-20"",""migration_method"":""puzzle1_1"",""name_1"":""Andhra Pradesh""},{""gid_1"":""IND.31_1"",""migration_date"":""2025-12-20"",""migration_method"":""jaccard1"",""name_1"":""Tamil Nadu""},{""gid_1"":""IND.32_1"",""migration_date"":""2025-12-20"",""migration_method"":""puzzle1_1"",""name_1"":""Telangana""}]",2007-11-26,2025-12-20,2007-10-27,2007-11-01
2007-0602-IND,No,Natural,Hydrological,Flood,Riverine flood,NULL,IND,India,Southern Asia,Asia,"Assam, Arunachal Pradesh, Meghalaya, Manipur provinces",Monsoonal rain,NULL,No,NULL,103600.0,Km2,27.58,95.26,NULL,96.0,NULL,11100000.0,NULL,11100000.0,NULL,NULL,NULL,NULL,64.40346368,"[{""adm1_code"":1487,""adm1_name"":""Assam""},{""adm1_code"":1500,""adm1_name"":""Manipur""},{""adm1_code"":1501,""adm1_name"":""Meghalaya""},{""adm1_code"":70036,""adm1_name"":""Administrative unit not available""},{""adm1_code"":70037,""adm1_name"":""Administrative unit not available""},{""adm1_code"":70072,""adm1_name"":""Arunachal Pradesh""}]","[{""gid_1"":""IND.21_1"",""migration_date"":""2025-12-20"",""migration_method"":""jaccard1"",""name_1"":""Manipur""},{""gid_1"":""IND.22_1"",""migration_date"":""2025-12-20"",""migration_method"":""jaccard1"",""name_1"":""Meghalaya""},{""gid_1"":""IND.3_1"",""migration_date"":""2025-12-20"",""migration_method"":""jaccard1"",""name_1"":""Arunachal Pradesh""},{""gid_1"":""IND.4_1"",""migration_date"":""2025-12-20"",""migration_method"":""jaccard1"",""name_1"":""Assam""},{""gid_1"":""Z07.3_1"",""migration_date"":""2025-12-20"",""migration_method"":""jaccard1"",""name_1"":""Arunachal Pradesh""}]",2007-12-18,2025-12-20,2007-07-12,2007-10-10
2007-0603-IND,No,Natural,Hydrological,Flood,Riverine flood,NULL,IND,India,Southern Asia,Asia,Kerala province,Monsoonal rain,NULL,No,NULL,21120.0,Km2,10.39,76.31,NULL,44.0,NULL,35000.0,NULL,35000.0,NULL,NULL,101151.0,157058.0,64.40346368,"[{""adm1_code"":1495,""adm1_name"":""Kerala""}]","[{""gid_1"":""IND.17_1"",""migration_date"":""2025-12-20"",""migration_method"":""jaccard1"",""name_1"":""Kerala""}]",2007-12-18,2025-12-20,2007-07-16,2007-07-20
2007-0683-IND,No,Natural,Hydrological,Flood,Flood (General),NULL,IND,India,Southern Asia,Asia,"Rajasthan, Uttar Pradesh, Madhya Pradesh, Jammu and Kashmir provinces",Heavy rains,Rain,No,NULL,NULL,Km2,NULL,NULL,NULL,40.0,8.0,NULL,NULL,8.0,NULL,NULL,NULL,NULL,64.40346368,"[{""adm1_code"":1506,""adm1_name"":""Rajasthan""},{""adm1_code"":40408,""adm1_name"":""Administrative unit not available""},{""adm1_code"":40409,""adm1_name"":""Administrative unit not available""},{""adm1_code"":40422,""adm1_name"":""Administrative unit not available""},{""adm1_code"":40423,""adm1_name"":""Administrative unit not available""},{""adm1_code"":40424,""adm1_name"":""Administrative unit not available""},{""adm1_code"":40425,""adm1_name"":""Administrative unit not available""},{""adm1_code"":40426,""adm1_name"":""Administrative unit not available""},{""adm1_code"":40427,""adm1_name"":""Administrative unit not available""},{""adm1_code"":40428,""adm1_name"":""Administrative unit not available""},{""adm1_code"":40429,""adm1_name"":""Administrative unit not available""},{""adm1_code"":40430,""adm1_name"":""Administrative unit not available""},{""adm1_code"":40431,""adm1_name"":""Administrative unit not available""},{""adm1_code"":70079,""adm1_name"":""Madhya Pradesh""},{""adm1_code"":70081,""adm1_name"":""Uttar Pradesh""}]","[{""gid_1"":""IND.19_1"",""migration_date"":""2025-12-20"",""migration_method"":""jaccard1"",""name_1"":""Madhya Pradesh""},{""gid_1"":""IND.29_1"",""migration_date"":""2025-12-20"",""migration_method"":""jaccard1"",""name_1"":""Rajasthan""},{""gid_1"":""IND.34_1"",""migration_date"":""2025-12-20"",""migration_method"":""jaccard1"",""name_1"":""Uttar Pradesh""},{""gid_1"":""Z06.1_1"",""migration_date"":""2025-12-20"",""migration_method"":""jaccard1"",""name_1"":""Azad Kashmir""},{""gid_1"":""Z06.6_1"",""migration_date"":""2025-12-20"",""migration_method"":""jaccard1"",""name_1"":""Gilgit-Baltistan""},{""gid_2"":""Z01.14.10_1"",""migration_date"":""2025-12-20"",""migration_method"":""puzzle1_2"",""name_2"":""Kishtwar""},{""gid_2"":""Z01.14.12_1"",""migration_date"":""2025-12-20"",""migration_method"":""puzzle1_2"",""name_2"":""Kupwara""},{""gid_2"":""Z01.14.13_1"",""migration_date"":""2025-12-20"",""migration_method"":""puzzle1_2"",""name_2"":""Leh (Ladakh)""},{""gid_2"":""Z01.14.14_1"",""migration_date"":""2025-12-20"",""migration_method"":""puzzle1_2"",""name_2"":""Poonch""},{""gid_2"":""Z01.14.16_1"",""migration_date"":""2025-12-20"",""migration_method"":""puzzle1_2"",""name_2"":""Rajouri""},{""gid_2"":""Z01.14.17_1"",""migration_date"":""2025-12-20"",""migration_method"":""puzzle1_2"",""name_2"":""Ramban""},{""gid_2"":""Z01.14.18_1"",""migration_date"":""2025-12-20"",""migration_method"":""puzzle1_2"",""name_2"":""Reasi""},{""gid_2"":""Z01.14.19_1"",""migration_date"":""2025-12-20"",""migration_method"":""puzzle1_2"",""name_2"":""Samba""},{""gid_2"":""Z01.14.21_1"",""migration_date"":""2025-12-20"",""migration_method"":""puzzle1_2"",""name_2"":""Srinagar""},{""gid_2"":""Z01.14.22_1"",""migration_date"":""2025-12-20"",""migration_method"":""puzzle1_2"",""name_2"":""Udhampur""},{""gid_2"":""Z01.14.2_1"",""migration_date"":""2025-12-20"",""migration_method"":""puzzle1_2"",""name_2"":""Badgam""},{""gid_2"":""Z01.14.3_1"",""migration_date"":""2025-12-20"",""migration_method"":""puzzle1_2"",""name_2"":""Bandipore""},{""gid_2"":""Z01.14.4_1"",""migration_date"":""2025-12-20"",""migration_method"":""puzzle1_2"",""name_2"":""Baramulla""},{""gid_2"":""Z01.14.5_1"",""migration_date"":""2025-12-20"",""migration_method"":""puzzle1_2"",""name_2"":""Doda""},{""gid_2"":""Z01.14.6_1"",""migration_date"":""2025-12-20"",""migration_method"":""puzzle1_2"",""name_2"":""Ganderbal""},{""gid_2"":""Z01.14.7_1"",""migration_date"":""2025-12-20"",""migration_method"":""puzzle1_2"",""name_2"":""Jammu""},{""gid_2"":""Z01.14.8_1"",""migration_date"":""2025-12-20"",""migration_method"":""puzzle1_2"",""name_2"":""Kargil""},{""gid_2"":""Z01.14.9_1"",""migration_date"":""2025-12-20"",""migration_method"":""puzzle1_2"",""name_2"":""Kathua""}]",2008-03-28,2025-12-20,2007-02-11,2007-02-16
2008-0062-IND,No,Natural,Hydrological,Mass movement (wet),Landslide (wet),NULL,IND,India,Southern Asia,Asia,Administrative unit not available districts (Jammu and Kashmir province),Heavy snow fall,NULL,No,NULL,NULL,NULL,NULL,NULL,NULL,37.0,NULL,NULL,NULL,NULL,NULL,NULL,NULL,NULL,66.87597418,"[{""adm2_code"":72802,""adm2_name"":""Administrative unit not available""},{""adm2_code"":72789,""adm2_name"":""Administrative unit not available""}]",NULL,2008-07-31,2023-09-25,2008-02-08,2008-02-08
2008-0130-IND,No,Natural,Hydrological,Flood,Flood (General),NULL,IND,India,Southern Asia,Asia,"Tamil Nadu, Karnataka provinces",Heavy rain,NULL,No,NULL,144300.0,Km2,10.76,78.72,Bennihalla,37.0,NULL,10278.0,NULL,10278.0,NULL,NULL,2000.0,2991.0,66.87597418,"[{""adm1_code"":1494,""adm1_name"":""Karnataka""},{""adm1_code"":1508,""adm1_name"":""Tamil Nadu""}]","[{""gid_1"":""IND.16_1"",""migration_date"":""2025-12-20"",""migration_method"":""jaccard1"",""name_1"":""Karnataka""},{""gid_1"":""IND.31_1"",""migration_date"":""2025-12-20"",""migration_method"":""jaccard1"",""name_1"":""Tamil Nadu""}]",2008-04-07,2025-12-20,2008-03-20,2008-03-28
2008-0423-IND,No,Natural,Hydrological,Flood,Riverine flood,NULL,IND,India,Southern Asia,Asia,"Orissa, Uttar Pradesh, Himachal Pradesh provinces",Monsoonal rain,"Slide (land, mud, snow, rock)",No,NULL,NULL,Km2,NULL,NULL,NULL,173.0,NULL,NULL,2400000.0,2400000.0,NULL,NULL,NULL,NULL,66.87597418,"[{""adm1_code"":1493,""adm1_name"":""Himachal Pradesh""},{""adm1_code"":1504,""adm1_name"":""Orissa""},{""adm1_code"":70081,""adm1_name"":""Uttar Pradesh""}]","[{""gid_1"":""IND.13_1"",""migration_date"":""2025-12-20"",""migration_method"":""jaccard1"",""name_1"":""Himachal Pradesh""},{""gid_1"":""IND.26_1"",""migration_date"":""2025-12-20"",""migration_method"":""jaccard1"",""name_1"":""Odisha""},{""gid_1"":""IND.34_1"",""migration_date"":""2025-12-20"",""migration_method"":""jaccard1"",""name_1"":""Uttar Pradesh""}]",2008-09-24,2025-12-20,2008-09-14,2008-09-21
2008-0486-IND,No,Natural,Hydrological,Flood,Riverine flood,NULL,IND,India,Southern Asia,Asia,"Muzaffarpur, Supaul, Patna, Katihar, Nalanda, Araria, Pashchim Champaran, Sheikhpura, Saharsa, Purnia, Saran, Begusarai, Bhagalpur, Madhepura, Vaishali, Khagaria districts (Bihar province), Assam province","River Kosi in Nepal discharged huge levels of water, monsoonal rains",Broken Dam/Burst bank,No,NULL,80590.0,Km2,22.044,94.55,Brahmaputra river,47.0,NULL,2600000.0,NULL,2600000.0,NULL,NULL,20000.0,29906.0,66.87597418,"[{""adm1_code"":1487,""adm1_name"":""Assam""},{""adm2_code"":17595,""adm2_name"":""Begusarai""},{""adm2_code"":17596,""adm2_name"":""Bhagalpur""},{""adm2_code"":17608,""adm2_name"":""Katihar""},{""adm2_code"":17609,""adm2_name"":""Khagaria""},{""adm2_code"":17612,""adm2_name"":""Madhepura""},{""adm2_code"":17613,""adm2_name"":""Muzaffarpur""},{""adm2_code"":17615,""adm2_name"":""Nalanda""},{""adm2_code"":17618,""adm2_name"":""Pashchim Champaran""},{""adm2_code"":17619,""adm2_name"":""Patna""},{""adm2_code"":17621,""adm2_name"":""Purnia""},{""adm2_code"":17624,""adm2_name"":""Saharsa""},{""adm2_code"":17628,""adm2_name"":""Saran""},{""adm2_code"":17632,""adm2_name"":""Vaishali""},{""adm2_code"":70094,""adm2_name"":""Araria""},{""adm2_code"":70102,""adm2_name"":""Sheikhpura""},{""adm2_code"":70104,""adm2_name"":""Supaul""}]","[{""gid_1"":""IND.4_1"",""migration_date"":""2025-12-20"",""migration_method"":""jaccard1"",""name_1"":""Assam""},{""gid_2"":""IND.5.15_1"",""migration_date"":""2025-12-20"",""migration_method"":""jaccard2"",""name_2"":""Katihar""},{""gid_2"":""IND.5.16_1"",""migration_date"":""2025-12-20"",""migration_method"":""jaccard2"",""name_2"":""Khagaria""},{""gid_2"":""IND.5.19_1"",""migration_date"":""2025-12-20"",""migration_method"":""jaccard2"",""name_2"":""Madhepura""},{""gid_2"":""IND.5.1_1"",""migration_date"":""2025-12-20"",""migration_method"":""jaccard2"",""name_2"":""Araria""},{""gid_2"":""IND.5.22_1"",""migration_date"":""2025-12-20"",""migration_method"":""jaccard2"",""name_2"":""Muzaffarpur""},{""gid_2"":""IND.5.23_1"",""migration_date"":""2025-12-20"",""migration_method"":""jaccard2"",""name_2"":""Nalanda""},{""gid_2"":""IND.5.25_1"",""migration_date"":""2025-12-20"",""migration_method"":""jaccard2"",""name_2"":""Pashchim Champaran""},{""gid_2"":""IND.5.26_1"",""migration_date"":""2025-12-20"",""migration_method"":""jaccard2"",""name_2"":""Patna""},{""gid_2"":""IND.5.28_1"",""migration_date"":""2025-12-20"",""migration_method"":""jaccard2"",""name_2"":""Purnia""},{""gid_2"":""IND.5.30_1"",""migration_date"":""2025-12-20"",""migration_method"":""jaccard2"",""name_2"":""Saharsa""},{""gid_2"":""IND.5.32_1"",""migration_date"":""2025-12-20"",""migration_method"":""jaccard2"",""name_2"":""Saran""},{""gid_2"":""IND.5.33_1"",""migration_date"":""2025-12-20"",""migration_method"":""jaccard2"",""name_2"":""Sheikhpura""},{""gid_2"":""IND.5.37_1"",""migration_date"":""2025-12-20"",""migration_method"":""jaccard2"",""name_2"":""Supaul""},{""gid_2"":""IND.5.38_1"",""migration_date"":""2025-12-20"",""migration_method"":""jaccard2"",""name_2"":""Vaishali""},{""gid_2"":""IND.5.5_1"",""migration_date"":""2025-12-20"",""migration_method"":""jaccard2"",""name_2"":""Begusarai""},{""gid_2"":""IND.5.6_1"",""migration_date"":""2025-12-20"",""migration_method"":""jaccard2"",""name_2"":""Bhagalpur""}]",2009-01-12,2025-12-20,2008-08-30,2008-09-08
2008-0646-IND,No,Natural,Meteorological,Storm,Sand/Dust storm,NULL,IND,India,Southern Asia,Asia,Uttar Pradesh province,NULL,Flood,No,NULL,110.0,Kph,NULL,NULL,NULL,111.0,50.0,NULL,NULL,50.0,NULL,NULL,25000.0,37383.0,66.87597418,"[{""adm1_code"":70081,""adm1_name"":""Uttar Pradesh""}]","[{""gid_1"":""IND.34_1"",""migration_date"":""2025-12-20"",""migration_method"":""jaccard1"",""name_1"":""Uttar Pradesh""}]",2009-03-25,2025-12-20,2008-05-14,2008-05-14
2009-0303-IND,No,Natural,Hydrological,Flood,Flash flood,NULL,IND,India,Southern Asia,Asia,Delhi province,Torrential rain,NULL,No,NULL,NULL,Km2,NULL,NULL,NULL,11.0,NULL,NULL,NULL,NULL,NULL,NULL,NULL,NULL,66.63820107,"[{""adm1_code"":1489,""adm1_name"":""Delhi""}]","[{""gid_1"":""IND.25_1"",""migration_date"":""2025-12-20"",""migration_method"":""jaccard1"",""name_1"":""NCT of Delhi""}]",2009-08-13,2025-12-20,2009-07-29,2009-07-29
2009-0483-IND,No,Natural,Hydrological,Flood,Riverine flood,NULL,IND,India,Southern Asia,Asia,"Ooty, Coonoor cities (Nilgiris district, Tamil Nadu)",Heavy rains,"Slide (land, mud, snow, rock)",No,NULL,35730.0,Km2,11.47,77.85,NULL,70.0,8.0,NULL,NULL,8.0,NULL,NULL,64000.0,96041.0,66.63820107,"[{""adm2_code"":17873,""adm2_name"":""Nilgiris""}]","[{""gid_2"":""IND.31.21_1"",""migration_date"":""2025-12-20"",""migration_method"":""jaccard2"",""name_2"":""The Nilgiris""}]",2010-03-05,2025-12-20,2009-11-03,2009-11-08
2009-0595-IND,No,Natural,Meteorological,Extreme temperature,Cold wave,NULL,IND,India,Southern Asia,Asia,"Srinagar city ('72808' district, '40424' Jammu and Kashmir province), Uttar Pradesh, Himachal Pradesh, Delhi, Bihar provinces",NULL,NULL,No,NULL,-9.0,°C,NULL,NULL,NULL,100.0,NULL,NULL,NULL,NULL,NULL,NULL,NULL,NULL,67.73109453,"[{""adm1_code"":1489,""adm1_name"":""Delhi""},{""adm1_code"":1493,""adm1_name"":""Himachal Pradesh""},{""adm1_code"":70073,""adm1_name"":""Bihar""},{""adm1_code"":70081,""adm1_name"":""Uttar Pradesh""},{""adm2_code"":72808,""adm2_name"":""Administrative unit not available""}]","[{""gid_1"":""IND.13_1"",""migration_date"":""2025-12-20"",""migration_method"":""jaccard1"",""name_1"":""Himachal Pradesh""},{""gid_1"":""IND.25_1"",""migration_date"":""2025-12-20"",""migration_method"":""jaccard1"",""name_1"":""NCT of Delhi""},{""gid_1"":""IND.34_1"",""migration_date"":""2025-12-20"",""migration_method"":""jaccard1"",""name_1"":""Uttar Pradesh""},{""gid_1"":""IND.5_1"",""migration_date"":""2025-12-20"",""migration_method"":""jaccard1"",""name_1"":""Bihar""},{""gid_2"":""Z01.14.21_1"",""migration_date"":""2025-12-20"",""migration_method"":""bufhaus2"",""name_2"":""Srinagar""}]",2010-08-04,2025-12-20,2010-01-02,2010-01-13
2009-0609-IND,No,Natural,Meteorological,Storm,Tropical cyclone,Cyclone Phyan,IND,India,Southern Asia,Asia,"Gujarat, Madhya Pradesh, Maharashtra provinces",NULL,NULL,No,NULL,NULL,Kph,NULL,NULL,NULL,20.0,NULL,NULL,NULL,NULL,NULL,NULL,300000.0,450192.0,66.63820107,"[{""adm1_code"":1491,""adm1_name"":""Gujarat""},{""adm1_code"":1498,""adm1_name"":""Maharashtra""},{""adm1_code"":70079,""adm1_name"":""Madhya Pradesh""}]","[{""gid_1"":""IND.11_1"",""migration_date"":""2025-12-20"",""migration_method"":""jaccard1"",""name_1"":""Gujarat""},{""gid_1"":""IND.19_1"",""migration_date"":""2025-12-20"",""migration_method"":""jaccard1"",""name_1"":""Madhya Pradesh""},{""gid_1"":""IND.20_1"",""migration_date"":""2025-12-20"",""migration_method"":""jaccard1"",""name_1"":""Maharashtra""}]",2010-03-08,2025-12-20,2009-11-11,2009-11-12
2010-0171-IND,No,Natural,Meteorological,Storm,Tropical cyclone,NULL,IND,India,Southern Asia,Asia,"Bihar, West Bengal, Assam provinces",NULL,NULL,No,NULL,NULL,Kph,NULL,NULL,NULL,114.0,NULL,NULL,500000.0,500000.0,NULL,NULL,NULL,NULL,67.73109453,"[{""adm1_code"":1487,""adm1_name"":""Assam""},{""adm1_code"":1511,""adm1_name"":""West Bengal""},{""adm1_code"":70073,""adm1_name"":""Bihar""}]","[{""gid_1"":""IND.36_1"",""migration_date"":""2025-12-20"",""migration_method"":""jaccard1"",""name_1"":""West Bengal""},{""gid_1"":""IND.4_1"",""migration_date"":""2025-12-20"",""migration_method"":""jaccard1"",""name_1"":""Assam""},{""gid_1"":""IND.5_1"",""migration_date"":""2025-12-20"",""migration_method"":""jaccard1"",""name_1"":""Bihar""}]",2010-04-26,2025-12-20,2010-04-13,2010-04-14
2010-0206-IND,No,Natural,Meteorological,Extreme temperature,Heat wave,NULL,IND,India,Southern Asia,Asia,"Delhi, Haryana, Madhya Pradesh, Orissa, Rajasthan, Uttar Pradesh provinces",NULL,NULL,No,NULL,49.0,°C,NULL,NULL,NULL,250.0,NULL,NULL,NULL,NULL,NULL,NULL,NULL,NULL,67.73109453,"[{""adm1_code"":1489,""adm1_name"":""Delhi""},{""adm1_code"":1492,""adm1_name"":""Haryana""},{""adm1_code"":1504,""adm1_name"":""Orissa""},{""adm1_code"":1506,""adm1_name"":""Rajasthan""},{""adm1_code"":70079,""adm1_name"":""Madhya Pradesh""},{""adm1_code"":70081,""adm1_name"":""Uttar Pradesh""}]","[{""gid_1"":""IND.12_1"",""migration_date"":""2025-12-20"",""migration_method"":""jaccard1"",""name_1"":""Haryana""},{""gid_1"":""IND.19_1"",""migration_date"":""2025-12-20"",""migration_method"":""jaccard1"",""name_1"":""Madhya Pradesh""},{""gid_1"":""IND.25_1"",""migration_date"":""2025-12-20"",""migration_method"":""jaccard1"",""name_1"":""NCT of Delhi""},{""gid_1"":""IND.26_1"",""migration_date"":""2025-12-20"",""migration_method"":""jaccard1"",""name_1"":""Odisha""},{""gid_1"":""IND.29_1"",""migration_date"":""2025-12-20"",""migration_method"":""jaccard1"",""name_1"":""Rajasthan""},{""gid_1"":""IND.34_1"",""migration_date"":""2025-12-20"",""migration_method"":""jaccard1"",""name_1"":""Uttar Pradesh""}]",2010-05-27,2025-12-20,2010-03-01,2010-05-01
2010-0688-IND,No,Natural,Meteorological,Storm,Severe weather,NULL,IND,India,Southern Asia,Asia,"Nawabganj town (Gonda district, Uttar Pradesh province), Allahabad, Unnao districts (Uttar Pradesh province)",NULL,Hail,No,NULL,NULL,Kph,NULL,NULL,NULL,12.0,30.0,NULL,2000.0,2030.0,NULL,NULL,NULL,NULL,67.73109453,"[{""adm2_code"":17890,""adm2_name"":""Allahabad""},{""adm2_code"":17913,""adm2_name"":""Gonda""},{""adm2_code"":17941,""adm2_name"":""Unnao""}]","[{""gid_2"":""IND.34.32_1"",""migration_date"":""2025-12-20"",""migration_method"":""jaccard2"",""name_2"":""Gonda""},{""gid_2"":""IND.34.3_1"",""migration_date"":""2025-12-20"",""migration_method"":""jaccard2"",""name_2"":""Allahabad""},{""gid_2"":""IND.34.74_1"",""migration_date"":""2025-12-20"",""migration_method"":""jaccard2"",""name_2"":""Unnao""}]",2011-04-11,2025-12-20,2010-05-24,2010-05-24
2011-0007-IND,No,Natural,Meteorological,Extreme temperature,Cold wave,NULL,IND,India,Southern Asia,Asia,"Delhi province, Allahabad, Pratapgarh, Jaunpur, Bara Banki districts (Uttar Pradesh province), Sundernagar city (Mandi district, Himachal Pradesh province), Bhuntar city (Kullu district, Himachal Pradesh province), Shimla, Solan districts (Himachal Pradesh province), Leh city ('40422' Jammu and Kashmir province), Qazigund city ('40425' Jammu and Kashmir province), Bihar province",NULL,NULL,No,NULL,-20.2,°C,NULL,NULL,NULL,80.0,NULL,NULL,NULL,NULL,NULL,NULL,NULL,NULL,69.86926351,"[{""adm1_code"":1489,""adm1_name"":""Delhi""},{""adm1_code"":40422,""adm1_name"":""Administrative unit not available""},{""adm1_code"":40425,""adm1_name"":""Administrative unit not available""},{""adm1_code"":70073,""adm1_name"":""Bihar""},{""adm2_code"":17671,""adm2_name"":""Kullu""},{""adm2_code"":17673,""adm2_name"":""Mandi""},{""adm2_code"":17674,""adm2_name"":""Shimla""},{""adm2_code"":17676,""adm2_name"":""Solan""},{""adm2_code"":17890,""adm2_name"":""Allahabad""},{""adm2_code"":17896,""adm2_name"":""Bara Banki""},{""adm2_code"":17918,""adm2_name"":""Jaunpur""},{""adm2_code"":17933,""adm2_name"":""Pratapgarh""}]","[{""gid_1"":""IND.25_1"",""migration_date"":""2025-12-20"",""migration_method"":""jaccard1"",""name_1"":""NCT of Delhi""},{""gid_1"":""IND.5_1"",""migration_date"":""2025-12-20"",""migration_method"":""jaccard1"",""name_1"":""Bihar""},{""gid_2"":""IND.13.11_1"",""migration_date"":""2025-12-20"",""migration_method"":""jaccard2"",""name_2"":""Solan""},{""gid_2"":""IND.13.6_1"",""migration_date"":""2025-12-20"",""migration_method"":""jaccard2"",""name_2"":""Kullu""},{""gid_2"":""IND.13.8_1"",""migration_date"":""2025-12-20"",""migration_method"":""jaccard2"",""name_2"":""Mandi""},{""gid_2"":""IND.13.9_1"",""migration_date"":""2025-12-20"",""migration_method"":""jaccard2"",""name_2"":""Shimla""},{""gid_2"":""IND.34.14_1"",""migration_date"":""2025-12-20"",""migration_method"":""jaccard2"",""name_2"":""Barabanki""},{""gid_2"":""IND.34.39_1"",""migration_date"":""2025-12-20"",""migration_method"":""jaccard2"",""name_2"":""Jaunpur""},{""gid_2"":""IND.34.3_1"",""migration_date"":""2025-12-20"",""migration_method"":""jaccard2"",""name_2"":""Allahabad""},{""gid_2"":""IND.34.60_1"",""migration_date"":""2025-12-20"",""migration_method"":""jaccard2"",""name_2"":""Pratapgarh""},{""gid_2"":""Z01.14.13_1"",""migration_date"":""2025-12-20"",""migration_method"":""puzzle1_2"",""name_2"":""Leh (Ladakh)""}]",2012-04-05,2025-12-20,2011-01-01,2011-01-18
2000-0874-IND,No,Natural,Biological,Epidemic,Viral disease,Japanese Encephalitis,IND,India,Southern Asia,Asia,Nawadah district (Bihar),NULL,NULL,No,NULL,NULL,Vaccinated,NULL,NULL,NULL,19.0,NULL,58.0,NULL,58.0,NULL,NULL,NULL,NULL,53.48773668,NULL,NULL,2003-07-01,2023-09-25,2000-08-31,2000-08-31
2011-0351-IND,No,Natural,Geophysical,Earthquake,Ground movement,NULL,IND,India,Southern Asia,Asia,"Sikkim, West Bengal, Bihar, Assam, Meghalaya provinces",NULL,"Slide (land, mud, snow, rock)",No,33.0,6.9,Moment Magnitude,27.73,88.155,NULL,112.0,200.0,500000.0,75000.0,575200.0,NULL,NULL,NULL,NULL,69.86926351,"[{""adm1_code"":1487,""adm1_name"":""Assam""},{""adm1_code"":1501,""adm1_name"":""Meghalaya""},{""adm1_code"":1507,""adm1_name"":""Sikkim""},{""adm1_code"":1511,""adm1_name"":""West Bengal""},{""adm1_code"":70073,""adm1_name"":""Bihar""}]","[{""gid_1"":""IND.22_1"",""migration_date"":""2025-12-20"",""migration_method"":""jaccard1"",""name_1"":""Meghalaya""},{""gid_1"":""IND.30_1"",""migration_date"":""2025-12-20"",""migration_method"":""jaccard1"",""name_1"":""Sikkim""},{""gid_1"":""IND.36_1"",""migration_date"":""2025-12-20"",""migration_method"":""jaccard1"",""name_1"":""West Bengal""},{""gid_1"":""IND.4_1"",""migration_date"":""2025-12-20"",""migration_method"":""jaccard1"",""name_1"":""Assam""},{""gid_1"":""IND.5_1"",""migration_date"":""2025-12-20"",""migration_method"":""jaccard1"",""name_1"":""Bihar""}]",2011-11-07,2025-12-20,2011-09-18,2011-09-18
2011-0422-IND,No,Natural,Hydrological,Flood,Riverine flood,NULL,IND,India,Southern Asia,Asia,"Dhemaji district (Assam province), East Garo Hills, South Garo Hills, West Garo Hills districts (Meghalaya province)",Monsoonal rain,NULL,No,NULL,50117.0,Km2,26.59,92.18,NULL,7.0,NULL,11000.0,NULL,11000.0,NULL,NULL,NULL,NULL,69.86926351,"[{""adm2_code"":70087,""adm2_name"":""Dhemaji""},{""adm2_code"":17793,""adm2_name"":""East Garo Hills""},{""adm2_code"":17796,""adm2_name"":""West Garo Hills""},{""adm2_code"":70198,""adm2_name"":""South Garo Hills""}]","[{""gid_2"":""IND.22.1_1"",""migration_date"":""2025-12-20"",""migration_method"":""puzzle2_2"",""name_2"":""East Garo Hills""},{""gid_2"":""IND.22.4_1"",""migration_date"":""2025-12-20"",""migration_method"":""puzzle2_2"",""name_2"":""North Garo Hills""},{""gid_2"":""IND.22.6_1"",""migration_date"":""2025-12-20"",""migration_method"":""jaccard2"",""name_2"":""South Garo Hills""},{""gid_2"":""IND.22.7_1"",""migration_date"":""2025-12-20"",""migration_method"":""puzzle2_2"",""name_2"":""South West Garo Hills""},{""gid_2"":""IND.22.9_1"",""migration_date"":""2025-12-20"",""migration_method"":""puzzle2_2"",""name_2"":""West Garo Hills""},{""gid_2"":""IND.4.7_1"",""migration_date"":""2025-12-20"",""migration_method"":""jaccard2"",""name_2"":""Dhemaji""}]",2011-11-07,2025-12-20,2011-08-15,2011-09-08
2011-0424-IND,No,Natural,Hydrological,Flood,Riverine flood,NULL,IND,India,Southern Asia,Asia,"Barpeta, Bongaigaon, Darrang, Dhemaji, Dhuburi, Golaghat, Jorhat, Karbi Anglong, Sibsagar, Lakhimpur, Nagaon, Sonitpur districts, (Assam province), Begusarai, Bhagalpur, Bhojpur, Buxar, Gopalganj, Katihar, Khagaria, Kishanganj, Lakhisarai, Madhubani, Madhepura, Muzaffarpur, Patna, Purnia, Samastipur, Saran, Saharsa, Sitamarhi, Supaul, Vaishali, Pashchim Champaran districts (Bihar province), Azamgarh, Aligarh, Ambedkar Nagar, Badaun, Ballia, Bara Banki, Bahraich, Bareilly, Bijnor, Faizabad, Farrukhabad, Ghazipur, Gonda, Gorakhpur, Hardoi, Jyotiba Phule Nagar, Kannauj, Kanpur, Kushinagar, Lakhimpur Kheri, Meerut, Muzaffarnagar, Moradabad, Pilibhit, Rampur, Shahjahanpur, Sitapur, Unnao districts (Uttar Pradesh province)",Monsoonal rain,NULL,No,5222.0,40941.0,Km2,26.376,86.24,"Bagmati, Burgi, Dhansiri, Gandak, Ganges, Ghanghra, Kosi, Pupun rivers",204.0,NULL,5549080.0,NULL,5549080.0,NULL,NULL,NULL,NULL,69.86926351,"[{""adm2_code"":17576,""adm2_name"":""Barpeta""},{""adm2_code"":17578,""adm2_name"":""Darrang""},{""adm2_code"":17579,""adm2_name"":""Dhuburi""},{""adm2_code"":17582,""adm2_name"":""Golaghat""},{""adm2_code"":17584,""adm2_name"":""Karbi Anglong""},{""adm2_code"":17589,""adm2_name"":""Nagaon""},{""adm2_code"":17592,""adm2_name"":""Sibsagar""},{""adm2_code"":17593,""adm2_name"":""Sonitpur""},{""adm2_code"":70086,""adm2_name"":""Bongaigaon""},{""adm2_code"":70087,""adm2_name"":""Dhemaji""},{""adm2_code"":70089,""adm2_name"":""Jorhat""},{""adm2_code"":70091,""adm2_name"":""Lakhimpur""},{""adm2_code"":17595,""adm2_name"":""Begusarai""},{""adm2_code"":17596,""adm2_name"":""Bhagalpur""},{""adm2_code"":17604,""adm2_name"":""Gopalganj""},{""adm2_code"":17608,""adm2_name"":""Katihar""},{""adm2_code"":17609,""adm2_name"":""Khagaria""},{""adm2_code"":17611,""adm2_name"":""Madhubani""},{""adm2_code"":17612,""adm2_name"":""Madhepura""},{""adm2_code"":17613,""adm2_name"":""Muzaffarpur""},{""adm2_code"":17618,""adm2_name"":""Pashchim Champaran""},{""adm2_code"":17619,""adm2_name"":""Patna""},{""adm2_code"":17621,""adm2_name"":""Purnia""},{""adm2_code"":17624,""adm2_name"":""Saharsa""},{""adm2_code"":17626,""adm2_name"":""Samastipur""},{""adm2_code"":17628,""adm2_name"":""Saran""},{""adm2_code"":17630,""adm2_name"":""Sitamarhi""},{""adm2_code"":17632,""adm2_name"":""Vaishali""},{""adm2_code"":70097,""adm2_name"":""Bhojpur""},{""adm2_code"":70098,""adm2_name"":""Buxar""},{""adm2_code"":70100,""adm2_name"":""Kishanganj""},{""adm2_code"":70101,""adm2_name"":""Lakhisarai""},{""adm2_code"":70104,""adm2_name"":""Supaul""},{""adm2_code"":17889,""adm2_name"":""Aligarh""},{""adm2_code"":17892,""adm2_name"":""Azamgarh""},{""adm2_code"":17893,""adm2_name"":""Bahraich""},{""adm2_code"":17894,""adm2_name"":""Ballia""},{""adm2_code"":17896,""adm2_name"":""Bara Banki""},{""adm2_code"":17920,""adm2_name"":""Kanpur""},{""adm2_code"":17921,""adm2_name"":""Lakhimpur Kheri""},{""adm2_code"":17926,""adm2_name"":""Meerut""},{""adm2_code"":17928,""adm2_name"":""Moradabad""},{""adm2_code"":17929,""adm2_name"":""Muzaffarnagar""},{""adm2_code"":17931,""adm2_name"":""Pilibhit""},{""adm2_code"":17935,""adm2_name"":""Rampur""},{""adm2_code"":17937,""adm2_name"":""Shahjahanpur""},{""adm2_code"":17938,""adm2_name"":""Sitapur""},{""adm2_code"":17941,""adm2_name"":""Unnao""},{""adm2_code"":70257,""adm2_name"":""Ambedkar Nagar""},{""adm2_code"":70259,""adm2_name"":""Badaun""},{""adm2_code"":70267,""adm2_name"":""Jyotiba Phule Nagar""},{""adm2_code"":70268,""adm2_name"":""Kannauj""},{""adm2_code"":70271,""adm2_name"":""Kushinagar""}]","[{""gid_2"":""IND.34.10_1"",""migration_date"":""2025-12-20"",""migration_method"":""jaccard2"",""name_2"":""Bahraich""},{""gid_2"":""IND.34.11_1"",""migration_date"":""2025-12-20"",""migration_method"":""jaccard2"",""name_2"":""Ballia""},{""gid_2"":""IND.34.14_1"",""migration_date"":""2025-12-20"",""migration_method"":""jaccard2"",""name_2"":""Barabanki""},{""gid_2"":""IND.34.18_1"",""migration_date"":""2025-12-20"",""migration_method"":""jaccard2"",""name_2"":""Budaun""},{""gid_2"":""IND.34.2_1"",""migration_date"":""2025-12-20"",""migration_method"":""jaccard2"",""name_2"":""Aligarh""},{""gid_2"":""IND.34.41_1"",""migration_date"":""2025-12-20"",""migration_method"":""jaccard2"",""name_2"":""Kannauj""},{""gid_2"":""IND.34.43_1"",""migration_date"":""2025-12-20"",""migration_method"":""bufhaus2"",""name_2"":""Kanpur Nagar""},{""gid_2"":""IND.34.46_1"",""migration_date"":""2025-12-20"",""migration_method"":""jaccard2"",""name_2"":""Kushinagar""},{""gid_2"":""IND.34.47_1"",""migration_date"":""2025-12-20"",""migration_method"":""jaccard2"",""name_2"":""Lakhimpur Kheri""},{""gid_2"":""IND.34.4_1"",""migration_date"":""2025-12-20"",""migration_method"":""jaccard2"",""name_2"":""Ambedkar Nagar""},{""gid_2"":""IND.34.55_1"",""migration_date"":""2025-12-20"",""migration_method"":""jaccard2"",""name_2"":""Meerut""},{""gid_2"":""IND.34.57_1"",""migration_date"":""2025-12-20"",""migration_method"":""bufhaus2"",""name_2"":""Moradabad""},{""gid_2"":""IND.34.58_1"",""migration_date"":""2025-12-20"",""migration_method"":""puzzle2_2"",""name_2"":""Muzaffarnagar""},{""gid_2"":""IND.34.59_1"",""migration_date"":""2025-12-20"",""migration_method"":""jaccard2"",""name_2"":""Pilibhit""},{""gid_2"":""IND.34.62_1"",""migration_date"":""2025-12-20"",""migration_method"":""jaccard2"",""name_2"":""Rampur""},{""gid_2"":""IND.34.67_1"",""migration_date"":""2025-12-20"",""migration_method"":""jaccard2"",""name_2"":""Shahjahanpur""},{""gid_2"":""IND.34.68_1"",""migration_date"":""2025-12-20"",""migration_method"":""puzzle2_2"",""name_2"":""Shamli""},{""gid_2"":""IND.34.6_1"",""migration_date"":""2025-12-20"",""migration_method"":""jaccard2"",""name_2"":""Amroha""},{""gid_2"":""IND.34.71_1"",""migration_date"":""2025-12-20"",""migration_method"":""jaccard2"",""name_2"":""Sitapur""},{""gid_2"":""IND.34.74_1"",""migration_date"":""2025-12-20"",""migration_method"":""jaccard2"",""name_2"":""Unnao""},{""gid_2"":""IND.34.8_1"",""migration_date"":""2025-12-20"",""migration_method"":""jaccard2"",""name_2"":""Azamgarh""},{""gid_2"":""IND.4.12_1"",""migration_date"":""2025-12-20"",""migration_method"":""jaccard2"",""name_2"":""Golaghat""},{""gid_2"":""IND.4.14_1"",""migration_date"":""2025-12-20"",""migration_method"":""jaccard2"",""name_2"":""Jorhat""},{""gid_2"":""IND.4.17_1"",""migration_date"":""2025-12-20"",""migration_method"":""jaccard2"",""name_2"":""Karbi Anglong""},{""gid_2"":""IND.4.20_1"",""migration_date"":""2025-12-20"",""migration_method"":""jaccard2"",""name_2"":""Lakhimpur""},{""gid_2"":""IND.4.22_1"",""migration_date"":""2025-12-20"",""migration_method"":""jaccard2"",""name_2"":""Nagaon""},{""gid_2"":""IND.4.24_1"",""migration_date"":""2025-12-20"",""migration_method"":""jaccard2"",""name_2"":""Sivasagar""},{""gid_2"":""IND.4.25_1"",""migration_date"":""2025-12-20"",""migration_method"":""jaccard2"",""name_2"":""Sonitpur""},{""gid_2"":""IND.4.27_1"",""migration_date"":""2025-12-20"",""migration_method"":""puzzle2_2"",""name_2"":""Udalguri""},{""gid_2"":""IND.4.2_1"",""migration_date"":""2025-12-20"",""migration_method"":""jaccard2"",""name_2"":""Barpeta""},{""gid_2"":""IND.4.3_1"",""migration_date"":""2025-12-20"",""migration_method"":""puzzle2_2"",""name_2"":""Bongaigaon""},{""gid_2"":""IND.4.5_1"",""migration_date"":""2025-12-20"",""migration_method"":""puzzle2_2"",""name_2"":""Chirang""},{""gid_2"":""IND.4.6_1"",""migration_date"":""2025-12-20"",""migration_method"":""puzzle2_2"",""name_2"":""Darrang""},{""gid_2"":""IND.4.7_1"",""migration_date"":""2025-12-20"",""migration_method"":""jaccard2"",""name_2"":""Dhemaji""},{""gid_2"":""IND.4.8_1"",""migration_date"":""2025-12-20"",""migration_method"":""jaccard2"",""name_2"":""Dhubri""},{""gid_2"":""IND.5.11_1"",""migration_date"":""2025-12-20"",""migration_method"":""jaccard2"",""name_2"":""Gopalganj""},{""gid_2"":""IND.5.15_1"",""migration_date"":""2025-12-20"",""migration_method"":""jaccard2"",""name_2"":""Katihar""},{""gid_2"":""IND.5.16_1"",""migration_date"":""2025-12-20"",""migration_method"":""jaccard2"",""name_2"":""Khagaria""},{""gid_2"":""IND.5.17_1"",""migration_date"":""2025-12-20"",""migration_method"":""jaccard2"",""name_2"":""Kishanganj""},{""gid_2"":""IND.5.18_1"",""migration_date"":""2025-12-20"",""migration_method"":""jaccard2"",""name_2"":""Lakhisarai""},{""gid_2"":""IND.5.19_1"",""migration_date"":""2025-12-20"",""migration_method"":""jaccard2"",""name_2"":""Madhepura""},{""gid_2"":""IND.5.20_1"",""migration_date"":""2025-12-20"",""migration_method"":""jaccard2"",""name_2"":""Madhubani""},{""gid_2"":""IND.5.22_1"",""migration_date"":""2025-12-20"",""migration_method"":""jaccard2"",""name_2"":""Muzaffarpur""},{""gid_2"":""IND.5.25_1"",""migration_date"":""2025-12-20"",""migration_method"":""jaccard2"",""name_2"":""Pashchim Champaran""},{""gid_2"":""IND.5.26_1"",""migration_date"":""2025-12-20"",""migration_method"":""jaccard2"",""name_2"":""Patna""},{""gid_2"":""IND.5.28_1"",""migration_date"":""2025-12-20"",""migration_method"":""jaccard2"",""name_2"":""Purnia""},{""gid_2"":""IND.5.30_1"",""migration_date"":""2025-12-20"",""migration_method"":""jaccard2"",""name_2"":""Saharsa""},{""gid_2"":""IND.5.31_1"",""migration_date"":""2025-12-20"",""migration_method"":""jaccard2"",""name_2"":""Samastipur""},{""gid_2"":""IND.5.32_1"",""migration_date"":""2025-12-20"",""migration_method"":""jaccard2"",""name_2"":""Saran""},{""gid_2"":""IND.5.35_1"",""migration_date"":""2025-12-20"",""migration_method"":""jaccard2"",""name_2"":""Sitamarhi""},{""gid_2"":""IND.5.37_1"",""migration_date"":""2025-12-20"",""migration_method"":""jaccard2"",""name_2"":""Supaul""},{""gid_2"":""IND.5.38_1"",""migration_date"":""2025-12-20"",""migration_method"":""jaccard2"",""name_2"":""Vaishali""},{""gid_2"":""IND.5.5_1"",""migration_date"":""2025-12-20"",""migration_method"":""jaccard2"",""name_2"":""Begusarai""},{""gid_2"":""IND.5.6_1"",""migration_date"":""2025-12-20"",""migration_method"":""jaccard2"",""name_2"":""Bhagalpur""},{""gid_2"":""IND.5.7_1"",""migration_date"":""2025-12-20"",""migration_method"":""jaccard2"",""name_2"":""Bhojpur""},{""gid_2"":""IND.5.8_1"",""migration_date"":""2025-12-20"",""migration_method"":""jaccard2"",""name_2"":""Buxar""}]",2011-11-14,2025-12-20,2011-08-15,2011-10-02
2011-0428-IND,No,Natural,Hydrological,Flood,Riverine flood,NULL,IND,India,Southern Asia,Asia,"Gonda, Balrampur, Faizabad, Bara Banki districts (Uttar Pradesh province), Rajasthan province","Monsoonal rains, dam releases",NULL,No,NULL,85509.0,Km2,28.524,80.93,NULL,19.0,NULL,200000.0,NULL,200000.0,NULL,NULL,NULL,NULL,69.86926351,"[{""adm1_code"":1506,""adm1_name"":""Rajasthan""},{""adm2_code"":17896,""adm2_name"":""Bara Banki""},{""adm2_code"":17907,""adm2_name"":""Faizabad""},{""adm2_code"":17913,""adm2_name"":""Gonda""},{""adm2_code"":70261,""adm2_name"":""Balrampur""}]","[{""gid_1"":""IND.29_1"",""migration_date"":""2025-12-20"",""migration_method"":""jaccard1"",""name_1"":""Rajasthan""},{""gid_2"":""IND.34.12_1"",""migration_date"":""2025-12-20"",""migration_method"":""jaccard2"",""name_2"":""Balrampur""},{""gid_2"":""IND.34.14_1"",""migration_date"":""2025-12-20"",""migration_method"":""jaccard2"",""name_2"":""Barabanki""},{""gid_2"":""IND.34.25_1"",""migration_date"":""2025-12-20"",""migration_method"":""jaccard2"",""name_2"":""Faizabad""},{""gid_2"":""IND.34.32_1"",""migration_date"":""2025-12-20"",""migration_method"":""jaccard2"",""name_2"":""Gonda""}]",2011-11-07,2025-12-20,2011-07-23,2011-08-09
2011-0593-IND,No,Natural,Meteorological,Storm,Lightning/Thunderstorms,NULL,IND,India,Southern Asia,Asia,Karnataka province,NULL,NULL,No,NULL,NULL,Kph,NULL,NULL,NULL,17.0,NULL,NULL,NULL,NULL,NULL,NULL,NULL,NULL,69.86926351,"[{""adm1_code"":1494,""adm1_name"":""Karnataka""}]","[{""gid_1"":""IND.16_1"",""migration_date"":""2025-12-20"",""migration_method"":""jaccard1"",""name_1"":""Karnataka""}]",2012-01-04,2025-12-20,2011-04-15,2011-04-15
2012-0179-IND,No,Natural,Hydrological,Flood,Riverine flood,NULL,IND,India,Southern Asia,Asia,"Anjaw (70044), Lohit, Changlang, 70045, 70050, Lower Dibang Valley, East Siang, Upper Siang (70051) districts (Arunachal Pradesh province), Assam province",Monsoonal rain,"Slide (land, mud, snow, rock)",No,2700.0,254935.0,Km2,26.566,92.44,Brahmaputra,120.0,NULL,2200000.0,NULL,2200000.0,NULL,NULL,NULL,NULL,71.31508773,"[{""adm1_code"":1487,""adm1_name"":""Assam""},{""adm2_code"":70044,""adm2_name"":""Administrative unit not available""},{""adm2_code"":70045,""adm2_name"":""Administrative unit not available""},{""adm2_code"":70050,""adm2_name"":""Administrative unit not available""},{""adm2_code"":70051,""adm2_name"":""Administrative unit not available""},{""adm2_code"":17571,""adm2_name"":""East Siang""},{""adm2_code"":17572,""adm2_name"":""Lohit""},{""adm2_code"":70083,""adm2_name"":""Changlang""},{""adm2_code"":70084,""adm2_name"":""Lower Dibang Valley""}]","[{""gid_1"":""IND.4_1"",""migration_date"":""2025-12-20"",""migration_method"":""jaccard1"",""name_1"":""Assam""},{""gid_2"":""IND.3.11_1"",""migration_date"":""2025-12-20"",""migration_method"":""puzzle2_2"",""name_2"":""Namsai""},{""gid_2"":""IND.3.1_1"",""migration_date"":""2025-12-20"",""migration_method"":""puzzle2_2"",""name_2"":""Anjaw""},{""gid_2"":""IND.3.2_1"",""migration_date"":""2025-12-20"",""migration_method"":""jaccard2"",""name_2"":""Changlang""},{""gid_2"":""IND.3.5_1"",""migration_date"":""2025-12-20"",""migration_method"":""jaccard2"",""name_2"":""East Siang""},{""gid_2"":""IND.3.7_1"",""migration_date"":""2025-12-20"",""migration_method"":""puzzle2_2"",""name_2"":""Lohit""},{""gid_2"":""IND.3.9_1"",""migration_date"":""2025-12-20"",""migration_method"":""jaccard2"",""name_2"":""Lower Dibang Valley""},{""gid_2"":""Z07.3.15_1"",""migration_date"":""2025-12-20"",""migration_method"":""jaccard2"",""name_2"":""Upper Siang""},{""gid_2"":""Z07.3.1_1"",""migration_date"":""2025-12-20"",""migration_method"":""jaccard2"",""name_2"":""Anjaw""},{""gid_2"":""Z07.3.3_1"",""migration_date"":""2025-12-20"",""migration_method"":""jaccard2"",""name_2"":""Dibang Valley""},{""gid_2"":""Z07.3.9_1"",""migration_date"":""2025-12-20"",""migration_method"":""jaccard2"",""name_2"":""Lower Dibang Valley""}]",2012-11-12,2025-12-20,2012-06-26,2012-07-13
2000-0445-IND,No,Natural,Hydrological,Flood,Riverine flood,NULL,IND,India,Southern Asia,Asia,"Katihar, Sitamarhi districts (Bihar province), Kinnaur district (Himachal Pradesh province), Bankura, Barddhaman, Birbhum, Haora, Hugli, Maldah, Murshidabad, Nadia, North 24 Parganas, West Midnapore districts (West Bengal province), Pithoragarh, Naini Tal districts (Uttarakhand province), Ahmadabad district (Gujarat province), Andhra Pradesh, Assam, Arunachal Pradesh, Madhya Pradesh, Punjab, Uttar Pradesh, Maharashtra, Rajasthan, Chandigarh, Kerala",Monsoonal rain,NULL,Yes,7087.0,300000.0,Km2,NULL,NULL,"Brahmaputra and its tributaries, Bagmati, Kosi, Gandak, Murigandak, Kamlabalan, Mahananada, Adhwara, Ganges, Bhagra, Ganga, Burhi Gandak, Bagmati and Punpun",867.0,NULL,22000000.0,NULL,22000000.0,NULL,NULL,43000.0,80392.0,53.48773668,"[{""adm1_code"":1485,""adm1_name"":""Andhra Pradesh""},{""adm1_code"":1487,""adm1_name"":""Assam""},{""adm1_code"":1495,""adm1_name"":""Kerala""},{""adm1_code"":1498,""adm1_name"":""Maharashtra""},{""adm1_code"":1505,""adm1_name"":""Punjab""},{""adm1_code"":1506,""adm1_name"":""Rajasthan""},{""adm1_code"":70036,""adm1_name"":""Administrative unit not available""},{""adm1_code"":70037,""adm1_name"":""Administrative unit not available""},{""adm1_code"":70072,""adm1_name"":""Arunachal Pradesh""},{""adm1_code"":70074,""adm1_name"":""Chandigarh""},{""adm1_code"":70079,""adm1_name"":""Madhya Pradesh""},{""adm1_code"":70081,""adm1_name"":""Uttar Pradesh""},{""adm2_code"":17635,""adm2_name"":""Ahmadabad""},{""adm2_code"":17670,""adm2_name"":""Kinnaur""},{""adm2_code"":17945,""adm2_name"":""Bankura""},{""adm2_code"":17946,""adm2_name"":""Barddhaman""},{""adm2_code"":17947,""adm2_name"":""Birbhum""},{""adm2_code"":17949,""adm2_name"":""Haora""},{""adm2_code"":17950,""adm2_name"":""Hugli""},{""adm2_code"":17953,""adm2_name"":""Maldah""},{""adm2_code"":17955,""adm2_name"":""Murshidabad""},{""adm2_code"":17956,""adm2_name"":""Nadia""},{""adm2_code"":70293,""adm2_name"":""North 24 Parganas""},{""adm2_code"":70296,""adm2_name"":""West Midnapore""},{""adm2_code"":17608,""adm2_name"":""Katihar""},{""adm2_code"":17630,""adm2_name"":""Sitamarhi""},{""adm2_code"":17932,""adm2_name"":""Pithoragarh""},{""adm2_code"":70285,""adm2_name"":""Naini Tal""}]","[{""gid_1"":""IND.17_1"",""migration_date"":""2025-12-20"",""migration_method"":""jaccard1"",""name_1"":""Kerala""},{""gid_1"":""IND.19_1"",""migration_date"":""2025-12-20"",""migration_method"":""jaccard1"",""name_1"":""Madhya Pradesh""},{""gid_1"":""IND.20_1"",""migration_date"":""2025-12-20"",""migration_method"":""jaccard1"",""name_1"":""Maharashtra""},{""gid_1"":""IND.28_1"",""migration_date"":""2025-12-20"",""migration_method"":""jaccard1"",""name_1"":""Punjab""},{""gid_1"":""IND.29_1"",""migration_date"":""2025-12-20"",""migration_method"":""jaccard1"",""name_1"":""Rajasthan""},{""gid_1"":""IND.2_1"",""migration_date"":""2025-12-20"",""migration_method"":""puzzle1_1"",""name_1"":""Andhra Pradesh""},{""gid_1"":""IND.32_1"",""migration_date"":""2025-12-20"",""migration_method"":""puzzle1_1"",""name_1"":""Telangana""},{""gid_1"":""IND.34_1"",""migration_date"":""2025-12-20"",""migration_method"":""jaccard1"",""name_1"":""Uttar Pradesh""},{""gid_1"":""IND.3_1"",""migration_date"":""2025-12-20"",""migration_method"":""jaccard1"",""name_1"":""Arunachal Pradesh""},{""gid_1"":""IND.4_1"",""migration_date"":""2025-12-20"",""migration_method"":""jaccard1"",""name_1"":""Assam""},{""gid_1"":""IND.6_1"",""migration_date"":""2025-12-20"",""migration_method"":""jaccard1"",""name_1"":""Chandigarh""},{""gid_1"":""Z07.3_1"",""migration_date"":""2025-12-20"",""migration_method"":""jaccard1"",""name_1"":""Arunachal Pradesh""},{""gid_2"":""IND.11.1_1"",""migration_date"":""2025-12-20"",""migration_method"":""jaccard2"",""name_2"":""Ahmadabad""},{""gid_2"":""IND.13.5_1"",""migration_date"":""2025-12-20"",""migration_method"":""jaccard2"",""name_2"":""Kinnaur""},{""gid_2"":""IND.35.8_1"",""migration_date"":""2025-12-20"",""migration_method"":""jaccard2"",""name_2"":""Nainital""},{""gid_2"":""IND.35.9_1"",""migration_date"":""2025-12-20"",""migration_method"":""jaccard2"",""name_2"":""Pithoragarh""},{""gid_2"":""IND.36.12_1"",""migration_date"":""2025-12-20"",""migration_method"":""jaccard2"",""name_2"":""Maldah""},{""gid_2"":""IND.36.13_1"",""migration_date"":""2025-12-20"",""migration_method"":""jaccard2"",""name_2"":""Murshidabad""},{""gid_2"":""IND.36.14_1"",""migration_date"":""2025-12-20"",""migration_method"":""jaccard2"",""name_2"":""Nadia""},{""gid_2"":""IND.36.15_1"",""migration_date"":""2025-12-20"",""migration_method"":""jaccard2"",""name_2"":""North 24 Parganas""},{""gid_2"":""IND.36.16_1"",""migration_date"":""2025-12-20"",""migration_method"":""jaccard2"",""name_2"":""Pashchim Medinipur""},{""gid_2"":""IND.36.2_1"",""migration_date"":""2025-12-20"",""migration_method"":""jaccard2"",""name_2"":""Bankura""},{""gid_2"":""IND.36.3_1"",""migration_date"":""2025-12-20"",""migration_method"":""jaccard2"",""name_2"":""Barddhaman""},{""gid_2"":""IND.36.4_1"",""migration_date"":""2025-12-20"",""migration_method"":""jaccard2"",""name_2"":""Birbhum""},{""gid_2"":""IND.36.7_1"",""migration_date"":""2025-12-20"",""migration_method"":""jaccard2"",""name_2"":""Haora""},{""gid_2"":""IND.36.8_1"",""migration_date"":""2025-12-20"",""migration_method"":""jaccard2"",""name_2"":""Hugli""},{""gid_2"":""IND.5.15_1"",""migration_date"":""2025-12-20"",""migration_method"":""jaccard2"",""name_2"":""Katihar""},{""gid_2"":""IND.5.35_1"",""migration_date"":""2025-12-20"",""migration_method"":""jaccard2"",""name_2"":""Sitamarhi""}]",2008-01-03,2025-12-20,2000-08-02,2000-08-30
2000-9222-IND,No,Natural,Climatological,Drought,Drought,NULL,IND,India,Southern Asia,Asia,"New Delhi city (Delhi province), Gujarat, Rajasthan, Madhya Prasdesh, Andhra Pradesh, Orissa, Maharashtra provinces",NULL,Food shortage|Heat wave,No,2247.0,NULL,Km2,NULL,NULL,NULL,20.0,NULL,50000000.0,NULL,50000000.0,NULL,NULL,588000.0,1099317.0,53.48773668,"[{""adm1_code"":1485,""adm1_name"":""Andhra Pradesh""},{""adm1_code"":1489,""adm1_name"":""Delhi""},{""adm1_code"":1491,""adm1_name"":""Gujarat""},{""adm1_code"":1498,""adm1_name"":""Maharashtra""},{""adm1_code"":1504,""adm1_name"":""Orissa""},{""adm1_code"":1506,""adm1_name"":""Rajasthan""},{""adm1_code"":70079,""adm1_name"":""Madhya Pradesh""}]","[{""gid_1"":""IND.11_1"",""migration_date"":""2025-12-20"",""migration_method"":""jaccard1"",""name_1"":""Gujarat""},{""gid_1"":""IND.19_1"",""migration_date"":""2025-12-20"",""migration_method"":""jaccard1"",""name_1"":""Madhya Pradesh""},{""gid_1"":""IND.20_1"",""migration_date"":""2025-12-20"",""migration_method"":""jaccard1"",""name_1"":""Maharashtra""},{""gid_1"":""IND.25_1"",""migration_date"":""2025-12-20"",""migration_method"":""jaccard1"",""name_1"":""NCT of Delhi""},{""gid_1"":""IND.26_1"",""migration_date"":""2025-12-20"",""migration_method"":""jaccard1"",""name_1"":""Odisha""},{""gid_1"":""IND.29_1"",""migration_date"":""2025-12-20"",""migration_method"":""jaccard1"",""name_1"":""Rajasthan""},{""gid_1"":""IND.2_1"",""migration_date"":""2025-12-20"",""migration_method"":""puzzle1_1"",""name_1"":""Andhra Pradesh""},{""gid_1"":""IND.32_1"",""migration_date"":""2025-12-20"",""migration_method"":""puzzle1_1"",""name_1"":""Telangana""}]",2008-01-03,2025-12-20,2000-04-01,2001-01-01
2001-0011-IND,No,Natural,Meteorological,Extreme temperature,Cold wave,NULL,IND,India,Southern Asia,Asia,"Uttar Pradesh, Bihar, Punjab provinces",NULL,NULL,No,NULL,-22.0,°C,NULL,NULL,NULL,125.0,NULL,NULL,NULL,NULL,NULL,NULL,NULL,NULL,54.99938527,"[{""adm1_code"":1505,""adm1_name"":""Punjab""},{""adm1_code"":70073,""adm1_name"":""Bihar""},{""adm1_code"":70081,""adm1_name"":""Uttar Pradesh""}]","[{""gid_1"":""IND.28_1"",""migration_date"":""2025-12-20"",""migration_method"":""jaccard1"",""name_1"":""Punjab""},{""gid_1"":""IND.34_1"",""migration_date"":""2025-12-20"",""migration_method"":""jaccard1"",""name_1"":""Uttar Pradesh""},{""gid_1"":""IND.5_1"",""migration_date"":""2025-12-20"",""migration_method"":""jaccard1"",""name_1"":""Bihar""}]",2003-07-01,2025-12-20,2001-01-01,2001-01-01
2001-0332-IND,No,Natural,Hydrological,Flood,Riverine flood,NULL,IND,India,Southern Asia,Asia,"Marshagal, Mahakalpada villages (Kendrapara district, Orissa province), Kakatpur, Astaranga, Kanas, Delanga villages (Puri district, Orissa province), Banki, Kantapada villages (Cuttack district, Orissa province), Balipatna villages (Khordha district, Orissa province), Atharmalik villages (Angul district, Orissa province), Jajpur, Jagatsinghpur, Kalahandi, Koraput, Bolangir, Nayagarh, Baleshwar, Bhadrak districts (Orissa province), Dhamtari, Raipur, Mahasamund, Janjgir-Champa, Raigarh districts (Chhattisgarh province)",Monsoonal rain,NULL,Yes,6430.0,105100.0,Km2,NULL,NULL,NULL,100.0,NULL,9670000.0,NULL,9670000.0,NULL,NULL,90000.0,163638.0,54.99938527,"[{""adm2_code"":17809,""adm2_name"":""Cuttack""},{""adm2_code"":17812,""adm2_name"":""Kalahandi""},{""adm2_code"":17814,""adm2_name"":""Koraput""},{""adm2_code"":17818,""adm2_name"":""Puri""},{""adm2_code"":70206,""adm2_name"":""Angul""},{""adm2_code"":70207,""adm2_name"":""Baleshwar""},{""adm2_code"":70209,""adm2_name"":""Bhadrak""},{""adm2_code"":70210,""adm2_name"":""Bolangir""},{""adm2_code"":70214,""adm2_name"":""Jagatsinghpur""},{""adm2_code"":70215,""adm2_name"":""Jajpur""},{""adm2_code"":70218,""adm2_name"":""Kendrapara""},{""adm2_code"":70219,""adm2_name"":""Khordha""},{""adm2_code"":70222,""adm2_name"":""Nayagarh""},{""adm2_code"":70108,""adm2_name"":""Dhamtari""},{""adm2_code"":70109,""adm2_name"":""Janjgir-Champa""},{""adm2_code"":70115,""adm2_name"":""Mahasamund""},{""adm2_code"":70116,""adm2_name"":""Raipur""},{""adm2_code"":70297,""adm2_name"":""Raigarh""}]","[{""gid_2"":""IND.26.12_1"",""migration_date"":""2025-12-20"",""migration_method"":""jaccard2"",""name_2"":""Jagatsinghapur""},{""gid_2"":""IND.26.13_1"",""migration_date"":""2025-12-20"",""migration_method"":""jaccard2"",""name_2"":""Jajapur""},{""gid_2"":""IND.26.15_1"",""migration_date"":""2025-12-20"",""migration_method"":""jaccard2"",""name_2"":""Kalahandi""},{""gid_2"":""IND.26.17_1"",""migration_date"":""2025-12-20"",""migration_method"":""jaccard2"",""name_2"":""Kendrapara""},{""gid_2"":""IND.26.19_1"",""migration_date"":""2025-12-20"",""migration_method"":""jaccard2"",""name_2"":""Khordha""},{""gid_2"":""IND.26.1_1"",""migration_date"":""2025-12-20"",""migration_method"":""jaccard2"",""name_2"":""Anugul""},{""gid_2"":""IND.26.20_1"",""migration_date"":""2025-12-20"",""migration_method"":""jaccard2"",""name_2"":""Koraput""},{""gid_2"":""IND.26.24_1"",""migration_date"":""2025-12-20"",""migration_method"":""jaccard2"",""name_2"":""Nayagarh""},{""gid_2"":""IND.26.26_1"",""migration_date"":""2025-12-20"",""migration_method"":""jaccard2"",""name_2"":""Puri""},{""gid_2"":""IND.26.2_1"",""migration_date"":""2025-12-20"",""migration_method"":""jaccard2"",""name_2"":""Balangir""},{""gid_2"":""IND.26.3_1"",""migration_date"":""2025-12-20"",""migration_method"":""jaccard2"",""name_2"":""Baleshwar""},{""gid_2"":""IND.26.6_1"",""migration_date"":""2025-12-20"",""migration_method"":""jaccard2"",""name_2"":""Bhadrak""},{""gid_2"":""IND.26.7_1"",""migration_date"":""2025-12-20"",""migration_method"":""jaccard2"",""name_2"":""Cuttack""},{""gid_2"":""IND.7.11_1"",""migration_date"":""2025-12-20"",""migration_method"":""puzzle2_2"",""name_2"":""Gariaband""},{""gid_2"":""IND.7.12_1"",""migration_date"":""2025-12-20"",""migration_method"":""jaccard2"",""name_2"":""Janjgir-Champa""},{""gid_2"":""IND.7.18_1"",""migration_date"":""2025-12-20"",""migration_method"":""jaccard2"",""name_2"":""Mahasamund""},{""gid_2"":""IND.7.1_1"",""migration_date"":""2025-12-20"",""migration_method"":""puzzle2_2"",""name_2"":""Baloda Bazar""},{""gid_2"":""IND.7.21_1"",""migration_date"":""2025-12-20"",""migration_method"":""jaccard2"",""name_2"":""Raigarh""},{""gid_2"":""IND.7.22_1"",""migration_date"":""2025-12-20"",""migration_method"":""puzzle2_2"",""name_2"":""Raipur""},{""gid_2"":""IND.7.9_1"",""migration_date"":""2025-12-20"",""migration_method"":""jaccard2"",""name_2"":""Dhamtari""}]",2005-09-20,2025-12-20,2001-07-08,2001-07-10
2001-0349-IND,No,Natural,Hydrological,Flood,Flood (General),NULL,IND,India,Southern Asia,Asia,"Hosdurg borough (Kanhangad city, Kasaragod district, Kerala province), Vertak Nagar area (Thane district, Maharashtra province), Bhandup area (Mumbai Suburban district, Maharashtra province)",NULL,NULL,No,NULL,NULL,Km2,NULL,NULL,NULL,28.0,4.0,NULL,NULL,4.0,NULL,NULL,NULL,NULL,54.99938527,"[{""adm2_code"":17701,""adm2_name"":""Kasaragod""},{""adm2_code"":17783,""adm2_name"":""Thane""},{""adm2_code"":70183,""adm2_name"":""Mumbai Suburban""}]","[{""gid_2"":""IND.17.5_1"",""migration_date"":""2025-12-20"",""migration_method"":""jaccard2"",""name_2"":""Kasaragod""},{""gid_2"":""IND.20.18_1"",""migration_date"":""2025-12-20"",""migration_method"":""jaccard2"",""name_2"":""Mumbai Suburban""},{""gid_2"":""IND.20.24_1"",""migration_date"":""2025-12-20"",""migration_method"":""puzzle2_2"",""name_2"":""Palghar""},{""gid_2"":""IND.20.33_1"",""migration_date"":""2025-12-20"",""migration_method"":""puzzle2_2"",""name_2"":""Thane""}]",2003-07-01,2025-12-20,2001-06-01,2001-06-01
2001-0515-IND,No,Natural,Hydrological,Flood,Flood (General),NULL,IND,India,Southern Asia,Asia,"Gopalganj, Purba Champaran, Pashchim Champaran, Muzaffarpur, Vaishali, Saran districts (Bihar province)",NULL,NULL,No,NULL,550.0,Km2,NULL,NULL,NULL,158.0,NULL,7000000.0,NULL,7000000.0,NULL,NULL,26000.0,47273.0,54.99938527,"[{""adm2_code"":17604,""adm2_name"":""Gopalganj""},{""adm2_code"":17613,""adm2_name"":""Muzaffarpur""},{""adm2_code"":17618,""adm2_name"":""Pashchim Champaran""},{""adm2_code"":17620,""adm2_name"":""Purba Champaran""},{""adm2_code"":17628,""adm2_name"":""Saran""},{""adm2_code"":17632,""adm2_name"":""Vaishali""}]","[{""gid_2"":""IND.5.11_1"",""migration_date"":""2025-12-20"",""migration_method"":""jaccard2"",""name_2"":""Gopalganj""},{""gid_2"":""IND.5.22_1"",""migration_date"":""2025-12-20"",""migration_method"":""jaccard2"",""name_2"":""Muzaffarpur""},{""gid_2"":""IND.5.25_1"",""migration_date"":""2025-12-20"",""migration_method"":""jaccard2"",""name_2"":""Pashchim Champaran""},{""gid_2"":""IND.5.27_1"",""migration_date"":""2025-12-20"",""migration_method"":""jaccard2"",""name_2"":""Purba Champaran""},{""gid_2"":""IND.5.32_1"",""migration_date"":""2025-12-20"",""migration_method"":""jaccard2"",""name_2"":""Saran""},{""gid_2"":""IND.5.38_1"",""migration_date"":""2025-12-20"",""migration_method"":""jaccard2"",""name_2"":""Vaishali""}]",2003-07-01,2025-12-20,2001-08-20,2001-08-20
2002-0490-IND,No,Natural,Hydrological,Flood,Riverine flood,NULL,IND,India,Southern Asia,Asia,"Tehri Garhwal district (Uttaranchal province), Bihar, Assam, Manipur provinces",Heavy rain,NULL,No,NULL,6770.0,Km2,NULL,NULL,Jaikur and Indravati rivers.,33.0,50.0,NULL,NULL,50.0,NULL,NULL,20000.0,35796.0,55.87169607,"[{""adm1_code"":1487,""adm1_name"":""Assam""},{""adm1_code"":1500,""adm1_name"":""Manipur""},{""adm1_code"":70073,""adm1_name"":""Bihar""},{""adm2_code"":70287,""adm2_name"":""Tehri Garhwal""}]","[{""gid_1"":""IND.21_1"",""migration_date"":""2025-12-20"",""migration_method"":""jaccard1"",""name_1"":""Manipur""},{""gid_1"":""IND.4_1"",""migration_date"":""2025-12-20"",""migration_method"":""jaccard1"",""name_1"":""Assam""},{""gid_1"":""IND.5_1"",""migration_date"":""2025-12-20"",""migration_method"":""jaccard1"",""name_1"":""Bihar""},{""gid_2"":""IND.35.11_1"",""migration_date"":""2025-12-20"",""migration_method"":""jaccard2"",""name_2"":""Tehri Garhwal""}]",2005-09-23,2025-12-20,2002-08-11,2002-08-13
2000-0308-IND,No,Natural,Biological,Epidemic,Bacterial disease,Cholera,IND,India,Southern Asia,Asia,Delhi,NULL,NULL,No,NULL,NULL,NULL,NULL,NULL,NULL,NULL,NULL,192.0,NULL,192.0,NULL,NULL,NULL,NULL,53.48773668,NULL,NULL,2003-07-01,2023-09-25,2000-05-01,2000-05-01
2000-0358-IND,No,Natural,Hydrological,Mass movement (wet),Landslide (wet),NULL,IND,India,Southern Asia,Asia,"Moradabad, Bijnor districts (Uttar Pradesh province), Uttarakhand province",NULL,NULL,No,NULL,NULL,NULL,NULL,NULL,NULL,43.0,NULL,NULL,NULL,NULL,NULL,NULL,NULL,NULL,53.48773668,"[{""adm1_code"":70082,""adm1_name"":""Uttarakhand""},{""adm2_code"":17899,""adm2_name"":""Bijnor""},{""adm2_code"":17928,""adm2_name"":""Moradabad""}]","[{""gid_1"":""IND.35_1"",""migration_date"":""2025-12-20"",""migration_method"":""jaccard1"",""name_1"":""Uttarakhand""},{""gid_2"":""IND.34.17_1"",""migration_date"":""2025-12-20"",""migration_method"":""jaccard2"",""name_2"":""Bijnor""},{""gid_2"":""IND.34.57_1"",""migration_date"":""2025-12-20"",""migration_method"":""bufhaus2"",""name_2"":""Moradabad""}]",2003-07-01,2025-12-20,2000-06-01,2000-06-01
2000-0498-IND,No,Natural,Hydrological,Mass movement (wet),Landslide (wet),NULL,IND,India,Southern Asia,Asia,"Pithoragarh, Naini Tal districts (Uttarakhand province)",NULL,NULL,No,NULL,NULL,NULL,NULL,NULL,NULL,86.0,NULL,NULL,NULL,NULL,NULL,NULL,NULL,NULL,53.48773668,"[{""adm2_code"":17932,""adm2_name"":""Pithoragarh""},{""adm2_code"":70285,""adm2_name"":""Naini Tal""}]","[{""gid_2"":""IND.35.8_1"",""migration_date"":""2025-12-20"",""migration_method"":""jaccard2"",""name_2"":""Nainital""},{""gid_2"":""IND.35.9_1"",""migration_date"":""2025-12-20"",""migration_method"":""jaccard2"",""name_2"":""Pithoragarh""}]",2003-07-01,2025-12-20,2000-08-11,2000-08-11
2000-0534-IND,No,Natural,Hydrological,Flood,Flash flood,NULL,IND,India,Southern Asia,Asia,"Adilabad, Cuddapah, East Godavari, Guntur, Hyderabad, Karimnagar, Khammam, Krishna, Kurnool, Mahbubnagar, Medak, Nalgonda, Nellore, Nizamabad, Prakasam, Rangareddi, Vishakhapatnam, Warangal, West Godavari districts (Andhra Pradesh province)",Brief torrential rain,NULL,No,NULL,129500.0,Km2,NULL,NULL,Godavari,179.0,16.0,NULL,252000.0,252016.0,NULL,NULL,173000.0,323439.0,53.48773668,"[{""adm2_code"":17547,""adm2_name"":""Adilabad""},{""adm2_code"":17550,""adm2_name"":""Cuddapah""},{""adm2_code"":17551,""adm2_name"":""East Godavari""},{""adm2_code"":17552,""adm2_name"":""Guntur""},{""adm2_code"":17553,""adm2_name"":""Hyderabad""},{""adm2_code"":17554,""adm2_name"":""Karimnagar""},{""adm2_code"":17555,""adm2_name"":""Khammam""},{""adm2_code"":17556,""adm2_name"":""Krishna""},{""adm2_code"":17557,""adm2_name"":""Kurnool""},{""adm2_code"":17558,""adm2_name"":""Mahbubnagar""},{""adm2_code"":17559,""adm2_name"":""Medak""},{""adm2_code"":17560,""adm2_name"":""Nalgonda""},{""adm2_code"":17561,""adm2_name"":""Nellore""},{""adm2_code"":17562,""adm2_name"":""Nizamabad""},{""adm2_code"":17563,""adm2_name"":""Prakasam""},{""adm2_code"":17564,""adm2_name"":""Rangareddi""},{""adm2_code"":17566,""adm2_name"":""Vishakhapatnam""},{""adm2_code"":17568,""adm2_name"":""Warangal""},{""adm2_code"":17569,""adm2_name"":""West Godavari""}]","[{""gid_2"":""IND.2.10_1"",""migration_date"":""2025-12-20"",""migration_method"":""jaccard2"",""name_2"":""Visakhapatnam""},{""gid_2"":""IND.2.12_1"",""migration_date"":""2025-12-20"",""migration_method"":""jaccard2"",""name_2"":""West Godavari""},{""gid_2"":""IND.2.13_1"",""migration_date"":""2025-12-20"",""migration_method"":""jaccard2"",""name_2"":""Y.S.R.""},{""gid_2"":""IND.2.3_1"",""migration_date"":""2025-12-20"",""migration_method"":""jaccard2"",""name_2"":""East Godavari""},{""gid_2"":""IND.2.4_1"",""migration_date"":""2025-12-20"",""migration_method"":""jaccard2"",""name_2"":""Guntur""},{""gid_2"":""IND.2.5_1"",""migration_date"":""2025-12-20"",""migration_method"":""jaccard2"",""name_2"":""Krishna""},{""gid_2"":""IND.2.6_1"",""migration_date"":""2025-12-20"",""migration_method"":""jaccard2"",""name_2"":""Kurnool""},{""gid_2"":""IND.2.7_1"",""migration_date"":""2025-12-20"",""migration_method"":""jaccard2"",""name_2"":""Nellore""},{""gid_2"":""IND.2.8_1"",""migration_date"":""2025-12-20"",""migration_method"":""jaccard2"",""name_2"":""Prakasam""},{""gid_2"":""IND.32.10_1"",""migration_date"":""2025-12-20"",""migration_method"":""jaccard2"",""name_2"":""Warangal""},{""gid_2"":""IND.32.1_1"",""migration_date"":""2025-12-20"",""migration_method"":""jaccard2"",""name_2"":""Adilabad""},{""gid_2"":""IND.32.2_1"",""migration_date"":""2025-12-20"",""migration_method"":""jaccard2"",""name_2"":""Hyderabad""},{""gid_2"":""IND.32.3_1"",""migration_date"":""2025-12-20"",""migration_method"":""jaccard2"",""name_2"":""Karimnagar""},{""gid_2"":""IND.32.4_1"",""migration_date"":""2025-12-20"",""migration_method"":""jaccard2"",""name_2"":""Khammam""},{""gid_2"":""IND.32.5_1"",""migration_date"":""2025-12-20"",""migration_method"":""jaccard2"",""name_2"":""Mahbubnagar""},{""gid_2"":""IND.32.6_1"",""migration_date"":""2025-12-20"",""migration_method"":""jaccard2"",""name_2"":""Medak""},{""gid_2"":""IND.32.7_1"",""migration_date"":""2025-12-20"",""migration_method"":""jaccard2"",""name_2"":""Nalgonda""},{""gid_2"":""IND.32.8_1"",""migration_date"":""2025-12-20"",""migration_method"":""jaccard2"",""name_2"":""Nizamabad""},{""gid_2"":""IND.32.9_1"",""migration_date"":""2025-12-20"",""migration_method"":""jaccard2"",""name_2"":""Ranga Reddy""}]",2006-02-23,2025-12-20,2000-08-23,2000-08-31
2000-0568-IND,No,Natural,Biological,Epidemic,Viral disease,Japanese encephalitis,IND,India,Southern Asia,Asia,Uttar Pradesh,NULL,NULL,No,NULL,NULL,Vaccinated,NULL,NULL,NULL,34.0,NULL,116.0,NULL,116.0,NULL,NULL,NULL,NULL,53.48773668,NULL,NULL,2003-07-01,2023-09-25,2000-08-01,2000-08-01
2000-0610-IND,No,Natural,Hydrological,Flood,Riverine flood,NULL,IND,India,Southern Asia,Asia,"Birbhum, Bardhaman, Murshidabad, Maldah districts (West Bengal province), Dumka, Sahibganj, Deoghar districts (Jharkhand province), Banka, Bhagalpur, Munger, Sheikhpura districts (Bihar province)",Monsoonal rain,NULL,No,NULL,12680.0,Km2,NULL,NULL,"Ganges, Kosi, Bagmati, Burhi Ganduk, Hoogly, Kharia, Ichamati and Jamuna",884.0,NULL,24600000.0,NULL,24600000.0,NULL,NULL,691500.0,1292820.0,53.48773668,"[{""adm2_code"":17946,""adm2_name"":""Barddhaman""},{""adm2_code"":17947,""adm2_name"":""Birbhum""},{""adm2_code"":17953,""adm2_name"":""Maldah""},{""adm2_code"":17955,""adm2_name"":""Murshidabad""},{""adm2_code"":17596,""adm2_name"":""Bhagalpur""},{""adm2_code"":17614,""adm2_name"":""Munger""},{""adm2_code"":70095,""adm2_name"":""Banka""},{""adm2_code"":70102,""adm2_name"":""Sheikhpura""},{""adm2_code"":17600,""adm2_name"":""Deoghar""},{""adm2_code"":70142,""adm2_name"":""Dumka""},{""adm2_code"":70154,""adm2_name"":""Sahibganj""}]","[{""gid_2"":""IND.15.22_1"",""migration_date"":""2025-12-20"",""migration_method"":""jaccard2"",""name_2"":""Sahibganj""},{""gid_2"":""IND.15.3_1"",""migration_date"":""2025-12-20"",""migration_method"":""jaccard2"",""name_2"":""Deoghar""},{""gid_2"":""IND.15.5_1"",""migration_date"":""2025-12-20"",""migration_method"":""jaccard2"",""name_2"":""Dumka""},{""gid_2"":""IND.36.12_1"",""migration_date"":""2025-12-20"",""migration_method"":""jaccard2"",""name_2"":""Maldah""},{""gid_2"":""IND.36.13_1"",""migration_date"":""2025-12-20"",""migration_method"":""jaccard2"",""name_2"":""Murshidabad""},{""gid_2"":""IND.36.3_1"",""migration_date"":""2025-12-20"",""migration_method"":""jaccard2"",""name_2"":""Barddhaman""},{""gid_2"":""IND.36.4_1"",""migration_date"":""2025-12-20"",""migration_method"":""jaccard2"",""name_2"":""Birbhum""},{""gid_2"":""IND.5.21_1"",""migration_date"":""2025-12-20"",""migration_method"":""jaccard2"",""name_2"":""Munger""},{""gid_2"":""IND.5.33_1"",""migration_date"":""2025-12-20"",""migration_method"":""jaccard2"",""name_2"":""Sheikhpura""},{""gid_2"":""IND.5.4_1"",""migration_date"":""2025-12-20"",""migration_method"":""jaccard2"",""name_2"":""Banka""},{""gid_2"":""IND.5.6_1"",""migration_date"":""2025-12-20"",""migration_method"":""jaccard2"",""name_2"":""Bhagalpur""}]",2005-09-15,2025-12-20,2000-09-18,2000-10-21
2000-0698-IND,No,Natural,Biological,Epidemic,Infectious disease (General),Enteric diseases,IND,India,Southern Asia,Asia,West Bengal,NULL,NULL,No,NULL,NULL,Vaccinated,NULL,NULL,NULL,51.0,NULL,NULL,NULL,NULL,NULL,NULL,NULL,NULL,53.48773668,NULL,NULL,2003-07-01,2023-09-25,2000-10-01,2000-10-01
2000-0709-IND,No,Natural,Biological,Epidemic,Viral disease,Japanese encephalitis,IND,India,Southern Asia,Asia,Andhra Pradesh state,NULL,NULL,No,NULL,NULL,Vaccinated,NULL,NULL,NULL,14.0,NULL,64.0,NULL,64.0,NULL,NULL,NULL,NULL,53.48773668,NULL,NULL,2003-07-01,2023-09-25,2000-10-12,2000-10-12
2001-0033-IND,No,Natural,Geophysical,Earthquake,Ground movement,NULL,IND,India,Southern Asia,Asia,"Ahmadabad, Amreli, Anand, Banas Kantha, Bharuch, Bhavnagar, Dahdod, Gandhinagar, Jamnagar, Junagadh, Kachchh, Kheda, Mahesana, Navsari, Patan, Porbandar, Rajkot, Sabar Kantha, Surat, Surendranagar, Vadodara districts (Gurajat province)",NULL,NULL,Yes,118929.0,7.7,Moment Magnitude,23.419,70.232,NULL,20005.0,166812.0,4365000.0,1790000.0,6321812.0,100000.0,181820.0,2623000.0,4769144.0,54.99938527,"[{""adm2_code"":17635,""adm2_name"":""Ahmadabad""},{""adm2_code"":17636,""adm2_name"":""Amreli""},{""adm2_code"":17637,""adm2_name"":""Banas Kantha""},{""adm2_code"":17638,""adm2_name"":""Bharuch""},{""adm2_code"":17639,""adm2_name"":""Bhavnagar""},{""adm2_code"":17640,""adm2_name"":""Gandhinagar""},{""adm2_code"":17641,""adm2_name"":""Jamnagar""},{""adm2_code"":17642,""adm2_name"":""Junagadh""},{""adm2_code"":17643,""adm2_name"":""Kachchh""},{""adm2_code"":17644,""adm2_name"":""Kheda""},{""adm2_code"":17645,""adm2_name"":""Mahesana""},{""adm2_code"":17647,""adm2_name"":""Rajkot""},{""adm2_code"":17648,""adm2_name"":""Sabar Kantha""},{""adm2_code"":17649,""adm2_name"":""Surat""},{""adm2_code"":17650,""adm2_name"":""Surendranagar""},{""adm2_code"":17652,""adm2_name"":""Vadodara""},{""adm2_code"":70124,""adm2_name"":""Anand""},{""adm2_code"":70125,""adm2_name"":""Dahod""},{""adm2_code"":70127,""adm2_name"":""Navsari""},{""adm2_code"":70129,""adm2_name"":""Patan""},{""adm2_code"":70130,""adm2_name"":""Porbandar""}]","[{""gid_2"":""IND.11.10_1"",""migration_date"":""2025-12-20"",""migration_method"":""jaccard2"",""name_2"":""Dahod""},{""gid_2"":""IND.11.11_1"",""migration_date"":""2025-12-20"",""migration_method"":""puzzle2_2"",""name_2"":""Devbhumi Dwarka""},{""gid_2"":""IND.11.12_1"",""migration_date"":""2025-12-20"",""migration_method"":""jaccard2"",""name_2"":""Gandhinagar""},{""gid_2"":""IND.11.13_1"",""migration_date"":""2025-12-20"",""migration_method"":""puzzle2_2"",""name_2"":""Gir Somnath""},{""gid_2"":""IND.11.14_1"",""migration_date"":""2025-12-20"",""migration_method"":""puzzle2_2"",""name_2"":""Jamnagar""},{""gid_2"":""IND.11.15_1"",""migration_date"":""2025-12-20"",""migration_method"":""puzzle2_2"",""name_2"":""Junagadh""},{""gid_2"":""IND.11.16_1"",""migration_date"":""2025-12-20"",""migration_method"":""bufhaus2"",""name_2"":""Kachchh""},{""gid_2"":""IND.11.17_1"",""migration_date"":""2025-12-20"",""migration_method"":""jaccard2"",""name_2"":""Kheda""},{""gid_2"":""IND.11.18_1"",""migration_date"":""2025-12-20"",""migration_method"":""jaccard2"",""name_2"":""Mahesana""},{""gid_2"":""IND.11.1_1"",""migration_date"":""2025-12-20"",""migration_method"":""jaccard2"",""name_2"":""Ahmadabad""},{""gid_2"":""IND.11.20_1"",""migration_date"":""2025-12-20"",""migration_method"":""puzzle2_2"",""name_2"":""Morbi""},{""gid_2"":""IND.11.22_1"",""migration_date"":""2025-12-20"",""migration_method"":""jaccard2"",""name_2"":""Navsari""},{""gid_2"":""IND.11.24_1"",""migration_date"":""2025-12-20"",""migration_method"":""jaccard2"",""name_2"":""Patan""},{""gid_2"":""IND.11.25_1"",""migration_date"":""2025-12-20"",""migration_method"":""jaccard2"",""name_2"":""Porbandar""},{""gid_2"":""IND.11.26_1"",""migration_date"":""2025-12-20"",""migration_method"":""puzzle2_2"",""name_2"":""Rajkot""},{""gid_2"":""IND.11.27_1"",""migration_date"":""2025-12-20"",""migration_method"":""puzzle2_2"",""name_2"":""Sabar Kantha""},{""gid_2"":""IND.11.28_1"",""migration_date"":""2025-12-20"",""migration_method"":""puzzle2_2"",""name_2"":""Surat""},{""gid_2"":""IND.11.29_1"",""migration_date"":""2025-12-20"",""migration_method"":""jaccard2"",""name_2"":""Surendranagar""},{""gid_2"":""IND.11.2_1"",""migration_date"":""2025-12-20"",""migration_method"":""jaccard2"",""name_2"":""Amreli""},{""gid_2"":""IND.11.30_1"",""migration_date"":""2025-12-20"",""migration_method"":""puzzle2_2"",""name_2"":""Tapi""},{""gid_2"":""IND.11.32_1"",""migration_date"":""2025-12-20"",""migration_method"":""puzzle2_2"",""name_2"":""Vadodara""},{""gid_2"":""IND.11.3_1"",""migration_date"":""2025-12-20"",""migration_method"":""jaccard2"",""name_2"":""Anand""},{""gid_2"":""IND.11.4_1"",""migration_date"":""2025-12-20"",""migration_method"":""puzzle2_2"",""name_2"":""Aravalli""},{""gid_2"":""IND.11.5_1"",""migration_date"":""2025-12-20"",""migration_method"":""jaccard2"",""name_2"":""Banas Kantha""},{""gid_2"":""IND.11.6_1"",""migration_date"":""2025-12-20"",""migration_method"":""jaccard2"",""name_2"":""Bharuch""},{""gid_2"":""IND.11.7_1"",""migration_date"":""2025-12-20"",""migration_method"":""puzzle2_2"",""name_2"":""Bhavnagar""},{""gid_2"":""IND.11.8_1"",""migration_date"":""2025-12-20"",""migration_method"":""puzzle2_2"",""name_2"":""Botad""},{""gid_2"":""IND.11.9_1"",""migration_date"":""2025-12-20"",""migration_method"":""puzzle2_2"",""name_2"":""Chhota Udaipur""}]",2014-04-04,2025-12-20,2001-01-26,2001-01-26
2001-0330-IND,No,Natural,Biological,Epidemic,Bacterial disease,NULL,IND,India,Southern Asia,Asia,"Mumbai, Thane",NULL,NULL,No,NULL,NULL,NULL,NULL,NULL,NULL,16.0,NULL,83.0,NULL,83.0,NULL,NULL,NULL,NULL,54.99938527,NULL,NULL,2003-07-01,2023-09-25,2001-06-18,2001-06-18
2001-0409-IND,No,Natural,Biological,Epidemic,Bacterial disease,Cholera,IND,India,Southern Asia,Asia,Orissa State,floods,NULL,No,NULL,NULL,NULL,NULL,NULL,NULL,33.0,NULL,34078.0,NULL,34078.0,NULL,NULL,NULL,NULL,54.99938527,NULL,NULL,2005-06-17,2023-09-25,2001-07-07,2001-08-01
2001-0414-IND,No,Natural,Hydrological,Mass movement (wet),Landslide (wet),NULL,IND,India,Southern Asia,Asia,Rudra Prayag district (Uttarakhand province),NULL,NULL,No,NULL,NULL,NULL,NULL,NULL,NULL,27.0,NULL,NULL,NULL,NULL,NULL,NULL,NULL,NULL,54.99938527,"[{""adm2_code"":70286,""adm2_name"":""Rudra Prayag""}]","[{""gid_2"":""IND.35.10_1"",""migration_date"":""2025-12-20"",""migration_method"":""jaccard2"",""name_2"":""Rudraprayag""}]",2003-07-01,2025-12-20,2001-07-16,2001-07-16
2001-0584-IND,No,Natural,Meteorological,Storm,Tropical cyclone,NULL,IND,India,Southern Asia,Asia,Andhra Pradesh province,NULL,NULL,No,NULL,NULL,Kph,NULL,NULL,NULL,78.0,NULL,25000.0,2000.0,27000.0,NULL,NULL,NULL,NULL,54.99938527,"[{""adm1_code"":1485,""adm1_name"":""Andhra Pradesh""}]","[{""gid_1"":""IND.2_1"",""migration_date"":""2025-12-20"",""migration_method"":""puzzle1_1"",""name_1"":""Andhra Pradesh""},{""gid_1"":""IND.32_1"",""migration_date"":""2025-12-20"",""migration_method"":""puzzle1_1"",""name_1"":""Telangana""}]",2003-07-01,2025-12-20,2001-10-01,2001-10-01
2001-0681-IND,No,Natural,Meteorological,Extreme temperature,Cold wave,NULL,IND,India,Southern Asia,Asia,"Uttar Pradesh, Rajasthan provinces",NULL,NULL,No,NULL,NULL,°C,NULL,NULL,NULL,48.0,NULL,NULL,NULL,NULL,NULL,NULL,NULL,NULL,54.99938527,"[{""adm1_code"":1506,""adm1_name"":""Rajasthan""},{""adm1_code"":70081,""adm1_name"":""Uttar Pradesh""}]","[{""gid_1"":""IND.29_1"",""migration_date"":""2025-12-20"",""migration_method"":""jaccard1"",""name_1"":""Rajasthan""},{""gid_1"":""IND.34_1"",""migration_date"":""2025-12-20"",""migration_method"":""jaccard1"",""name_1"":""Uttar Pradesh""}]",2003-07-01,2025-12-20,2001-12-01,2001-12-01
2001-0794-IND,No,Natural,Hydrological,Flood,Flood (General),NULL,IND,India,Southern Asia,Asia,"Saran, Gopalganj districts (Bihar province)",NULL,NULL,No,NULL,NULL,Km2,NULL,NULL,NULL,146.0,NULL,NULL,NULL,NULL,NULL,NULL,103000.0,187275.0,54.99938527,"[{""adm2_code"":17604,""adm2_name"":""Gopalganj""},{""adm2_code"":17628,""adm2_name"":""Saran""}]","[{""gid_2"":""IND.5.11_1"",""migration_date"":""2025-12-20"",""migration_method"":""jaccard2"",""name_2"":""Gopalganj""},{""gid_2"":""IND.5.32_1"",""migration_date"":""2025-12-20"",""migration_method"":""jaccard2"",""name_2"":""Saran""}]",2006-07-20,2025-12-20,2001-09-07,2001-09-24
2002-0216-IND,No,Natural,Meteorological,Storm,Hail,NULL,IND,India,Southern Asia,Asia,Orissa province,NULL,NULL,No,NULL,NULL,Kph,NULL,NULL,NULL,NULL,200.0,10000.0,NULL,10200.0,NULL,NULL,NULL,NULL,55.87169607,"[{""adm1_code"":1504,""adm1_name"":""Orissa""}]","[{""gid_1"":""IND.26_1"",""migration_date"":""2025-12-20"",""migration_method"":""jaccard1"",""name_1"":""Odisha""}]",2003-07-01,2025-12-20,2002-04-11,2002-04-11
2002-0290-IND,No,Natural,Meteorological,Extreme temperature,Heat wave,NULL,IND,India,Southern Asia,Asia,"Madhya Pradesh, Andhra Pradesh, Uttar Pradesh, Delhi, Rajasthan, Punjab, Haryana, Orissa, West Bengal provinces",NULL,NULL,No,NULL,50.0,°C,NULL,NULL,NULL,1030.0,NULL,NULL,NULL,NULL,NULL,NULL,NULL,NULL,55.87169607,"[{""adm1_code"":1485,""adm1_name"":""Andhra Pradesh""},{""adm1_code"":1489,""adm1_name"":""Delhi""},{""adm1_code"":1492,""adm1_name"":""Haryana""},{""adm1_code"":1504,""adm1_name"":""Orissa""},{""adm1_code"":1505,""adm1_name"":""Punjab""},{""adm1_code"":1506,""adm1_name"":""Rajasthan""},{""adm1_code"":1511,""adm1_name"":""West Bengal""},{""adm1_code"":70079,""adm1_name"":""Madhya Pradesh""},{""adm1_code"":70081,""adm1_name"":""Uttar Pradesh""}]","[{""gid_1"":""IND.12_1"",""migration_date"":""2025-12-20"",""migration_method"":""jaccard1"",""name_1"":""Haryana""},{""gid_1"":""IND.19_1"",""migration_date"":""2025-12-20"",""migration_method"":""jaccard1"",""name_1"":""Madhya Pradesh""},{""gid_1"":""IND.25_1"",""migration_date"":""2025-12-20"",""migration_method"":""jaccard1"",""name_1"":""NCT of Delhi""},{""gid_1"":""IND.26_1"",""migration_date"":""2025-12-20"",""migration_method"":""jaccard1"",""name_1"":""Odisha""},{""gid_1"":""IND.28_1"",""migration_date"":""2025-12-20"",""migration_method"":""jaccard1"",""name_1"":""Punjab""},{""gid_1"":""IND.29_1"",""migration_date"":""2025-12-20"",""migration_method"":""jaccard1"",""name_1"":""Rajasthan""},{""gid_1"":""IND.2_1"",""migration_date"":""2025-12-20"",""migration_method"":""puzzle1_1"",""name_1"":""Andhra Pradesh""},{""gid_1"":""IND.32_1"",""migration_date"":""2025-12-20"",""migration_method"":""puzzle1_1"",""name_1"":""Telangana""},{""gid_1"":""IND.34_1"",""migration_date"":""2025-12-20"",""migration_method"":""jaccard1"",""name_1"":""Uttar Pradesh""},{""gid_1"":""IND.36_1"",""migration_date"":""2025-12-20"",""migration_method"":""jaccard1"",""name_1"":""West Bengal""}]",2005-12-12,2025-12-20,2002-05-10,2002-05-22
2002-0534-IND,No,Natural,Biological,Epidemic,Viral disease,Japanese encephalitis,IND,India,Southern Asia,Asia,Assam,NULL,NULL,No,NULL,NULL,Vaccinated,NULL,NULL,NULL,86.0,NULL,NULL,NULL,NULL,NULL,NULL,NULL,NULL,55.87169607,NULL,NULL,2003-07-01,2023-09-25,2002-08-13,2002-08-13
2002-0584-IND,No,Natural,Geophysical,Earthquake,Ground movement,NULL,IND,India,Southern Asia,Asia,Andaman Islands district (Andaman and Nicobar province),NULL,Tsunami/Tidal wave,No,NULL,6.5,Moment Magnitude,13.036,93.068,NULL,2.0,NULL,NULL,200.0,200.0,NULL,NULL,NULL,NULL,55.87169607,"[{""adm2_code"":17545,""adm2_name"":""Andaman Islands""}]","[{""gid_2"":""IND.1.2_1"",""migration_date"":""2025-12-20"",""migration_method"":""puzzle2_2"",""name_2"":""North and Middle Andaman""},{""gid_2"":""IND.1.3_1"",""migration_date"":""2025-12-20"",""migration_method"":""puzzle2_2"",""name_2"":""South Andaman""}]",2005-06-27,2025-12-20,2002-09-13,2002-09-13
2002-9349-IND,No,Natural,Climatological,Drought,Drought,NULL,IND,India,Southern Asia,Asia,"Uttar Pradesh, Madhya Pradesh, Rajasthan, Punjab, Haryana, Delhi, Karnataka, Kerala, Nagaland, Orissa, Chhattisgarh, Himachal Pradesh, Gujarat, Maharashtra, Andhra Pradesh, Tamil Nadu provinces",Insufficient and erratic monsoon rain,NULL,No,146.0,560000.0,Km2,NULL,NULL,NULL,NULL,NULL,300000000.0,NULL,300000000.0,NULL,NULL,910722.0,1630024.0,55.87169607,"[{""adm1_code"":1485,""adm1_name"":""Andhra Pradesh""},{""adm1_code"":1489,""adm1_name"":""Delhi""},{""adm1_code"":1491,""adm1_name"":""Gujarat""},{""adm1_code"":1492,""adm1_name"":""Haryana""},{""adm1_code"":1493,""adm1_name"":""Himachal Pradesh""},{""adm1_code"":1494,""adm1_name"":""Karnataka""},{""adm1_code"":1495,""adm1_name"":""Kerala""},{""adm1_code"":1498,""adm1_name"":""Maharashtra""},{""adm1_code"":1503,""adm1_name"":""Nagaland""},{""adm1_code"":1504,""adm1_name"":""Orissa""},{""adm1_code"":1505,""adm1_name"":""Punjab""},{""adm1_code"":1506,""adm1_name"":""Rajasthan""},{""adm1_code"":1508,""adm1_name"":""Tamil Nadu""},{""adm1_code"":70075,""adm1_name"":""Chhattisgarh""},{""adm1_code"":70079,""adm1_name"":""Madhya Pradesh""},{""adm1_code"":70081,""adm1_name"":""Uttar Pradesh""}]","[{""gid_1"":""IND.11_1"",""migration_date"":""2025-12-20"",""migration_method"":""jaccard1"",""name_1"":""Gujarat""},{""gid_1"":""IND.12_1"",""migration_date"":""2025-12-20"",""migration_method"":""jaccard1"",""name_1"":""Haryana""},{""gid_1"":""IND.13_1"",""migration_date"":""2025-12-20"",""migration_method"":""jaccard1"",""name_1"":""Himachal Pradesh""},{""gid_1"":""IND.16_1"",""migration_date"":""2025-12-20"",""migration_method"":""jaccard1"",""name_1"":""Karnataka""},{""gid_1"":""IND.17_1"",""migration_date"":""2025-12-20"",""migration_method"":""jaccard1"",""name_1"":""Kerala""},{""gid_1"":""IND.19_1"",""migration_date"":""2025-12-20"",""migration_method"":""jaccard1"",""name_1"":""Madhya Pradesh""},{""gid_1"":""IND.20_1"",""migration_date"":""2025-12-20"",""migration_method"":""jaccard1"",""name_1"":""Maharashtra""},{""gid_1"":""IND.24_1"",""migration_date"":""2025-12-20"",""migration_method"":""jaccard1"",""name_1"":""Nagaland""},{""gid_1"":""IND.25_1"",""migration_date"":""2025-12-20"",""migration_method"":""jaccard1"",""name_1"":""NCT of Delhi""},{""gid_1"":""IND.26_1"",""migration_date"":""2025-12-20"",""migration_method"":""jaccard1"",""name_1"":""Odisha""},{""gid_1"":""IND.28_1"",""migration_date"":""2025-12-20"",""migration_method"":""jaccard1"",""name_1"":""Punjab""},{""gid_1"":""IND.29_1"",""migration_date"":""2025-12-20"",""migration_method"":""jaccard1"",""name_1"":""Rajasthan""},{""gid_1"":""IND.2_1"",""migration_date"":""2025-12-20"",""migration_method"":""puzzle1_1"",""name_1"":""Andhra Pradesh""},{""gid_1"":""IND.31_1"",""migration_date"":""2025-12-20"",""migration_method"":""jaccard1"",""name_1"":""Tamil Nadu""},{""gid_1"":""IND.32_1"",""migration_date"":""2025-12-20"",""migration_method"":""puzzle1_1"",""name_1"":""Telangana""},{""gid_1"":""IND.34_1"",""migration_date"":""2025-12-20"",""migration_method"":""jaccard1"",""name_1"":""Uttar Pradesh""},{""gid_1"":""IND.7_1"",""migration_date"":""2025-12-20"",""migration_method"":""jaccard1"",""name_1"":""Chhattisgarh""}]",2008-01-03,2025-12-20,2002-07-01,2002-01-01
2003-0151-IND,No,Natural,Hydrological,Mass movement (wet),Avalanche (wet),NULL,IND,India,Southern Asia,Asia,Administrative unit not available district (Jammu and Kashmir province),NULL,NULL,No,NULL,NULL,NULL,NULL,NULL,NULL,25.0,NULL,NULL,NULL,NULL,NULL,NULL,NULL,NULL,57.14003527,"[{""adm2_code"":40419,""adm2_name"":""Administrative unit not available""}]",NULL,2003-10-06,2023-09-25,2003-03-03,2003-03-03
2003-0387-IND,No,Natural,Hydrological,Flood,Riverine flood,NULL,IND,India,Southern Asia,Asia,"Khavda, Banni, Natkharana, Lakhpat villages (Kachchh district, Gujarat province)",Monsoon rains,NULL,No,NULL,NULL,Km2,NULL,NULL,NULL,13.0,NULL,10000.0,4500.0,14500.0,NULL,NULL,NULL,NULL,57.14003527,"[{""adm2_code"":17643,""adm2_name"":""Kachchh""}]","[{""gid_2"":""IND.11.16_1"",""migration_date"":""2025-12-20"",""migration_method"":""bufhaus2"",""name_2"":""Kachchh""}]",2004-02-18,2025-12-20,2003-07-15,2003-09-01
2003-0636-IND,No,Natural,Meteorological,Extreme temperature,Cold wave,NULL,IND,India,Southern Asia,Asia,"Uttar Pradesh, Himachal Pradesh, Haryana, Jammu and Kashmir provinces",NULL,NULL,No,NULL,NULL,°C,NULL,NULL,NULL,400.0,NULL,NULL,NULL,NULL,NULL,NULL,NULL,NULL,57.14003527,"[{""adm1_code"":1492,""adm1_name"":""Haryana""},{""adm1_code"":1493,""adm1_name"":""Himachal Pradesh""},{""adm1_code"":40408,""adm1_name"":""Administrative unit not available""},{""adm1_code"":40409,""adm1_name"":""Administrative unit not available""},{""adm1_code"":40422,""adm1_name"":""Administrative unit not available""},{""adm1_code"":40423,""adm1_name"":""Administrative unit not available""},{""adm1_code"":40424,""adm1_name"":""Administrative unit not available""},{""adm1_code"":40425,""adm1_name"":""Administrative unit not available""},{""adm1_code"":40426,""adm1_name"":""Administrative unit not available""},{""adm1_code"":40427,""adm1_name"":""Administrative unit not available""},{""adm1_code"":40428,""adm1_name"":""Administrative unit not available""},{""adm1_code"":40429,""adm1_name"":""Administrative unit not available""},{""adm1_code"":40430,""adm1_name"":""Administrative unit not available""},{""adm1_code"":40431,""adm1_name"":""Administrative unit not available""},{""adm1_code"":70081,""adm1_name"":""Uttar Pradesh""}]","[{""gid_1"":""IND.12_1"",""migration_date"":""2025-12-20"",""migration_method"":""jaccard1"",""name_1"":""Haryana""},{""gid_1"":""IND.13_1"",""migration_date"":""2025-12-20"",""migration_method"":""jaccard1"",""name_1"":""Himachal Pradesh""},{""gid_1"":""IND.34_1"",""migration_date"":""2025-12-20"",""migration_method"":""jaccard1"",""name_1"":""Uttar Pradesh""},{""gid_1"":""Z06.1_1"",""migration_date"":""2025-12-20"",""migration_method"":""jaccard1"",""name_1"":""Azad Kashmir""},{""gid_1"":""Z06.6_1"",""migration_date"":""2025-12-20"",""migration_method"":""jaccard1"",""name_1"":""Gilgit-Baltistan""},{""gid_2"":""Z01.14.10_1"",""migration_date"":""2025-12-20"",""migration_method"":""puzzle1_2"",""name_2"":""Kishtwar""},{""gid_2"":""Z01.14.12_1"",""migration_date"":""2025-12-20"",""migration_method"":""puzzle1_2"",""name_2"":""Kupwara""},{""gid_2"":""Z01.14.13_1"",""migration_date"":""2025-12-20"",""migration_method"":""puzzle1_2"",""name_2"":""Leh (Ladakh)""},{""gid_2"":""Z01.14.14_1"",""migration_date"":""2025-12-20"",""migration_method"":""puzzle1_2"",""name_2"":""Poonch""},{""gid_2"":""Z01.14.16_1"",""migration_date"":""2025-12-20"",""migration_method"":""puzzle1_2"",""name_2"":""Rajouri""},{""gid_2"":""Z01.14.17_1"",""migration_date"":""2025-12-20"",""migration_method"":""puzzle1_2"",""name_2"":""Ramban""},{""gid_2"":""Z01.14.18_1"",""migration_date"":""2025-12-20"",""migration_method"":""puzzle1_2"",""name_2"":""Reasi""},{""gid_2"":""Z01.14.19_1"",""migration_date"":""2025-12-20"",""migration_method"":""puzzle1_2"",""name_2"":""Samba""},{""gid_2"":""Z01.14.21_1"",""migration_date"":""2025-12-20"",""migration_method"":""puzzle1_2"",""name_2"":""Srinagar""},{""gid_2"":""Z01.14.22_1"",""migration_date"":""2025-12-20"",""migration_method"":""puzzle1_2"",""name_2"":""Udhampur""},{""gid_2"":""Z01.14.2_1"",""migration_date"":""2025-12-20"",""migration_method"":""puzzle1_2"",""name_2"":""Badgam""},{""gid_2"":""Z01.14.3_1"",""migration_date"":""2025-12-20"",""migration_method"":""puzzle1_2"",""name_2"":""Bandipore""},{""gid_2"":""Z01.14.4_1"",""migration_date"":""2025-12-20"",""migration_method"":""puzzle1_2"",""name_2"":""Baramulla""},{""gid_2"":""Z01.14.5_1"",""migration_date"":""2025-12-20"",""migration_method"":""puzzle1_2"",""name_2"":""Doda""},{""gid_2"":""Z01.14.6_1"",""migration_date"":""2025-12-20"",""migration_method"":""puzzle1_2"",""name_2"":""Ganderbal""},{""gid_2"":""Z01.14.7_1"",""migration_date"":""2025-12-20"",""migration_method"":""puzzle1_2"",""name_2"":""Jammu""},{""gid_2"":""Z01.14.8_1"",""migration_date"":""2025-12-20"",""migration_method"":""puzzle1_2"",""name_2"":""Kargil""},{""gid_2"":""Z01.14.9_1"",""migration_date"":""2025-12-20"",""migration_method"":""puzzle1_2"",""name_2"":""Kathua""}]",2004-01-16,2025-12-20,2003-12-15,2004-01-01
2003-0775-IND,No,Natural,Hydrological,Flood,Riverine flood,NULL,IND,India,Southern Asia,Asia,Uttar Pradesh province,Hevay rains,NULL,No,NULL,NULL,Km2,NULL,NULL,NULL,37.0,NULL,NULL,NULL,NULL,NULL,NULL,NULL,NULL,57.14003527,"[{""adm1_code"":70081,""adm1_name"":""Uttar Pradesh""}]","[{""gid_1"":""IND.34_1"",""migration_date"":""2025-12-20"",""migration_method"":""jaccard1"",""name_1"":""Uttar Pradesh""}]",2004-03-02,2025-12-20,2003-09-10,2003-09-10
2004-0321-IND,No,Natural,Hydrological,Flood,Riverine flood,NULL,IND,India,Southern Asia,Asia,"Wayanad, Kozhikode, Kannur, Kasaragod districts (Kerala province)",Early monsoonal rain,"Slide (land, mud, snow, rock)",No,NULL,9000.0,Km2,NULL,NULL,NULL,45.0,NULL,1000.0,NULL,1000.0,NULL,NULL,NULL,NULL,58.66980929,"[{""adm2_code"":17698,""adm2_name"":""Kannur""},{""adm2_code"":17701,""adm2_name"":""Kasaragod""},{""adm2_code"":17703,""adm2_name"":""Kozhikode""},{""adm2_code"":17710,""adm2_name"":""Wayanad""}]","[{""gid_2"":""IND.17.14_1"",""migration_date"":""2025-12-20"",""migration_method"":""jaccard2"",""name_2"":""Wayanad""},{""gid_2"":""IND.17.4_1"",""migration_date"":""2025-12-20"",""migration_method"":""jaccard2"",""name_2"":""Kannur""},{""gid_2"":""IND.17.5_1"",""migration_date"":""2025-12-20"",""migration_method"":""jaccard2"",""name_2"":""Kasaragod""},{""gid_2"":""IND.17.8_1"",""migration_date"":""2025-12-20"",""migration_method"":""jaccard2"",""name_2"":""Kozhikode""}]",2005-03-08,2025-12-20,2004-06-09,2004-06-11
2004-0489-IND,No,Natural,Hydrological,Flood,Flash flood,NULL,IND,India,Southern Asia,Asia,"Uttar Pradesh, Himachal Pradesh provinces",Torrential rain,NULL,No,NULL,NULL,Km2,NULL,NULL,NULL,33.0,NULL,NULL,NULL,NULL,NULL,NULL,NULL,NULL,58.66980929,"[{""adm1_code"":1493,""adm1_name"":""Himachal Pradesh""},{""adm1_code"":70081,""adm1_name"":""Uttar Pradesh""}]","[{""gid_1"":""IND.13_1"",""migration_date"":""2025-12-20"",""migration_method"":""jaccard1"",""name_1"":""Himachal Pradesh""},{""gid_1"":""IND.34_1"",""migration_date"":""2025-12-20"",""migration_method"":""jaccard1"",""name_1"":""Uttar Pradesh""}]",2004-09-24,2025-12-20,2004-09-20,2004-09-22
2005-0090-IND,No,Natural,Hydrological,Mass movement (wet),Avalanche (wet),NULL,IND,India,Southern Asia,Asia,Administrative unit not available districts (Jammu and Kashmir province),Snowstorms,NULL,No,NULL,NULL,NULL,NULL,NULL,NULL,250.0,NULL,5000.0,NULL,5000.0,NULL,NULL,50000.0,82426.0,60.66033175,"[{""adm2_code"":72802,""adm2_name"":""Administrative unit not available""},{""adm2_code"":72838,""adm2_name"":""Administrative unit not available""},{""adm2_code"":72810,""adm2_name"":""Administrative unit not available""}]",NULL,2006-01-18,2025-06-25,2005-02-15,2005-02-21
2005-0314-IND,No,Natural,Hydrological,Flood,Riverine flood,NULL,IND,India,Southern Asia,Asia,Mokokchung district (Nagaland province),Heavy rains,"Slide (land, mud, snow, rock)",No,NULL,NULL,Km2,NULL,NULL,NULL,14.0,12.0,NULL,NULL,12.0,NULL,NULL,NULL,NULL,60.66033175,"[{""adm2_code"":17802,""adm2_name"":""Mokokchung""}]","[{""gid_2"":""IND.24.5_1"",""migration_date"":""2025-12-20"",""migration_method"":""jaccard2"",""name_2"":""Mokokchung""}]",2005-07-25,2025-12-20,2005-05-27,2005-05-27
2005-0409-IND,No,Natural,Hydrological,Flood,Riverine flood,NULL,IND,India,Southern Asia,Asia,"Gujarat, Madhya Pradesh, Maharashtra, Goa, Orissa, Karnataka, Himachal Pradesh, Jammu and Kashmir provinces",Monsoon rain,"Broken Dam/Burst bank|Slide (land, mud, snow, rock)",Yes,12.0,35550.0,Km2,NULL,NULL,"Ghawanda, Koyna, Kal, Savitira, Karad, Pawana, Mithi, Mitha and Mula",1200.0,55.0,20000000.0,NULL,20000055.0,844000.0,1391354.0,3330000.0,5489584.0,60.66033175,"[{""adm1_code"":1490,""adm1_name"":""Goa""},{""adm1_code"":1491,""adm1_name"":""Gujarat""},{""adm1_code"":1493,""adm1_name"":""Himachal Pradesh""},{""adm1_code"":1494,""adm1_name"":""Karnataka""},{""adm1_code"":1498,""adm1_name"":""Maharashtra""},{""adm1_code"":1504,""adm1_name"":""Orissa""},{""adm1_code"":40408,""adm1_name"":""Administrative unit not available""},{""adm1_code"":40409,""adm1_name"":""Administrative unit not available""},{""adm1_code"":40422,""adm1_name"":""Administrative unit not available""},{""adm1_code"":40423,""adm1_name"":""Administrative unit not available""},{""adm1_code"":40424,""adm1_name"":""Administrative unit not available""},{""adm1_code"":40425,""adm1_name"":""Administrative unit not available""},{""adm1_code"":40426,""adm1_name"":""Administrative unit not available""},{""adm1_code"":40427,""adm1_name"":""Administrative unit not available""},{""adm1_code"":40428,""adm1_name"":""Administrative unit not available""},{""adm1_code"":40429,""adm1_name"":""Administrative unit not available""},{""adm1_code"":40430,""adm1_name"":""Administrative unit not available""},{""adm1_code"":40431,""adm1_name"":""Administrative unit not available""},{""adm1_code"":70079,""adm1_name"":""Madhya Pradesh""}]","[{""gid_1"":""IND.10_1"",""migration_date"":""2025-12-20"",""migration_method"":""jaccard1"",""name_1"":""Goa""},{""gid_1"":""IND.11_1"",""migration_date"":""2025-12-20"",""migration_method"":""jaccard1"",""name_1"":""Gujarat""},{""gid_1"":""IND.13_1"",""migration_date"":""2025-12-20"",""migration_method"":""jaccard1"",""name_1"":""Himachal Pradesh""},{""gid_1"":""IND.16_1"",""migration_date"":""2025-12-20"",""migration_method"":""jaccard1"",""name_1"":""Karnataka""},{""gid_1"":""IND.19_1"",""migration_date"":""2025-12-20"",""migration_method"":""jaccard1"",""name_1"":""Madhya Pradesh""},{""gid_1"":""IND.20_1"",""migration_date"":""2025-12-20"",""migration_method"":""jaccard1"",""name_1"":""Maharashtra""},{""gid_1"":""IND.26_1"",""migration_date"":""2025-12-20"",""migration_method"":""jaccard1"",""name_1"":""Odisha""},{""gid_1"":""Z06.1_1"",""migration_date"":""2025-12-20"",""migration_method"":""jaccard1"",""name_1"":""Azad Kashmir""},{""gid_1"":""Z06.6_1"",""migration_date"":""2025-12-20"",""migration_method"":""jaccard1"",""name_1"":""Gilgit-Baltistan""},{""gid_2"":""Z01.14.10_1"",""migration_date"":""2025-12-20"",""migration_method"":""puzzle1_2"",""name_2"":""Kishtwar""},{""gid_2"":""Z01.14.12_1"",""migration_date"":""2025-12-20"",""migration_method"":""puzzle1_2"",""name_2"":""Kupwara""},{""gid_2"":""Z01.14.13_1"",""migration_date"":""2025-12-20"",""migration_method"":""puzzle1_2"",""name_2"":""Leh (Ladakh)""},{""gid_2"":""Z01.14.14_1"",""migration_date"":""2025-12-20"",""migration_method"":""puzzle1_2"",""name_2"":""Poonch""},{""gid_2"":""Z01.14.16_1"",""migration_date"":""2025-12-20"",""migration_method"":""puzzle1_2"",""name_2"":""Rajouri""},{""gid_2"":""Z01.14.17_1"",""migration_date"":""2025-12-20"",""migration_method"":""puzzle1_2"",""name_2"":""Ramban""},{""gid_2"":""Z01.14.18_1"",""migration_date"":""2025-12-20"",""migration_method"":""puzzle1_2"",""name_2"":""Reasi""},{""gid_2"":""Z01.14.19_1"",""migration_date"":""2025-12-20"",""migration_method"":""puzzle1_2"",""name_2"":""Samba""},{""gid_2"":""Z01.14.21_1"",""migration_date"":""2025-12-20"",""migration_method"":""puzzle1_2"",""name_2"":""Srinagar""},{""gid_2"":""Z01.14.22_1"",""migration_date"":""2025-12-20"",""migration_method"":""puzzle1_2"",""name_2"":""Udhampur""},{""gid_2"":""Z01.14.2_1"",""migration_date"":""2025-12-20"",""migration_method"":""puzzle1_2"",""name_2"":""Badgam""},{""gid_2"":""Z01.14.3_1"",""migration_date"":""2025-12-20"",""migration_method"":""puzzle1_2"",""name_2"":""Bandipore""},{""gid_2"":""Z01.14.4_1"",""migration_date"":""2025-12-20"",""migration_method"":""puzzle1_2"",""name_2"":""Baramulla""},{""gid_2"":""Z01.14.5_1"",""migration_date"":""2025-12-20"",""migration_method"":""puzzle1_2"",""name_2"":""Doda""},{""gid_2"":""Z01.14.6_1"",""migration_date"":""2025-12-20"",""migration_method"":""puzzle1_2"",""name_2"":""Ganderbal""},{""gid_2"":""Z01.14.7_1"",""migration_date"":""2025-12-20"",""migration_method"":""puzzle1_2"",""name_2"":""Jammu""},{""gid_2"":""Z01.14.8_1"",""migration_date"":""2025-12-20"",""migration_method"":""puzzle1_2"",""name_2"":""Kargil""},{""gid_2"":""Z01.14.9_1"",""migration_date"":""2025-12-20"",""migration_method"":""puzzle1_2"",""name_2"":""Kathua""}]",2006-01-16,2025-12-20,2005-07-24,2005-08-05
2005-0471-IND,No,Natural,Hydrological,Flood,Flash flood,NULL,IND,India,Southern Asia,Asia,Azamgarh district (Uttar Pradesh province),Heavy rains,"Slide (land, mud, snow, rock)",No,NULL,12680.0,Km2,NULL,NULL,"Ghaghra, Saryu rivers",27.0,NULL,800000.0,NULL,800000.0,NULL,NULL,NULL,NULL,60.66033175,"[{""adm2_code"":17892,""adm2_name"":""Azamgarh""}]","[{""gid_2"":""IND.34.8_1"",""migration_date"":""2025-12-20"",""migration_method"":""jaccard2"",""name_2"":""Azamgarh""}]",2006-02-28,2025-12-20,2005-08-26,2005-08-28
2005-0541-IND,No,Natural,Hydrological,Flood,Riverine flood,NULL,IND,India,Southern Asia,Asia,"Raj Nandgaon, Durg districts (Chhattisgarh province), Baleshwar, Bhadrak, Jajpur districts (Orissa province), Bhandara, Gondiya, Nagpur districts (Maharashtra province), Balaghat, Katni, Jabalpur, Seoni districts (Madhya Pradesh province)",NULL,Broken Dam/Burst bank,No,NULL,312900.0,Km2,NULL,NULL,"Budhabalanga, Subarnarekha, Baitarani, Mahanadi, Kathajod, Shivnath, Banganga",89.0,NULL,550000.0,NULL,550000.0,NULL,NULL,420000.0,692380.0,60.66033175,"[{""adm2_code"":17761,""adm2_name"":""Bhandara""},{""adm2_code"":17771,""adm2_name"":""Nagpur""},{""adm2_code"":70180,""adm2_name"":""Gondiya""},{""adm2_code"":70207,""adm2_name"":""Baleshwar""},{""adm2_code"":70209,""adm2_name"":""Bhadrak""},{""adm2_code"":70215,""adm2_name"":""Jajpur""},{""adm2_code"":17724,""adm2_name"":""Durg""},{""adm2_code"":70117,""adm2_name"":""Raj Nandgaon""},{""adm2_code"":17712,""adm2_name"":""Balaghat""},{""adm2_code"":17730,""adm2_name"":""Jabalpur""},{""adm2_code"":17747,""adm2_name"":""Seoni""},{""adm2_code"":70174,""adm2_name"":""Katni""}]","[{""gid_2"":""IND.19.24_1"",""migration_date"":""2025-12-20"",""migration_method"":""jaccard2"",""name_2"":""Jabalpur""},{""gid_2"":""IND.19.26_1"",""migration_date"":""2025-12-20"",""migration_method"":""jaccard2"",""name_2"":""Katni""},{""gid_2"":""IND.19.40_1"",""migration_date"":""2025-12-20"",""migration_method"":""jaccard2"",""name_2"":""Seoni""},{""gid_2"":""IND.19.5_1"",""migration_date"":""2025-12-20"",""migration_method"":""jaccard2"",""name_2"":""Balaghat""},{""gid_2"":""IND.20.11_1"",""migration_date"":""2025-12-20"",""migration_method"":""jaccard2"",""name_2"":""Gondiya""},{""gid_2"":""IND.20.19_1"",""migration_date"":""2025-12-20"",""migration_method"":""jaccard2"",""name_2"":""Nagpur""},{""gid_2"":""IND.20.5_1"",""migration_date"":""2025-12-20"",""migration_method"":""jaccard2"",""name_2"":""Bhandara""},{""gid_2"":""IND.26.13_1"",""migration_date"":""2025-12-20"",""migration_method"":""jaccard2"",""name_2"":""Jajapur""},{""gid_2"":""IND.26.3_1"",""migration_date"":""2025-12-20"",""migration_method"":""jaccard2"",""name_2"":""Baleshwar""},{""gid_2"":""IND.26.6_1"",""migration_date"":""2025-12-20"",""migration_method"":""jaccard2"",""name_2"":""Bhadrak""},{""gid_2"":""IND.7.10_1"",""migration_date"":""2025-12-20"",""migration_method"":""puzzle2_2"",""name_2"":""Durg""},{""gid_2"":""IND.7.23_1"",""migration_date"":""2025-12-20"",""migration_method"":""jaccard2"",""name_2"":""Rajnandgaon""},{""gid_2"":""IND.7.2_1"",""migration_date"":""2025-12-20"",""migration_method"":""puzzle2_2"",""name_2"":""Balod""},{""gid_2"":""IND.7.5_1"",""migration_date"":""2025-12-20"",""migration_method"":""puzzle2_2"",""name_2"":""Bemetara""}]",2006-04-19,2025-12-20,2005-09-14,2005-09-20
2005-0627-IND,No,Natural,Hydrological,Flood,Riverine flood,NULL,IND,India,Southern Asia,Asia,"Salem, Namakkal, Karur, Erode, Tiruchchirappalli, Vellore, Perambalur, Nagapattinam, Kanniyakumari, Dharmapuri, Madurai, Villupuram, Chennai, Cuddalore districts (Tamil Nadu province), Karaikal district (Puducherry province), Bangalore Rural, Bangalore Urban, Mysore districts (Karnataka province), Nellore, Chittoor, Vishakhapatnam, Srikakulam, Vizianagaram, Cuddapah districts (Andhra Pradesh province), West Bengal, Orissa provinces",Monsoonal rain,NULL,No,NULL,131300.0,Km2,NULL,NULL,"Cauvery, Coleroon, Palar, Pennar, Papaghni, Nagavali, Vamsadhara, Bhavani",162.0,NULL,2000000.0,NULL,2000000.0,NULL,NULL,NULL,NULL,60.66033175,"[{""adm1_code"":1504,""adm1_name"":""Orissa""},{""adm1_code"":1511,""adm1_name"":""West Bengal""},{""adm2_code"":17549,""adm2_name"":""Chittoor""},{""adm2_code"":17550,""adm2_name"":""Cuddapah""},{""adm2_code"":17561,""adm2_name"":""Nellore""},{""adm2_code"":17565,""adm2_name"":""Srikakulam""},{""adm2_code"":17566,""adm2_name"":""Vishakhapatnam""},{""adm2_code"":17567,""adm2_name"":""Vizianagaram""},{""adm2_code"":17692,""adm2_name"":""Mysore""},{""adm2_code"":70158,""adm2_name"":""Bangalore Rural""},{""adm2_code"":70159,""adm2_name"":""Bangalore Urban""},{""adm2_code"":17868,""adm2_name"":""Dharmapuri""},{""adm2_code"":17870,""adm2_name"":""Kanniyakumari""},{""adm2_code"":17875,""adm2_name"":""Erode""},{""adm2_code"":17879,""adm2_name"":""Salem""},{""adm2_code"":17883,""adm2_name"":""Tiruchchirappalli""},{""adm2_code"":70242,""adm2_name"":""Chennai""},{""adm2_code"":70243,""adm2_name"":""Cuddalore""},{""adm2_code"":70245,""adm2_name"":""Karur""},{""adm2_code"":70246,""adm2_name"":""Madurai""},{""adm2_code"":70247,""adm2_name"":""Nagapattinam""},{""adm2_code"":70248,""adm2_name"":""Namakkal""},{""adm2_code"":70249,""adm2_name"":""Perambalur""},{""adm2_code"":70254,""adm2_name"":""Vellore""},{""adm2_code"":70255,""adm2_name"":""Villupuram""},{""adm2_code"":70226,""adm2_name"":""Karaikal""}]","[{""gid_1"":""IND.26_1"",""migration_date"":""2025-12-20"",""migration_method"":""jaccard1"",""name_1"":""Odisha""},{""gid_1"":""IND.36_1"",""migration_date"":""2025-12-20"",""migration_method"":""jaccard1"",""name_1"":""West Bengal""},{""gid_2"":""IND.16.23_1"",""migration_date"":""2025-12-20"",""migration_method"":""jaccard2"",""name_2"":""Mysore""},{""gid_2"":""IND.16.25_1"",""migration_date"":""2025-12-20"",""migration_method"":""puzzle2_2"",""name_2"":""Ramanagara""},{""gid_2"":""IND.16.2_1"",""migration_date"":""2025-12-20"",""migration_method"":""puzzle2_2"",""name_2"":""Bangalore Rural""},{""gid_2"":""IND.16.3_1"",""migration_date"":""2025-12-20"",""migration_method"":""jaccard2"",""name_2"":""Bangalore""},{""gid_2"":""IND.2.10_1"",""migration_date"":""2025-12-20"",""migration_method"":""jaccard2"",""name_2"":""Visakhapatnam""},{""gid_2"":""IND.2.11_1"",""migration_date"":""2025-12-20"",""migration_method"":""jaccard2"",""name_2"":""Vizianagaram""},{""gid_2"":""IND.2.13_1"",""migration_date"":""2025-12-20"",""migration_method"":""jaccard2"",""name_2"":""Y.S.R.""},{""gid_2"":""IND.2.2_1"",""migration_date"":""2025-12-20"",""migration_method"":""jaccard2"",""name_2"":""Chittoor""},{""gid_2"":""IND.2.7_1"",""migration_date"":""2025-12-20"",""migration_method"":""jaccard2"",""name_2"":""Nellore""},{""gid_2"":""IND.2.9_1"",""migration_date"":""2025-12-20"",""migration_method"":""jaccard2"",""name_2"":""Srikakulam""},{""gid_2"":""IND.27.1_1"",""migration_date"":""2025-12-20"",""migration_method"":""jaccard2"",""name_2"":""Karaikal""},{""gid_2"":""IND.31.10_1"",""migration_date"":""2025-12-20"",""migration_method"":""jaccard2"",""name_2"":""Karur""},{""gid_2"":""IND.31.11_1"",""migration_date"":""2025-12-20"",""migration_method"":""puzzle2_2"",""name_2"":""Krishnagiri""},{""gid_2"":""IND.31.12_1"",""migration_date"":""2025-12-20"",""migration_method"":""jaccard2"",""name_2"":""Madurai""},{""gid_2"":""IND.31.13_1"",""migration_date"":""2025-12-20"",""migration_method"":""puzzle2_2"",""name_2"":""Nagappattinam""},{""gid_2"":""IND.31.14_1"",""migration_date"":""2025-12-20"",""migration_method"":""jaccard2"",""name_2"":""Namakkal""},{""gid_2"":""IND.31.15_1"",""migration_date"":""2025-12-20"",""migration_method"":""jaccard2"",""name_2"":""Perambalur""},{""gid_2"":""IND.31.18_1"",""migration_date"":""2025-12-20"",""migration_method"":""jaccard2"",""name_2"":""Salem""},{""gid_2"":""IND.31.24_1"",""migration_date"":""2025-12-20"",""migration_method"":""puzzle2_2"",""name_2"":""Thiruvarur""},{""gid_2"":""IND.31.26_1"",""migration_date"":""2025-12-20"",""migration_method"":""jaccard2"",""name_2"":""Tiruchirappalli""},{""gid_2"":""IND.31.2_1"",""migration_date"":""2025-12-20"",""migration_method"":""jaccard2"",""name_2"":""Chennai""},{""gid_2"":""IND.31.30_1"",""migration_date"":""2025-12-20"",""migration_method"":""jaccard2"",""name_2"":""Vellore""},{""gid_2"":""IND.31.31_1"",""migration_date"":""2025-12-20"",""migration_method"":""jaccard2"",""name_2"":""Viluppuram""},{""gid_2"":""IND.31.4_1"",""migration_date"":""2025-12-20"",""migration_method"":""jaccard2"",""name_2"":""Cuddalore""},{""gid_2"":""IND.31.5_1"",""migration_date"":""2025-12-20"",""migration_method"":""puzzle2_2"",""name_2"":""Dharmapuri""},{""gid_2"":""IND.31.7_1"",""migration_date"":""2025-12-20"",""migration_method"":""jaccard2"",""name_2"":""Erode""},{""gid_2"":""IND.31.9_1"",""migration_date"":""2025-12-20"",""migration_method"":""jaccard2"",""name_2"":""Kanniyakumari""}]",2006-04-27,2025-12-20,2005-10-23,2005-11-13
2006-0370-IND,No,Natural,Hydrological,Flood,Riverine flood,NULL,IND,India,Southern Asia,Asia,"Gajapati, Rayagada districts (Orissa province)",Monsoonal rain,"Slide (land, mud, snow, rock)",No,NULL,31360.0,Km2,19.17,83.65,"Gajapati, Rayagada, Jhingiritial",33.0,NULL,NULL,NULL,NULL,NULL,NULL,NULL,NULL,62.61719478,"[{""adm2_code"":70213,""adm2_name"":""Gajapati""},{""adm2_code"":70224,""adm2_name"":""Rayagada""}]","[{""gid_2"":""IND.26.10_1"",""migration_date"":""2025-12-20"",""migration_method"":""jaccard2"",""name_2"":""Gajapati""},{""gid_2"":""IND.26.27_1"",""migration_date"":""2025-12-20"",""migration_method"":""jaccard2"",""name_2"":""Rayagada""}]",2007-01-06,2025-12-20,2006-07-03,2006-07-08
2006-0443-IND,No,Natural,Hydrological,Flood,Riverine flood,NULL,IND,India,Southern Asia,Asia,Gujarat province,Monsoonal rain,NULL,No,NULL,NULL,Km2,NULL,NULL,NULL,NULL,NULL,50000.0,NULL,50000.0,NULL,NULL,NULL,NULL,62.61719478,"[{""adm1_code"":1491,""adm1_name"":""Gujarat""}]","[{""gid_1"":""IND.11_1"",""migration_date"":""2025-12-20"",""migration_method"":""jaccard1"",""name_1"":""Gujarat""}]",2006-08-17,2025-12-20,2006-08-01,2006-08-01
2006-0417-IND,No,Natural,Hydrological,Flood,Riverine flood,NULL,IND,India,Southern Asia,Asia,"Andhra Pradesh, Gujarat, Maharashtra, Chhattisgarh, Rajasthan, Madhya Pradesh, Orissa, Karnataka provinces",Monsoonal rain,"Slide (land, mud, snow, rock)",No,4474.0,165400.0,Km2,20.19,73.82,"Narmada, Pooma, Puma, Ambika",350.0,65.0,NULL,4000000.0,4000065.0,407000.0,649981.0,3390000.0,5413848.0,62.61719478,"[{""adm1_code"":1485,""adm1_name"":""Andhra Pradesh""},{""adm1_code"":1491,""adm1_name"":""Gujarat""},{""adm1_code"":1494,""adm1_name"":""Karnataka""},{""adm1_code"":1498,""adm1_name"":""Maharashtra""},{""adm1_code"":1504,""adm1_name"":""Orissa""},{""adm1_code"":1506,""adm1_name"":""Rajasthan""},{""adm1_code"":70075,""adm1_name"":""Chhattisgarh""},{""adm1_code"":70079,""adm1_name"":""Madhya Pradesh""}]","[{""gid_1"":""IND.11_1"",""migration_date"":""2025-12-20"",""migration_method"":""jaccard1"",""name_1"":""Gujarat""},{""gid_1"":""IND.16_1"",""migration_date"":""2025-12-20"",""migration_method"":""jaccard1"",""name_1"":""Karnataka""},{""gid_1"":""IND.19_1"",""migration_date"":""2025-12-20"",""migration_method"":""jaccard1"",""name_1"":""Madhya Pradesh""},{""gid_1"":""IND.20_1"",""migration_date"":""2025-12-20"",""migration_method"":""jaccard1"",""name_1"":""Maharashtra""},{""gid_1"":""IND.26_1"",""migration_date"":""2025-12-20"",""migration_method"":""jaccard1"",""name_1"":""Odisha""},{""gid_1"":""IND.29_1"",""migration_date"":""2025-12-20"",""migration_method"":""jaccard1"",""name_1"":""Rajasthan""},{""gid_1"":""IND.2_1"",""migration_date"":""2025-12-20"",""migration_method"":""puzzle1_1"",""name_1"":""Andhra Pradesh""},{""gid_1"":""IND.32_1"",""migration_date"":""2025-12-20"",""migration_method"":""puzzle1_1"",""name_1"":""Telangana""},{""gid_1"":""IND.7_1"",""migration_date"":""2025-12-20"",""migration_method"":""jaccard1"",""name_1"":""Chhattisgarh""}]",2007-03-09,2025-12-20,2006-07-28,2006-09-12
2006-0469-IND,No,Natural,Hydrological,Flood,Riverine flood,NULL,IND,India,Southern Asia,Asia,"Barmer, Jaisalmer, Kota, Udaipur districts (Rajasthan province)",Monsoonal rain,NULL,No,NULL,NULL,Km2,NULL,NULL,NULL,135.0,NULL,20000.0,NULL,20000.0,NULL,NULL,NULL,NULL,62.61719478,"[{""adm2_code"":17837,""adm2_name"":""Barmer""},{""adm2_code"":17848,""adm2_name"":""Jaisalmer""},{""adm2_code"":17853,""adm2_name"":""Kota""},{""adm2_code"":17860,""adm2_name"":""Udaipur""}]","[{""gid_2"":""IND.29.18_1"",""migration_date"":""2025-12-20"",""migration_method"":""jaccard2"",""name_2"":""Jaisalmer""},{""gid_2"":""IND.29.24_1"",""migration_date"":""2025-12-20"",""migration_method"":""jaccard2"",""name_2"":""Kota""},{""gid_2"":""IND.29.33_1"",""migration_date"":""2025-12-20"",""migration_method"":""jaccard2"",""name_2"":""Udaipur""},{""gid_2"":""IND.29.5_1"",""migration_date"":""2025-12-20"",""migration_method"":""jaccard2"",""name_2"":""Barmer""}]",2007-03-09,2025-12-20,2006-08-18,2006-09-02
2006-0510-IND,No,Natural,Meteorological,Storm,Tropical cyclone,NULL,IND,India,Southern Asia,Asia,"Andhra Pradesh, West Bengal, Bihar provinces",Monsoonal rain,Flood,No,NULL,NULL,Kph,19.73,83.75,NULL,114.0,300.0,NULL,150000.0,150300.0,NULL,NULL,NULL,NULL,62.61719478,"[{""adm1_code"":1485,""adm1_name"":""Andhra Pradesh""},{""adm1_code"":1511,""adm1_name"":""West Bengal""},{""adm1_code"":70073,""adm1_name"":""Bihar""}]","[{""gid_1"":""IND.2_1"",""migration_date"":""2025-12-20"",""migration_method"":""puzzle1_1"",""name_1"":""Andhra Pradesh""},{""gid_1"":""IND.32_1"",""migration_date"":""2025-12-20"",""migration_method"":""puzzle1_1"",""name_1"":""Telangana""},{""gid_1"":""IND.36_1"",""migration_date"":""2025-12-20"",""migration_method"":""jaccard1"",""name_1"":""West Bengal""},{""gid_1"":""IND.5_1"",""migration_date"":""2025-12-20"",""migration_method"":""jaccard1"",""name_1"":""Bihar""}]",2007-01-07,2025-12-20,2006-09-18,2006-10-05
2007-0207-IND,No,Natural,Meteorological,Extreme temperature,Heat wave,NULL,IND,India,Southern Asia,Asia,"Uttar Pradesh, Rajasthan, Punjab, Delhi provinces",NULL,NULL,No,NULL,44.9,°C,NULL,NULL,NULL,72.0,NULL,NULL,NULL,NULL,NULL,NULL,NULL,NULL,64.40346368,"[{""adm1_code"":1489,""adm1_name"":""Delhi""},{""adm1_code"":1505,""adm1_name"":""Punjab""},{""adm1_code"":1506,""adm1_name"":""Rajasthan""},{""adm1_code"":70081,""adm1_name"":""Uttar Pradesh""}]","[{""gid_1"":""IND.25_1"",""migration_date"":""2025-12-20"",""migration_method"":""jaccard1"",""name_1"":""NCT of Delhi""},{""gid_1"":""IND.28_1"",""migration_date"":""2025-12-20"",""migration_method"":""jaccard1"",""name_1"":""Punjab""},{""gid_1"":""IND.29_1"",""migration_date"":""2025-12-20"",""migration_method"":""jaccard1"",""name_1"":""Rajasthan""},{""gid_1"":""IND.34_1"",""migration_date"":""2025-12-20"",""migration_method"":""jaccard1"",""name_1"":""Uttar Pradesh""}]",2007-06-18,2025-12-20,2007-04-01,2007-06-01
2007-0240-IND,No,Natural,Hydrological,Flood,Riverine flood,NULL,IND,India,Southern Asia,Asia,"Raipur, Bilaspur, Mahasamund, Durg districts (Chhattisgarh province)",Monsoonal rain,NULL,No,NULL,74000.0,Km2,20.05,81.86,Mahanadi and tributaries,29.0,NULL,50000.0,NULL,50000.0,NULL,NULL,NULL,NULL,64.40346368,"[{""adm2_code"":17724,""adm2_name"":""Durg""},{""adm2_code"":70106,""adm2_name"":""Bilaspur""},{""adm2_code"":70115,""adm2_name"":""Mahasamund""},{""adm2_code"":70116,""adm2_name"":""Raipur""}]","[{""gid_2"":""IND.7.10_1"",""migration_date"":""2025-12-20"",""migration_method"":""puzzle2_2"",""name_2"":""Durg""},{""gid_2"":""IND.7.11_1"",""migration_date"":""2025-12-20"",""migration_method"":""puzzle2_2"",""name_2"":""Gariaband""},{""gid_2"":""IND.7.18_1"",""migration_date"":""2025-12-20"",""migration_method"":""jaccard2"",""name_2"":""Mahasamund""},{""gid_2"":""IND.7.19_1"",""migration_date"":""2025-12-20"",""migration_method"":""puzzle2_2"",""name_2"":""Mungeli""},{""gid_2"":""IND.7.1_1"",""migration_date"":""2025-12-20"",""migration_method"":""puzzle2_2"",""name_2"":""Baloda Bazar""},{""gid_2"":""IND.7.22_1"",""migration_date"":""2025-12-20"",""migration_method"":""puzzle2_2"",""name_2"":""Raipur""},{""gid_2"":""IND.7.2_1"",""migration_date"":""2025-12-20"",""migration_method"":""puzzle2_2"",""name_2"":""Balod""},{""gid_2"":""IND.7.5_1"",""migration_date"":""2025-12-20"",""migration_method"":""puzzle2_2"",""name_2"":""Bemetara""},{""gid_2"":""IND.7.7_1"",""migration_date"":""2025-12-20"",""migration_method"":""puzzle2_2"",""name_2"":""Bilaspur""}]",2007-12-13,2025-12-20,2007-06-30,2007-07-13
2007-0311-IND,No,Natural,Hydrological,Flood,Riverine flood,NULL,IND,India,Southern Asia,Asia,"Udaipur, Amarpur cities (South Tripura district, Tripura province), Sonamura citiy (West Tripura district, Tripura province)",Monsoonal rain,NULL,No,NULL,NULL,Km2,23.92,91.23,NULL,NULL,NULL,NULL,NULL,NULL,NULL,NULL,NULL,NULL,64.40346368,"[{""adm2_code"":17886,""adm2_name"":""South Tripura""},{""adm2_code"":17887,""adm2_name"":""West Tripura""}]","[{""gid_2"":""IND.33.2_1"",""migration_date"":""2025-12-20"",""migration_method"":""puzzle2_2"",""name_2"":""Gomati""},{""gid_2"":""IND.33.3_1"",""migration_date"":""2025-12-20"",""migration_method"":""puzzle2_2"",""name_2"":""Khowai""},{""gid_2"":""IND.33.5_1"",""migration_date"":""2025-12-20"",""migration_method"":""puzzle2_2"",""name_2"":""Sipahijala""},{""gid_2"":""IND.33.6_1"",""migration_date"":""2025-12-20"",""migration_method"":""puzzle2_2"",""name_2"":""South Tripura""},{""gid_2"":""IND.33.8_1"",""migration_date"":""2025-12-20"",""migration_method"":""puzzle2_2"",""name_2"":""West Tripura""}]",2007-08-07,2025-12-20,2007-07-21,2007-08-03
2007-0556-IND,No,Natural,Meteorological,Storm,Tropical cyclone,Cyclone 'Sidr',IND,India,Southern Asia,Asia,"West Bengal, Orissa provinces",NULL,NULL,No,NULL,NULL,Kph,NULL,NULL,NULL,NULL,NULL,NULL,NULL,NULL,NULL,NULL,NULL,NULL,64.40346368,"[{""adm1_code"":1504,""adm1_name"":""Orissa""},{""adm1_code"":1511,""adm1_name"":""West Bengal""}]","[{""gid_1"":""IND.26_1"",""migration_date"":""2025-12-20"",""migration_method"":""jaccard1"",""name_1"":""Odisha""},{""gid_1"":""IND.36_1"",""migration_date"":""2025-12-20"",""migration_method"":""jaccard1"",""name_1"":""West Bengal""}]",2008-08-01,2025-12-20,2007-11-15,2007-11-15
2007-0687-IND,No,Natural,Meteorological,Extreme temperature,Cold wave,NULL,IND,India,Southern Asia,Asia,Jammu and Kashmir province,NULL,Rain|Snow/ice,No,NULL,NULL,°C,NULL,NULL,NULL,66.0,25.0,NULL,NULL,25.0,NULL,NULL,NULL,NULL,64.40346368,"[{""adm1_code"":40408,""adm1_name"":""Administrative unit not available""},{""adm1_code"":40409,""adm1_name"":""Administrative unit not available""},{""adm1_code"":40422,""adm1_name"":""Administrative unit not available""},{""adm1_code"":40423,""adm1_name"":""Administrative unit not available""},{""adm1_code"":40424,""adm1_name"":""Administrative unit not available""},{""adm1_code"":40425,""adm1_name"":""Administrative unit not available""},{""adm1_code"":40426,""adm1_name"":""Administrative unit not available""},{""adm1_code"":40427,""adm1_name"":""Administrative unit not available""},{""adm1_code"":40428,""adm1_name"":""Administrative unit not available""},{""adm1_code"":40429,""adm1_name"":""Administrative unit not available""},{""adm1_code"":40430,""adm1_name"":""Administrative unit not available""},{""adm1_code"":40431,""adm1_name"":""Administrative unit not available""}]","[{""gid_1"":""Z06.1_1"",""migration_date"":""2025-12-20"",""migration_method"":""jaccard1"",""name_1"":""Azad Kashmir""},{""gid_1"":""Z06.6_1"",""migration_date"":""2025-12-20"",""migration_method"":""jaccard1"",""name_1"":""Gilgit-Baltistan""},{""gid_2"":""Z01.14.10_1"",""migration_date"":""2025-12-20"",""migration_method"":""puzzle1_2"",""name_2"":""Kishtwar""},{""gid_2"":""Z01.14.12_1"",""migration_date"":""2025-12-20"",""migration_method"":""puzzle1_2"",""name_2"":""Kupwara""},{""gid_2"":""Z01.14.13_1"",""migration_date"":""2025-12-20"",""migration_method"":""puzzle1_2"",""name_2"":""Leh (Ladakh)""},{""gid_2"":""Z01.14.14_1"",""migration_date"":""2025-12-20"",""migration_method"":""puzzle1_2"",""name_2"":""Poonch""},{""gid_2"":""Z01.14.16_1"",""migration_date"":""2025-12-20"",""migration_method"":""puzzle1_2"",""name_2"":""Rajouri""},{""gid_2"":""Z01.14.17_1"",""migration_date"":""2025-12-20"",""migration_method"":""puzzle1_2"",""name_2"":""Ramban""},{""gid_2"":""Z01.14.18_1"",""migration_date"":""2025-12-20"",""migration_method"":""puzzle1_2"",""name_2"":""Reasi""},{""gid_2"":""Z01.14.19_1"",""migration_date"":""2025-12-20"",""migration_method"":""puzzle1_2"",""name_2"":""Samba""},{""gid_2"":""Z01.14.21_1"",""migration_date"":""2025-12-20"",""migration_method"":""puzzle1_2"",""name_2"":""Srinagar""},{""gid_2"":""Z01.14.22_1"",""migration_date"":""2025-12-20"",""migration_method"":""puzzle1_2"",""name_2"":""Udhampur""},{""gid_2"":""Z01.14.2_1"",""migration_date"":""2025-12-20"",""migration_method"":""puzzle1_2"",""name_2"":""Badgam""},{""gid_2"":""Z01.14.3_1"",""migration_date"":""2025-12-20"",""migration_method"":""puzzle1_2"",""name_2"":""Bandipore""},{""gid_2"":""Z01.14.4_1"",""migration_date"":""2025-12-20"",""migration_method"":""puzzle1_2"",""name_2"":""Baramulla""},{""gid_2"":""Z01.14.5_1"",""migration_date"":""2025-12-20"",""migration_method"":""puzzle1_2"",""name_2"":""Doda""},{""gid_2"":""Z01.14.6_1"",""migration_date"":""2025-12-20"",""migration_method"":""puzzle1_2"",""name_2"":""Ganderbal""},{""gid_2"":""Z01.14.7_1"",""migration_date"":""2025-12-20"",""migration_method"":""puzzle1_2"",""name_2"":""Jammu""},{""gid_2"":""Z01.14.8_1"",""migration_date"":""2025-12-20"",""migration_method"":""puzzle1_2"",""name_2"":""Kargil""},{""gid_2"":""Z01.14.9_1"",""migration_date"":""2025-12-20"",""migration_method"":""puzzle1_2"",""name_2"":""Kathua""}]",2008-03-12,2025-12-20,2007-03-11,2007-03-14
2008-0560-IND,No,Natural,Hydrological,Flood,Flash flood,NULL,IND,India,Southern Asia,Asia,"Thiruvallur, Thoothukudi, Villupuram, Ramanathapuram, Tirunelveli Kattabo, Pudukkottai, Kanniyakumari, Nagapattinam, Cuddalore, Chennai districts (Tamil Nadu province), Puducherry, Karaikal districts (Puducherry province)",Tropical cyclone Nisha,NULL,No,NULL,NULL,Km2,NULL,NULL,NULL,54.0,NULL,803740.0,NULL,803740.0,NULL,NULL,NULL,NULL,66.87597418,"[{""adm2_code"":17866,""adm2_name"":""Thoothukudi""},{""adm2_code"":17870,""adm2_name"":""Kanniyakumari""},{""adm2_code"":17876,""adm2_name"":""Pudukkottai""},{""adm2_code"":17878,""adm2_name"":""Ramanathapuram""},{""adm2_code"":17884,""adm2_name"":""Tirunelveli Kattabo""},{""adm2_code"":70242,""adm2_name"":""Chennai""},{""adm2_code"":70243,""adm2_name"":""Cuddalore""},{""adm2_code"":70247,""adm2_name"":""Nagapattinam""},{""adm2_code"":70251,""adm2_name"":""Thiruvallur""},{""adm2_code"":70255,""adm2_name"":""Villupuram""},{""adm2_code"":70226,""adm2_name"":""Karaikal""},{""adm2_code"":70228,""adm2_name"":""Puducherry""}]","[{""gid_2"":""IND.27.1_1"",""migration_date"":""2025-12-20"",""migration_method"":""jaccard2"",""name_2"":""Karaikal""},{""gid_2"":""IND.27.3_1"",""migration_date"":""2025-12-20"",""migration_method"":""jaccard2"",""name_2"":""Puducherry""},{""gid_2"":""IND.31.13_1"",""migration_date"":""2025-12-20"",""migration_method"":""puzzle2_2"",""name_2"":""Nagappattinam""},{""gid_2"":""IND.31.16_1"",""migration_date"":""2025-12-20"",""migration_method"":""jaccard2"",""name_2"":""Pudukkottai""},{""gid_2"":""IND.31.17_1"",""migration_date"":""2025-12-20"",""migration_method"":""jaccard2"",""name_2"":""Ramanathapuram""},{""gid_2"":""IND.31.23_1"",""migration_date"":""2025-12-20"",""migration_method"":""jaccard2"",""name_2"":""Thiruvallur""},{""gid_2"":""IND.31.24_1"",""migration_date"":""2025-12-20"",""migration_method"":""puzzle2_2"",""name_2"":""Thiruvarur""},{""gid_2"":""IND.31.25_1"",""migration_date"":""2025-12-20"",""migration_method"":""jaccard2"",""name_2"":""Thoothukkudi""},{""gid_2"":""IND.31.27_1"",""migration_date"":""2025-12-20"",""migration_method"":""jaccard2"",""name_2"":""Tirunelveli""},{""gid_2"":""IND.31.2_1"",""migration_date"":""2025-12-20"",""migration_method"":""jaccard2"",""name_2"":""Chennai""},{""gid_2"":""IND.31.31_1"",""migration_date"":""2025-12-20"",""migration_method"":""jaccard2"",""name_2"":""Viluppuram""},{""gid_2"":""IND.31.4_1"",""migration_date"":""2025-12-20"",""migration_method"":""jaccard2"",""name_2"":""Cuddalore""},{""gid_2"":""IND.31.9_1"",""migration_date"":""2025-12-20"",""migration_method"":""jaccard2"",""name_2"":""Kanniyakumari""}]",2009-01-12,2025-12-20,2008-11-27,2008-12-04
2008-0615-IND,No,Natural,Hydrological,Flood,Riverine flood,NULL,IND,India,Southern Asia,Asia,"Lakhimpur, Jorhat districts (Assam province), Uttar Pradesh, Bihar provinces",Monsoonal rain,NULL,No,NULL,283800.0,Km2,27.5,89.79,NULL,142.0,NULL,225000.0,NULL,225000.0,NULL,NULL,NULL,NULL,66.87597418,"[{""adm1_code"":70073,""adm1_name"":""Bihar""},{""adm1_code"":70081,""adm1_name"":""Uttar Pradesh""},{""adm2_code"":70089,""adm2_name"":""Jorhat""},{""adm2_code"":70091,""adm2_name"":""Lakhimpur""}]","[{""gid_1"":""IND.34_1"",""migration_date"":""2025-12-20"",""migration_method"":""jaccard1"",""name_1"":""Uttar Pradesh""},{""gid_1"":""IND.5_1"",""migration_date"":""2025-12-20"",""migration_method"":""jaccard1"",""name_1"":""Bihar""},{""gid_2"":""IND.4.14_1"",""migration_date"":""2025-12-20"",""migration_method"":""jaccard2"",""name_2"":""Jorhat""},{""gid_2"":""IND.4.20_1"",""migration_date"":""2025-12-20"",""migration_method"":""jaccard2"",""name_2"":""Lakhimpur""}]",2009-01-12,2025-12-20,2008-07-20,2008-08-08
2009-0429-IND,No,Natural,Hydrological,Flood,Riverine flood,NULL,IND,India,Southern Asia,Asia,"Belgaum, Gulbarga, Bijapur, Raichur, Dharwad, Bagalkot, Bellary, Koppal, Haveri, Bidar, Gadag, Davanegere, Uttar Kannand, Dakshin Kannad districts (Karnataka province), Kurnool, Mahbubnagar, Karimnagar, Anantapur, Krishna, Cuddapah, Guntur, Khammam, Nalgonda districts (Andhra Pradesh province), Maharashtra province",Torrential rains,NULL,Yes,728.0,309700.0,Km2,15.71,78.23,Tungabhadra and Krishna rivers,355.0,NULL,4100000.0,NULL,4100000.0,51000.0,76533.0,2150000.0,3226378.0,66.63820107,"[{""adm1_code"":1498,""adm1_name"":""Maharashtra""},{""adm2_code"":17548,""adm2_name"":""Anantapur""},{""adm2_code"":17550,""adm2_name"":""Cuddapah""},{""adm2_code"":17552,""adm2_name"":""Guntur""},{""adm2_code"":17554,""adm2_name"":""Karimnagar""},{""adm2_code"":17555,""adm2_name"":""Khammam""},{""adm2_code"":17556,""adm2_name"":""Krishna""},{""adm2_code"":17557,""adm2_name"":""Kurnool""},{""adm2_code"":17558,""adm2_name"":""Mahbubnagar""},{""adm2_code"":17560,""adm2_name"":""Nalgonda""},{""adm2_code"":17679,""adm2_name"":""Belgaum""},{""adm2_code"":17680,""adm2_name"":""Bellary""},{""adm2_code"":17681,""adm2_name"":""Bidar""},{""adm2_code"":17682,""adm2_name"":""Bijapur""},{""adm2_code"":17685,""adm2_name"":""Dakshin Kannad""},{""adm2_code"":17686,""adm2_name"":""Dharwad""},{""adm2_code"":17687,""adm2_name"":""Gulbarga""},{""adm2_code"":17693,""adm2_name"":""Raichur""},{""adm2_code"":17696,""adm2_name"":""Uttar Kannand""},{""adm2_code"":70157,""adm2_name"":""Bagalkot""},{""adm2_code"":70162,""adm2_name"":""Davanagere""},{""adm2_code"":70163,""adm2_name"":""Gadag""},{""adm2_code"":70164,""adm2_name"":""Haveri""},{""adm2_code"":70165,""adm2_name"":""Koppal""}]","[{""gid_1"":""IND.20_1"",""migration_date"":""2025-12-20"",""migration_method"":""jaccard1"",""name_1"":""Maharashtra""},{""gid_2"":""IND.16.12_1"",""migration_date"":""2025-12-20"",""migration_method"":""jaccard2"",""name_2"":""Dakshina Kannada""},{""gid_2"":""IND.16.13_1"",""migration_date"":""2025-12-20"",""migration_method"":""jaccard2"",""name_2"":""Davanagere""},{""gid_2"":""IND.16.14_1"",""migration_date"":""2025-12-20"",""migration_method"":""jaccard2"",""name_2"":""Dharwad""},{""gid_2"":""IND.16.15_1"",""migration_date"":""2025-12-20"",""migration_method"":""jaccard2"",""name_2"":""Gadag""},{""gid_2"":""IND.16.16_1"",""migration_date"":""2025-12-20"",""migration_method"":""puzzle2_2"",""name_2"":""Gulbarga""},{""gid_2"":""IND.16.18_1"",""migration_date"":""2025-12-20"",""migration_method"":""jaccard2"",""name_2"":""Haveri""},{""gid_2"":""IND.16.1_1"",""migration_date"":""2025-12-20"",""migration_method"":""jaccard2"",""name_2"":""Bagalkot""},{""gid_2"":""IND.16.21_1"",""migration_date"":""2025-12-20"",""migration_method"":""jaccard2"",""name_2"":""Koppal""},{""gid_2"":""IND.16.24_1"",""migration_date"":""2025-12-20"",""migration_method"":""jaccard2"",""name_2"":""Raichur""},{""gid_2"":""IND.16.29_1"",""migration_date"":""2025-12-20"",""migration_method"":""jaccard2"",""name_2"":""Uttara Kannada""},{""gid_2"":""IND.16.30_1"",""migration_date"":""2025-12-20"",""migration_method"":""puzzle2_2"",""name_2"":""Yadgir""},{""gid_2"":""IND.16.4_1"",""migration_date"":""2025-12-20"",""migration_method"":""jaccard2"",""name_2"":""Belgaum""},{""gid_2"":""IND.16.5_1"",""migration_date"":""2025-12-20"",""migration_method"":""jaccard2"",""name_2"":""Bellary""},{""gid_2"":""IND.16.6_1"",""migration_date"":""2025-12-20"",""migration_method"":""jaccard2"",""name_2"":""Bidar""},{""gid_2"":""IND.16.7_1"",""migration_date"":""2025-12-20"",""migration_method"":""jaccard2"",""name_2"":""Bijapur""},{""gid_2"":""IND.2.13_1"",""migration_date"":""2025-12-20"",""migration_method"":""jaccard2"",""name_2"":""Y.S.R.""},{""gid_2"":""IND.2.1_1"",""migration_date"":""2025-12-20"",""migration_method"":""jaccard2"",""name_2"":""Anantapur""},{""gid_2"":""IND.2.4_1"",""migration_date"":""2025-12-20"",""migration_method"":""jaccard2"",""name_2"":""Guntur""},{""gid_2"":""IND.2.5_1"",""migration_date"":""2025-12-20"",""migration_method"":""jaccard2"",""name_2"":""Krishna""},{""gid_2"":""IND.2.6_1"",""migration_date"":""2025-12-20"",""migration_method"":""jaccard2"",""name_2"":""Kurnool""},{""gid_2"":""IND.32.3_1"",""migration_date"":""2025-12-20"",""migration_method"":""jaccard2"",""name_2"":""Karimnagar""},{""gid_2"":""IND.32.4_1"",""migration_date"":""2025-12-20"",""migration_method"":""jaccard2"",""name_2"":""Khammam""},{""gid_2"":""IND.32.5_1"",""migration_date"":""2025-12-20"",""migration_method"":""jaccard2"",""name_2"":""Mahbubnagar""},{""gid_2"":""IND.32.7_1"",""migration_date"":""2025-12-20"",""migration_method"":""jaccard2"",""name_2"":""Nalgonda""}]",2014-05-12,2025-12-20,2009-09-25,2009-10-12
2009-0641-IND,No,Natural,Meteorological,Storm,Severe weather,NULL,IND,India,Southern Asia,Asia,Uttar Pradesh province,NULL,Flood,No,NULL,NULL,Kph,NULL,NULL,NULL,20.0,NULL,NULL,NULL,NULL,NULL,NULL,NULL,NULL,66.63820107,"[{""adm1_code"":70081,""adm1_name"":""Uttar Pradesh""}]","[{""gid_1"":""IND.34_1"",""migration_date"":""2025-12-20"",""migration_method"":""jaccard1"",""name_1"":""Uttar Pradesh""}]",2010-03-08,2025-12-20,2009-06-07,2009-06-07
2009-9323-IND,No,Natural,Climatological,Drought,Drought,NULL,IND,India,Southern Asia,Asia,"Bongaigaon, Cachar, Dhuburi, Goalpara, Golaghat, Hailakandi, Jorhat, Kamrup, Karbi Anglong, Kokrajhar, Lakhimpur, Marigaon, Nagaon, Sibsagar, Barpeta, Darrang, Dhemaji, Dibrugarh, Karimganj, Nalbari, North Cachar Hills, Sonitpur, Tinsukia districts (Assam province), Bilaspur, Chamba, Hamirpur, Kangra, Kinnaur, Kullu, Lahaul and Spiti, Mandi, Shimla, Sirmaur, Solan, Una districts (Himachal Pradesh province), Chatra, Garhwa, Latehar, Palamu, Dumka, Deoghar, Giridih, Godda, Jamtara, Pakur, Sahibganj, Bokaro, Dhanbad, Purba Singhbhum, Gumla, Hazaribag, Koderma, Lohardaga, Ranchi, Simdega, Saraikela Kharsawan, Pashchim Singhbhum districts (Jharkhand province), Bishnupur, Chandel, Churachandpur, East Imphal, West Imphal, Senapati, Tamenglong, Thoubal, Ukhrul districts (Manipur province), Dimapur, Kohima, Phek, Mokokchung, Mon, Tuensang, Wokha, Zunheboto districts (Nagaland province), Ambedkar Nagar, Ballia, Bareilly, Basti, Deoria, Farrukkhabad, Fatehpur, Ghazipur, Hardoi, Hathras, Jaunpur, Kannauj, Kanpur Dehat, Mainpuri, Mau, Rae Bareli, Sultanpur, Sant Kabir Nagar, Unnao, Agra, Shahjahanpur, Faizabad, Meerut, Mahoba, Aligarh, Jyotiba Phule Nagar, Balrampur, Etah, Rampur, Ghaziabad, Gautam Buddha Nagar, Banda, Mathura, Allahabad, Auraiya, Jalaun, Varanasi, Chandauli, Moradabad, Azamgarh, Siddharth Nagar, Badaun, Sitapur, Firozabad, Saharanpur, Chitrakoot, Etawah, Bulandshahr, Kaushambi, Pilibhit, Muzaffarnagar, Kushinagar, Jhansi, Lucknow, Bijnor, Mirzapur districts (Uttar Pradesh province), Patna, Nalanda, Gaya, Buxar, Bhojpur, Rohtas, Bhabua, Siwan, Nawada, Munger, Aurangabad, Sheikhpura, Lakhisarai, Jamui, Bhagalpur, Banka, Saran, Jehanabad, Muzaffarpur, Sitamarhi, Begusarai, Madhepura, Kishanganj, Katihar, Vaishali districts (Bihar province), Bangalore Urban, Bangalore Rural, Kolar, Tumkur, Chitradurga, Davanagere, Chamrajnagar, Mysore, Mandya, Bellary, Koppal, Raichur, Gulbarga, Bidar, Belgaum, Bagalkot, Bijapur, Gadag districts (Karnataka province), Nanded, Latur, Aurangabad, Jalna, Bid, Parbhani, Osmanabad, Hingoli, Chandrapur, Yavatmal, Wardha, Thane, Raigarh, Nandurbar, Jalgaon, Amravati, Buldana, Washim, Garhchiroli, Pune, Satara, Sangli, Solapur, Kolhapur, Nashik, Dhule, Ahmednagar, Akola districts (Maharasthra province), Rewa, Satna, Sidhi, Shahdol, Anuppur, Umaria, Dindori, Jabalpur, Katni, Balaghat, Narsinghpur, Mandla, Sagar, Panna, Tikamgarh, Chhatarpur, Raisen, Vidisha, Damoh, Sehore, Gwalior, Guna, Ashoknagar, Shivpuri, Datia, Bhind, Morena, Sheopur, Shajapur, Dewas, Ratlam, East Nimar, Burhanpur, Barwani, Jhabua districts (Madhya Pradesh province), Ajmer, Alwar, Banswara, Barmer, Bhilwara, Bikaner, Bundi, Chittaurgarh, Churu, Dausa, Dungarpur, Ganganagar, Hanumangarh, Jaipur, Jaisalmer, Jalor, Jhunjhunu, Jodhpur, Nagaur, Pali, Rajsamand, Sawai Madhopur, Sikar, Sirohi, Tonk, Udaipur districts (Rajasthan province)",NULL,NULL,No,NULL,NULL,Km2,NULL,NULL,NULL,NULL,NULL,NULL,NULL,NULL,NULL,NULL,NULL,NULL,66.63820107,"[{""adm2_code"":17576,""adm2_name"":""Barpeta""},{""adm2_code"":17577,""adm2_name"":""Cachar""},{""adm2_code"":17578,""adm2_name"":""Darrang""},{""adm2_code"":17579,""adm2_name"":""Dhuburi""},{""adm2_code"":17580,""adm2_name"":""Dibrugarh""},{""adm2_code"":17581,""adm2_name"":""Goalpara""},{""adm2_code"":17582,""adm2_name"":""Golaghat""},{""adm2_code"":17583,""adm2_name"":""Kamrup""},{""adm2_code"":17584,""adm2_name"":""Karbi Anglong""},{""adm2_code"":17585,""adm2_name"":""Karimganj""},{""adm2_code"":17589,""adm2_name"":""Nagaon""},{""adm2_code"":17590,""adm2_name"":""Nalbari""},{""adm2_code"":17591,""adm2_name"":""North Cachar Hills""},{""adm2_code"":17592,""adm2_name"":""Sibsagar""},{""adm2_code"":17593,""adm2_name"":""Sonitpur""},{""adm2_code"":70086,""adm2_name"":""Bongaigaon""},{""adm2_code"":70087,""adm2_name"":""Dhemaji""},{""adm2_code"":70088,""adm2_name"":""Hailakandi""},{""adm2_code"":70089,""adm2_name"":""Jorhat""},{""adm2_code"":70090,""adm2_name"":""Kokrajhar""},{""adm2_code"":70091,""adm2_name"":""Lakhimpur""},{""adm2_code"":70092,""adm2_name"":""Marigaon""},{""adm2_code"":70093,""adm2_name"":""Tinsukia""},{""adm2_code"":17666,""adm2_name"":""Bilaspur""},{""adm2_code"":17667,""adm2_name"":""Chamba""},{""adm2_code"":17668,""adm2_name"":""Hamirpur""},{""adm2_code"":17669,""adm2_name"":""Kangra""},{""adm2_code"":17670,""adm2_name"":""Kinnaur""},{""adm2_code"":17671,""adm2_name"":""Kullu""},{""adm2_code"":17672,""adm2_name"":""Lahul and Spiti""},{""adm2_code"":17673,""adm2_name"":""Mandi""},{""adm2_code"":17674,""adm2_name"":""Shimla""},{""adm2_code"":17675,""adm2_name"":""Sirmaur""},{""adm2_code"":17676,""adm2_name"":""Solan""},{""adm2_code"":17677,""adm2_name"":""Una""},{""adm2_code"":17679,""adm2_name"":""Belgaum""},{""adm2_code"":17680,""adm2_name"":""Bellary""},{""adm2_code"":17681,""adm2_name"":""Bidar""},{""adm2_code"":17682,""adm2_name"":""Bijapur""},{""adm2_code"":17687,""adm2_name"":""Gulbarga""},{""adm2_code"":17690,""adm2_name"":""Kolar""},{""adm2_code"":17691,""adm2_name"":""Mandya""},{""adm2_code"":17692,""adm2_name"":""Mysore""},{""adm2_code"":17693,""adm2_name"":""Raichur""},{""adm2_code"":17695,""adm2_name"":""Tumkur""},{""adm2_code"":70157,""adm2_name"":""Bagalkot""},{""adm2_code"":70158,""adm2_name"":""Bangalore Rural""},{""adm2_code"":70159,""adm2_name"":""Bangalore Urban""},{""adm2_code"":70160,""adm2_name"":""Chamrajnagar""},{""adm2_code"":70161,""adm2_name"":""Chitradurga""},{""adm2_code"":70162,""adm2_name"":""Davanagere""},{""adm2_code"":70163,""adm2_name"":""Gadag""},{""adm2_code"":70165,""adm2_name"":""Koppal""},{""adm2_code"":17758,""adm2_name"":""Akola""},{""adm2_code"":17759,""adm2_name"":""Amravati""},{""adm2_code"":17762,""adm2_name"":""Buldana""},{""adm2_code"":17763,""adm2_name"":""Chandrapur""},{""adm2_code"":17764,""adm2_name"":""Dhule""},{""adm2_code"":17765,""adm2_name"":""Garhchiroli""},{""adm2_code"":17767,""adm2_name"":""Jalgaon""},{""adm2_code"":17769,""adm2_name"":""Kolhapur""},{""adm2_code"":17770,""adm2_name"":""Latur""},{""adm2_code"":17772,""adm2_name"":""Nanded""},{""adm2_code"":17773,""adm2_name"":""Nashik""},{""adm2_code"":17774,""adm2_name"":""Osmanabad""},{""adm2_code"":17776,""adm2_name"":""Pune""},{""adm2_code"":17777,""adm2_name"":""Raigarh""},{""adm2_code"":17780,""adm2_name"":""Sangli""},{""adm2_code"":17781,""adm2_name"":""Satara""},{""adm2_code"":17782,""adm2_name"":""Solapur""},{""adm2_code"":17783,""adm2_name"":""Thane""},{""adm2_code"":17784,""adm2_name"":""Wardha""},{""adm2_code"":17785,""adm2_name"":""Yavatmal""},{""adm2_code"":17786,""adm2_name"":""Aurangabad""},{""adm2_code"":70178,""adm2_name"":""Ahmednagar""},{""adm2_code"":70179,""adm2_name"":""Bid""},{""adm2_code"":70181,""adm2_name"":""Hingoli""},{""adm2_code"":70182,""adm2_name"":""Jalna""},{""adm2_code"":70185,""adm2_name"":""Nandurbar""},{""adm2_code"":70186,""adm2_name"":""Parbhani""},{""adm2_code"":70187,""adm2_name"":""Washim""},{""adm2_code"":70188,""adm2_name"":""Bishnupur""},{""adm2_code"":70189,""adm2_name"":""Chandel""},{""adm2_code"":70190,""adm2_name"":""Churachandpur""},{""adm2_code"":70191,""adm2_name"":""East Imphal""},{""adm2_code"":70192,""adm2_name"":""Senapati""},{""adm2_code"":70193,""adm2_name"":""Tamenglong""},{""adm2_code"":70194,""adm2_name"":""Thoubal""},{""adm2_code"":70195,""adm2_name"":""Ukhrul""},{""adm2_code"":70196,""adm2_name"":""West Imphal""},{""adm2_code"":17801,""adm2_name"":""Kohima""},{""adm2_code"":17802,""adm2_name"":""Mokokchung""},{""adm2_code"":17803,""adm2_name"":""Mon""},{""adm2_code"":17804,""adm2_name"":""Phek""},{""adm2_code"":17805,""adm2_name"":""Tuensang""},{""adm2_code"":17806,""adm2_name"":""Wokha""},{""adm2_code"":17807,""adm2_name"":""Zunheboto""},{""adm2_code"":70205,""adm2_name"":""Dimapur""},{""adm2_code"":17834,""adm2_name"":""Ajmer""},{""adm2_code"":17835,""adm2_name"":""Alwar""},{""adm2_code"":17836,""adm2_name"":""Banswara""},{""adm2_code"":17837,""adm2_name"":""Barmer""},{""adm2_code"":17839,""adm2_name"":""Bhilwara""},{""adm2_code"":17840,""adm2_name"":""Bikaner""},{""adm2_code"":17841,""adm2_name"":""Bundi""},{""adm2_code"":17842,""adm2_name"":""Chittaurgarh""},{""adm2_code"":17843,""adm2_name"":""Churu""},{""adm2_code"":17845,""adm2_name"":""Dungarpur""},{""adm2_code"":17846,""adm2_name"":""Ganganagar""},{""adm2_code"":17847,""adm2_name"":""Jaipur""},{""adm2_code"":17848,""adm2_name"":""Jaisalmer""},{""adm2_code"":17849,""adm2_name"":""Jalor""},{""adm2_code"":17851,""adm2_name"":""Jhunjhunun""},{""adm2_code"":17852,""adm2_name"":""Jodhpur""},{""adm2_code"":17854,""adm2_name"":""Nagaur""},{""adm2_code"":17855,""adm2_name"":""Pali""},{""adm2_code"":17856,""adm2_name"":""Sawai Madhopur""},{""adm2_code"":17857,""adm2_name"":""Sikar""},{""adm2_code"":17858,""adm2_name"":""Sirohi""},{""adm2_code"":17859,""adm2_name"":""Tonk""},{""adm2_code"":17860,""adm2_name"":""Udaipur""},{""adm2_code"":70237,""adm2_name"":""Dausa""},{""adm2_code"":70238,""adm2_name"":""Hanumangarh""},{""adm2_code"":70240,""adm2_name"":""Rajsamand""},{""adm2_code"":17594,""adm2_name"":""Aurangabad""},{""adm2_code"":17595,""adm2_name"":""Begusarai""},{""adm2_code"":17596,""adm2_name"":""Bhagalpur""},{""adm2_code"":17601,""adm2_name"":""Gaya""},{""adm2_code"":17607,""adm2_name"":""Jehanabad""},{""adm2_code"":17608,""adm2_name"":""Katihar""},{""adm2_code"":17612,""adm2_name"":""Madhepura""},{""adm2_code"":17613,""adm2_name"":""Muzaffarpur""},{""adm2_code"":17614,""adm2_name"":""Munger""},{""adm2_code"":17615,""adm2_name"":""Nalanda""},{""adm2_code"":17616,""adm2_name"":""Nawada""},{""adm2_code"":17619,""adm2_name"":""Patna""},{""adm2_code"":17623,""adm2_name"":""Rohtas""},{""adm2_code"":17628,""adm2_name"":""Saran""},{""adm2_code"":17630,""adm2_name"":""Sitamarhi""},{""adm2_code"":17631,""adm2_name"":""Siwan""},{""adm2_code"":17632,""adm2_name"":""Vaishali""},{""adm2_code"":70095,""adm2_name"":""Banka""},{""adm2_code"":70096,""adm2_name"":""Bhabua""},{""adm2_code"":70097,""adm2_name"":""Bhojpur""},{""adm2_code"":70098,""adm2_name"":""Buxar""},{""adm2_code"":70099,""adm2_name"":""Jamui""},{""adm2_code"":70100,""adm2_name"":""Kishanganj""},{""adm2_code"":70101,""adm2_name"":""Lakhisarai""},{""adm2_code"":70102,""adm2_name"":""Sheikhpura""},{""adm2_code"":17600,""adm2_name"":""Deoghar""},{""adm2_code"":17603,""adm2_name"":""Godda""},{""adm2_code"":17610,""adm2_name"":""Lohardaga""},{""adm2_code"":17622,""adm2_name"":""Ranchi""},{""adm2_code"":70139,""adm2_name"":""Bokaro""},{""adm2_code"":70140,""adm2_name"":""Chatra""},{""adm2_code"":70141,""adm2_name"":""Dhanbad""},{""adm2_code"":70142,""adm2_name"":""Dumka""},{""adm2_code"":70143,""adm2_name"":""Garhwa""},{""adm2_code"":70144,""adm2_name"":""Giridih""},{""adm2_code"":70145,""adm2_name"":""Gumla""},{""adm2_code"":70146,""adm2_name"":""Hazaribag""},{""adm2_code"":70147,""adm2_name"":""Jamtara""},{""adm2_code"":70148,""adm2_name"":""Koderma""},{""adm2_code"":70149,""adm2_name"":""Latehar""},{""adm2_code"":70150,""adm2_name"":""Pakur""},{""adm2_code"":70151,""adm2_name"":""Palamu""},{""adm2_code"":70152,""adm2_name"":""Pashchim Singhbhum""},{""adm2_code"":70153,""adm2_name"":""Purba Singhbhum""},{""adm2_code"":70154,""adm2_name"":""Sahibganj""},{""adm2_code"":70155,""adm2_name"":""Saraikela Kharsawan""},{""adm2_code"":70156,""adm2_name"":""Simdega""},{""adm2_code"":17712,""adm2_name"":""Balaghat""},{""adm2_code"":17715,""adm2_name"":""Bhind""},{""adm2_code"":17718,""adm2_name"":""Chhatarpur""},{""adm2_code"":17720,""adm2_name"":""Damoh""},{""adm2_code"":17721,""adm2_name"":""Datia""},{""adm2_code"":17722,""adm2_name"":""Dewas""},{""adm2_code"":17725,""adm2_name"":""East Nimar""},{""adm2_code"":17726,""adm2_name"":""Guna""},{""adm2_code"":17727,""adm2_name"":""Gwalior""},{""adm2_code"":17730,""adm2_name"":""Jabalpur""},{""adm2_code"":17731,""adm2_name"":""Jhabua""},{""adm2_code"":17732,""adm2_name"":""Mandla""},{""adm2_code"":17734,""adm2_name"":""Morena""},{""adm2_code"":17735,""adm2_name"":""Narsinghpur""},{""adm2_code"":17736,""adm2_name"":""Panna""},{""adm2_code"":17739,""adm2_name"":""Raisen""},{""adm2_code"":17742,""adm2_name"":""Ratlam""},{""adm2_code"":17743,""adm2_name"":""Rewa""},{""adm2_code"":17744,""adm2_name"":""Sagar""},{""adm2_code"":17745,""adm2_name"":""Satna""},{""adm2_code"":17746,""adm2_name"":""Sehore""},{""adm2_code"":17748,""adm2_name"":""Shahdol""},{""adm2_code"":17749,""adm2_name"":""Shajapur""},{""adm2_code"":17750,""adm2_name"":""Shivpuri""},{""adm2_code"":17751,""adm2_name"":""Sidhi""},{""adm2_code"":17753,""adm2_name"":""Tikamgarh""},{""adm2_code"":17755,""adm2_name"":""Vidisha""},{""adm2_code"":70168,""adm2_name"":""Anuppur""},{""adm2_code"":70169,""adm2_name"":""Ashoknagar""},{""adm2_code"":70170,""adm2_name"":""Barwani""},{""adm2_code"":70171,""adm2_name"":""Burhanpur""},{""adm2_code"":70172,""adm2_name"":""Dindori""},{""adm2_code"":70174,""adm2_name"":""Katni""},{""adm2_code"":70176,""adm2_name"":""Sheopur""},{""adm2_code"":70177,""adm2_name"":""Umaria""},{""adm2_code"":17888,""adm2_name"":""Agra""},{""adm2_code"":17889,""adm2_name"":""Aligarh""},{""adm2_code"":17890,""adm2_name"":""Allahabad""},{""adm2_code"":17892,""adm2_name"":""Azamgarh""},{""adm2_code"":17894,""adm2_name"":""Ballia""},{""adm2_code"":17895,""adm2_name"":""Banda""},{""adm2_code"":17897,""adm2_name"":""Bareilly""},{""adm2_code"":17898,""adm2_name"":""Basti""},{""adm2_code"":17899,""adm2_name"":""Bijnor""},{""adm2_code"":17901,""adm2_name"":""Bulandshahr""},{""adm2_code"":17904,""adm2_name"":""Deoria""},{""adm2_code"":17905,""adm2_name"":""Etah""},{""adm2_code"":17906,""adm2_name"":""Etawah""},{""adm2_code"":17907,""adm2_name"":""Faizabad""},{""adm2_code"":17908,""adm2_name"":""Farrukhabad""},{""adm2_code"":17909,""adm2_name"":""Fatehpur""},{""adm2_code"":17911,""adm2_name"":""Ghaziabad""},{""adm2_code"":17912,""adm2_name"":""Ghazipur""},{""adm2_code"":17916,""adm2_name"":""Hardoi""},{""adm2_code"":17917,""adm2_name"":""Jalaun""},{""adm2_code"":17918,""adm2_name"":""Jaunpur""},{""adm2_code"":17919,""adm2_name"":""Jhansi""},{""adm2_code"":17923,""adm2_name"":""Lucknow""},{""adm2_code"":17924,""adm2_name"":""Mainpuri""},{""adm2_code"":17925,""adm2_name"":""Mathura""},{""adm2_code"":17926,""adm2_name"":""Meerut""},{""adm2_code"":17927,""adm2_name"":""Mirzapur""},{""adm2_code"":17928,""adm2_name"":""Moradabad""},{""adm2_code"":17929,""adm2_name"":""Muzaffarnagar""},{""adm2_code"":17931,""adm2_name"":""Pilibhit""},{""adm2_code"":17934,""adm2_name"":""Rae Bareli""},{""adm2_code"":17935,""adm2_name"":""Rampur""},{""adm2_code"":17936,""adm2_name"":""Saharanpur""},{""adm2_code"":17937,""adm2_name"":""Shahjahanpur""},{""adm2_code"":17938,""adm2_name"":""Sitapur""},{""adm2_code"":17939,""adm2_name"":""Sultanpur""},{""adm2_code"":17941,""adm2_name"":""Unnao""},{""adm2_code"":17943,""adm2_name"":""Varanasi""},{""adm2_code"":70257,""adm2_name"":""Ambedkar Nagar""},{""adm2_code"":70258,""adm2_name"":""Auraiya""},{""adm2_code"":70259,""adm2_name"":""Badaun""},{""adm2_code"":70261,""adm2_name"":""Balrampur""},{""adm2_code"":70262,""adm2_name"":""Chandauli""},{""adm2_code"":70263,""adm2_name"":""Chitrakoot""},{""adm2_code"":70264,""adm2_name"":""Firozabad""},{""adm2_code"":70265,""adm2_name"":""Gautam Buddha Nagar""},{""adm2_code"":70266,""adm2_name"":""Hathras""},{""adm2_code"":70267,""adm2_name"":""Jyotiba Phule Nagar""},{""adm2_code"":70268,""adm2_name"":""Kannauj""},{""adm2_code"":70269,""adm2_name"":""Kanpur Dehat""},{""adm2_code"":70270,""adm2_name"":""Kaushambi""},{""adm2_code"":70271,""adm2_name"":""Kushinagar""},{""adm2_code"":70273,""adm2_name"":""Mahoba""},{""adm2_code"":70274,""adm2_name"":""Mau""},{""adm2_code"":70275,""adm2_name"":""Sant Kabir Nagar""},{""adm2_code"":70278,""adm2_name"":""Siddharth Nagar""}]","[{""gid_1"":""IND.34_1"",""migration_date"":""2025-12-20"",""migration_method"":""parent2_1"",""name_1"":""Uttar Pradesh""},{""gid_1"":""IND.4_1"",""migration_date"":""2025-12-20"",""migration_method"":""parent2_1"",""name_1"":""Assam""},{""gid_2"":""IND.13.10_1"",""migration_date"":""2025-12-20"",""migration_method"":""jaccard2"",""name_2"":""Sirmaur""},{""gid_2"":""IND.13.11_1"",""migration_date"":""2025-12-20"",""migration_method"":""jaccard2"",""name_2"":""Solan""},{""gid_2"":""IND.13.12_1"",""migration_date"":""2025-12-20"",""migration_method"":""jaccard2"",""name_2"":""Una""},{""gid_2"":""IND.13.1_1"",""migration_date"":""2025-12-20"",""migration_method"":""jaccard2"",""name_2"":""Bilaspur""},{""gid_2"":""IND.13.2_1"",""migration_date"":""2025-12-20"",""migration_method"":""jaccard2"",""name_2"":""Chamba""},{""gid_2"":""IND.13.3_1"",""migration_date"":""2025-12-20"",""migration_method"":""jaccard2"",""name_2"":""Hamirpur""},{""gid_2"":""IND.13.4_1"",""migration_date"":""2025-12-20"",""migration_method"":""jaccard2"",""name_2"":""Kangra""},{""gid_2"":""IND.13.5_1"",""migration_date"":""2025-12-20"",""migration_method"":""jaccard2"",""name_2"":""Kinnaur""},{""gid_2"":""IND.13.6_1"",""migration_date"":""2025-12-20"",""migration_method"":""jaccard2"",""name_2"":""Kullu""},{""gid_2"":""IND.13.7_1"",""migration_date"":""2025-12-20"",""migration_method"":""jaccard2"",""name_2"":""Lahul \u0026 Spiti""},{""gid_2"":""IND.13.8_1"",""migration_date"":""2025-12-20"",""migration_method"":""jaccard2"",""name_2"":""Mandi""},{""gid_2"":""IND.13.9_1"",""migration_date"":""2025-12-20"",""migration_method"":""jaccard2"",""name_2"":""Shimla""},{""gid_2"":""IND.15.10_1"",""migration_date"":""2025-12-20"",""migration_method"":""puzzle2_2"",""name_2"":""Hazaribagh""},{""gid_2"":""IND.15.11_1"",""migration_date"":""2025-12-20"",""migration_method"":""jaccard2"",""name_2"":""Jamtara""},{""gid_2"":""IND.15.12_1"",""migration_date"":""2025-12-20"",""migration_method"":""puzzle2_2"",""name_2"":""Khunti""},{""gid_2"":""IND.15.13_1"",""migration_date"":""2025-12-20"",""migration_method"":""jaccard2"",""name_2"":""Kodarma""},{""gid_2"":""IND.15.14_1"",""migration_date"":""2025-12-20"",""migration_method"":""jaccard2"",""name_2"":""Latehar""},{""gid_2"":""IND.15.15_1"",""migration_date"":""2025-12-20"",""migration_method"":""jaccard2"",""name_2"":""Lohardaga""},{""gid_2"":""IND.15.16_1"",""migration_date"":""2025-12-20"",""migration_method"":""jaccard2"",""name_2"":""Pakur""},{""gid_2"":""IND.15.17_1"",""migration_date"":""2025-12-20"",""migration_method"":""jaccard2"",""name_2"":""Palamu""},{""gid_2"":""IND.15.18_1"",""migration_date"":""2025-12-20"",""migration_method"":""jaccard2"",""name_2"":""Pashchimi Singhbhum""},{""gid_2"":""IND.15.19_1"",""migration_date"":""2025-12-20"",""migration_method"":""jaccard2"",""name_2"":""Purbi Singhbhum""},{""gid_2"":""IND.15.1_1"",""migration_date"":""2025-12-20"",""migration_method"":""jaccard2"",""name_2"":""Bokaro""},{""gid_2"":""IND.15.20_1"",""migration_date"":""2025-12-20"",""migration_method"":""puzzle2_2"",""name_2"":""Ramgarh""},{""gid_2"":""IND.15.21_1"",""migration_date"":""2025-12-20"",""migration_method"":""puzzle2_2"",""name_2"":""Ranchi""},{""gid_2"":""IND.15.22_1"",""migration_date"":""2025-12-20"",""migration_method"":""jaccard2"",""name_2"":""Sahibganj""},{""gid_2"":""IND.15.23_1"",""migration_date"":""2025-12-20"",""migration_method"":""jaccard2"",""name_2"":""Saraikela-kharsawan""},{""gid_2"":""IND.15.24_1"",""migration_date"":""2025-12-20"",""migration_method"":""jaccard2"",""name_2"":""Simdega""},{""gid_2"":""IND.15.2_1"",""migration_date"":""2025-12-20"",""migration_method"":""jaccard2"",""name_2"":""Chatra""},{""gid_2"":""IND.15.3_1"",""migration_date"":""2025-12-20"",""migration_method"":""jaccard2"",""name_2"":""Deoghar""},{""gid_2"":""IND.15.4_1"",""migration_date"":""2025-12-20"",""migration_method"":""jaccard2"",""name_2"":""Dhanbad""},{""gid_2"":""IND.15.5_1"",""migration_date"":""2025-12-20"",""migration_method"":""jaccard2"",""name_2"":""Dumka""},{""gid_2"":""IND.15.6_1"",""migration_date"":""2025-12-20"",""migration_method"":""jaccard2"",""name_2"":""Garhwa""},{""gid_2"":""IND.15.7_1"",""migration_date"":""2025-12-20"",""migration_method"":""jaccard2"",""name_2"":""Giridih""},{""gid_2"":""IND.15.8_1"",""migration_date"":""2025-12-20"",""migration_method"":""jaccard2"",""name_2"":""Godda""},{""gid_2"":""IND.15.9_1"",""migration_date"":""2025-12-20"",""migration_method"":""jaccard2"",""name_2"":""Gumla""},{""gid_2"":""IND.16.11_1"",""migration_date"":""2025-12-20"",""migration_method"":""jaccard2"",""name_2"":""Chitradurga""},{""gid_2"":""IND.16.13_1"",""migration_date"":""2025-12-20"",""migration_method"":""jaccard2"",""name_2"":""Davanagere""},{""gid_2"":""IND.16.15_1"",""migration_date"":""2025-12-20"",""migration_method"":""jaccard2"",""name_2"":""Gadag""},{""gid_2"":""IND.16.16_1"",""migration_date"":""2025-12-20"",""migration_method"":""puzzle2_2"",""name_2"":""Gulbarga""},{""gid_2"":""IND.16.1_1"",""migration_date"":""2025-12-20"",""migration_method"":""jaccard2"",""name_2"":""Bagalkot""},{""gid_2"":""IND.16.20_1"",""migration_date"":""2025-12-20"",""migration_method"":""puzzle2_2"",""name_2"":""Kolar""},{""gid_2"":""IND.16.21_1"",""migration_date"":""2025-12-20"",""migration_method"":""jaccard2"",""name_2"":""Koppal""},{""gid_2"":""IND.16.22_1"",""migration_date"":""2025-12-20"",""migration_method"":""jaccard2"",""name_2"":""Mandya""},{""gid_2"":""IND.16.23_1"",""migration_date"":""2025-12-20"",""migration_method"":""jaccard2"",""name_2"":""Mysore""},{""gid_2"":""IND.16.24_1"",""migration_date"":""2025-12-20"",""migration_method"":""jaccard2"",""name_2"":""Raichur""},{""gid_2"":""IND.16.25_1"",""migration_date"":""2025-12-20"",""migration_method"":""puzzle2_2"",""name_2"":""Ramanagara""},{""gid_2"":""IND.16.27_1"",""migration_date"":""2025-12-20"",""migration_method"":""jaccard2"",""name_2"":""Tumkur""},{""gid_2"":""IND.16.2_1"",""migration_date"":""2025-12-20"",""migration_method"":""puzzle2_2"",""name_2"":""Bangalore Rural""},{""gid_2"":""IND.16.30_1"",""migration_date"":""2025-12-20"",""migration_method"":""puzzle2_2"",""name_2"":""Yadgir""},{""gid_2"":""IND.16.3_1"",""migration_date"":""2025-12-20"",""migration_method"":""jaccard2"",""name_2"":""Bangalore""},{""gid_2"":""IND.16.4_1"",""migration_date"":""2025-12-20"",""migration_method"":""jaccard2"",""name_2"":""Belgaum""},{""gid_2"":""IND.16.5_1"",""migration_date"":""2025-12-20"",""migration_method"":""jaccard2"",""name_2"":""Bellary""},{""gid_2"":""IND.16.6_1"",""migration_date"":""2025-12-20"",""migration_method"":""jaccard2"",""name_2"":""Bidar""},{""gid_2"":""IND.16.7_1"",""migration_date"":""2025-12-20"",""migration_method"":""jaccard2"",""name_2"":""Bijapur""},{""gid_2"":""IND.16.8_1"",""migration_date"":""2025-12-20"",""migration_method"":""jaccard2"",""name_2"":""Chamrajnagar""},{""gid_2"":""IND.16.9_1"",""migration_date"":""2025-12-20"",""migration_method"":""puzzle2_2"",""name_2"":""Chikballapura""},{""gid_2"":""IND.19.10_1"",""migration_date"":""2025-12-20"",""migration_method"":""jaccard2"",""name_2"":""Burhanpur""},{""gid_2"":""IND.19.11_1"",""migration_date"":""2025-12-20"",""migration_method"":""jaccard2"",""name_2"":""Chhatarpur""},{""gid_2"":""IND.19.13_1"",""migration_date"":""2025-12-20"",""migration_method"":""jaccard2"",""name_2"":""Damoh""},{""gid_2"":""IND.19.14_1"",""migration_date"":""2025-12-20"",""migration_method"":""jaccard2"",""name_2"":""Datia""},{""gid_2"":""IND.19.15_1"",""migration_date"":""2025-12-20"",""migration_method"":""jaccard2"",""name_2"":""Dewas""},{""gid_2"":""IND.19.17_1"",""migration_date"":""2025-12-20"",""migration_method"":""jaccard2"",""name_2"":""Dindori""},{""gid_2"":""IND.19.18_1"",""migration_date"":""2025-12-20"",""migration_method"":""jaccard2"",""name_2"":""East Nimar""},{""gid_2"":""IND.19.19_1"",""migration_date"":""2025-12-20"",""migration_method"":""jaccard2"",""name_2"":""Guna""},{""gid_2"":""IND.19.1_1"",""migration_date"":""2025-12-20"",""migration_method"":""puzzle2_2"",""name_2"":""Agar Malwa""},{""gid_2"":""IND.19.20_1"",""migration_date"":""2025-12-20"",""migration_method"":""jaccard2"",""name_2"":""Gwalior""},{""gid_2"":""IND.19.24_1"",""migration_date"":""2025-12-20"",""migration_method"":""jaccard2"",""name_2"":""Jabalpur""},{""gid_2"":""IND.19.25_1"",""migration_date"":""2025-12-20"",""migration_method"":""puzzle2_2"",""name_2"":""Jhabua""},{""gid_2"":""IND.19.26_1"",""migration_date"":""2025-12-20"",""migration_method"":""jaccard2"",""name_2"":""Katni""},{""gid_2"":""IND.19.27_1"",""migration_date"":""2025-12-20"",""migration_method"":""jaccard2"",""name_2"":""Mandla""},{""gid_2"":""IND.19.29_1"",""migration_date"":""2025-12-20"",""migration_method"":""jaccard2"",""name_2"":""Morena""},{""gid_2"":""IND.19.2_1"",""migration_date"":""2025-12-20"",""migration_method"":""puzzle2_2"",""name_2"":""Alirajpur""},{""gid_2"":""IND.19.30_1"",""migration_date"":""2025-12-20"",""migration_method"":""jaccard2"",""name_2"":""Narsimhapur""},{""gid_2"":""IND.19.32_1"",""migration_date"":""2025-12-20"",""migration_method"":""jaccard2"",""name_2"":""Panna""},{""gid_2"":""IND.19.33_1"",""migration_date"":""2025-12-20"",""migration_method"":""jaccard2"",""name_2"":""Raisen""},{""gid_2"":""IND.19.35_1"",""migration_date"":""2025-12-20"",""migration_method"":""jaccard2"",""name_2"":""Ratlam""},{""gid_2"":""IND.19.36_1"",""migration_date"":""2025-12-20"",""migration_method"":""jaccard2"",""name_2"":""Rewa""},{""gid_2"":""IND.19.37_1"",""migration_date"":""2025-12-20"",""migration_method"":""jaccard2"",""name_2"":""Sagar""},{""gid_2"":""IND.19.38_1"",""migration_date"":""2025-12-20"",""migration_method"":""jaccard2"",""name_2"":""Satna""},{""gid_2"":""IND.19.39_1"",""migration_date"":""2025-12-20"",""migration_method"":""jaccard2"",""name_2"":""Sehore""},{""gid_2"":""IND.19.3_1"",""migration_date"":""2025-12-20"",""migration_method"":""jaccard2"",""name_2"":""Anuppur""},{""gid_2"":""IND.19.41_1"",""migration_date"":""2025-12-20"",""migration_method"":""jaccard2"",""name_2"":""Shahdol""},{""gid_2"":""IND.19.42_1"",""migration_date"":""2025-12-20"",""migration_method"":""puzzle2_2"",""name_2"":""Shajapur""},{""gid_2"":""IND.19.43_1"",""migration_date"":""2025-12-20"",""migration_method"":""jaccard2"",""name_2"":""Sheopur""},{""gid_2"":""IND.19.44_1"",""migration_date"":""2025-12-20"",""migration_method"":""jaccard2"",""name_2"":""Shivpuri""},{""gid_2"":""IND.19.45_1"",""migration_date"":""2025-12-20"",""migration_method"":""puzzle2_2"",""name_2"":""Sidhi""},{""gid_2"":""IND.19.46_1"",""migration_date"":""2025-12-20"",""migration_method"":""puzzle2_2"",""name_2"":""Singrauli""},{""gid_2"":""IND.19.47_1"",""migration_date"":""2025-12-20"",""migration_method"":""jaccard2"",""name_2"":""Tikamgarh""},{""gid_2"":""IND.19.49_1"",""migration_date"":""2025-12-20"",""migration_method"":""jaccard2"",""name_2"":""Umaria""},{""gid_2"":""IND.19.4_1"",""migration_date"":""2025-12-20"",""migration_method"":""jaccard2"",""name_2"":""Ashoknagar""},{""gid_2"":""IND.19.50_1"",""migration_date"":""2025-12-20"",""migration_method"":""jaccard2"",""name_2"":""Vidisha""},{""gid_2"":""IND.19.5_1"",""migration_date"":""2025-12-20"",""migration_method"":""jaccard2"",""name_2"":""Balaghat""},{""gid_2"":""IND.19.6_1"",""migration_date"":""2025-12-20"",""migration_method"":""jaccard2"",""name_2"":""Barwani""},{""gid_2"":""IND.19.8_1"",""migration_date"":""2025-12-20"",""migration_method"":""jaccard2"",""name_2"":""Bhind""},{""gid_2"":""IND.20.10_1"",""migration_date"":""2025-12-20"",""migration_method"":""jaccard2"",""name_2"":""Garhchiroli""},{""gid_2"":""IND.20.12_1"",""migration_date"":""2025-12-20"",""migration_method"":""jaccard2"",""name_2"":""Hingoli""},{""gid_2"":""IND.20.13_1"",""migration_date"":""2025-12-20"",""migration_method"":""jaccard2"",""name_2"":""Jalgaon""},{""gid_2"":""IND.20.14_1"",""migration_date"":""2025-12-20"",""migration_method"":""jaccard2"",""name_2"":""Jalna""},{""gid_2"":""IND.20.15_1"",""migration_date"":""2025-12-20"",""migration_method"":""jaccard2"",""name_2"":""Kolhapur""},{""gid_2"":""IND.20.16_1"",""migration_date"":""2025-12-20"",""migration_method"":""jaccard2"",""name_2"":""Latur""},{""gid_2"":""IND.20.1_1"",""migration_date"":""2025-12-20"",""migration_method"":""jaccard2"",""name_2"":""Ahmadnagar""},{""gid_2"":""IND.20.20_1"",""migration_date"":""2025-12-20"",""migration_method"":""jaccard2"",""name_2"":""Nanded""},{""gid_2"":""IND.20.21_1"",""migration_date"":""2025-12-20"",""migration_method"":""jaccard2"",""name_2"":""Nandurbar""},{""gid_2"":""IND.20.22_1"",""migration_date"":""2025-12-20"",""migration_method"":""jaccard2"",""name_2"":""Nashik""},{""gid_2"":""IND.20.23_1"",""migration_date"":""2025-12-20"",""migration_method"":""jaccard2"",""name_2"":""Osmanabad""},{""gid_2"":""IND.20.24_1"",""migration_date"":""2025-12-20"",""migration_method"":""puzzle2_2"",""name_2"":""Palghar""},{""gid_2"":""IND.20.25_1"",""migration_date"":""2025-12-20"",""migration_method"":""jaccard2"",""name_2"":""Parbhani""},{""gid_2"":""IND.20.26_1"",""migration_date"":""2025-12-20"",""migration_method"":""jaccard2"",""name_2"":""Pune""},{""gid_2"":""IND.20.27_1"",""migration_date"":""2025-12-20"",""migration_method"":""jaccard2"",""name_2"":""Raigarh""},{""gid_2"":""IND.20.29_1"",""migration_date"":""2025-12-20"",""migration_method"":""jaccard2"",""name_2"":""Sangli""},{""gid_2"":""IND.20.2_1"",""migration_date"":""2025-12-20"",""migration_method"":""jaccard2"",""name_2"":""Akola""},{""gid_2"":""IND.20.30_1"",""migration_date"":""2025-12-20"",""migration_method"":""jaccard2"",""name_2"":""Satara""},{""gid_2"":""IND.20.32_1"",""migration_date"":""2025-12-20"",""migration_method"":""jaccard2"",""name_2"":""Solapur""},{""gid_2"":""IND.20.33_1"",""migration_date"":""2025-12-20"",""migration_method"":""puzzle2_2"",""name_2"":""Thane""},{""gid_2"":""IND.20.34_1"",""migration_date"":""2025-12-20"",""migration_method"":""jaccard2"",""name_2"":""Wardha""},{""gid_2"":""IND.20.35_1"",""migration_date"":""2025-12-20"",""migration_method"":""jaccard2"",""name_2"":""Washim""},{""gid_2"":""IND.20.36_1"",""migration_date"":""2025-12-20"",""migration_method"":""jaccard2"",""name_2"":""Yavatmal""},{""gid_2"":""IND.20.3_1"",""migration_date"":""2025-12-20"",""migration_method"":""jaccard2"",""name_2"":""Amravati""},{""gid_2"":""IND.20.4_1"",""migration_date"":""2025-12-20"",""migration_method"":""jaccard2"",""name_2"":""Aurangabad""},{""gid_2"":""IND.20.6_1"",""migration_date"":""2025-12-20"",""migration_method"":""jaccard2"",""name_2"":""Bid""},{""gid_2"":""IND.20.7_1"",""migration_date"":""2025-12-20"",""migration_method"":""jaccard2"",""name_2"":""Buldana""},{""gid_2"":""IND.20.8_1"",""migration_date"":""2025-12-20"",""migration_method"":""jaccard2"",""name_2"":""Chandrapur""},{""gid_2"":""IND.20.9_1"",""migration_date"":""2025-12-20"",""migration_method"":""jaccard2"",""name_2"":""Dhule""},{""gid_2"":""IND.21.1_1"",""migration_date"":""2025-12-20"",""migration_method"":""jaccard2"",""name_2"":""Bishnupur""},{""gid_2"":""IND.21.2_1"",""migration_date"":""2025-12-20"",""migration_method"":""jaccard2"",""name_2"":""Chandel""},{""gid_2"":""IND.21.3_1"",""migration_date"":""2025-12-20"",""migration_method"":""jaccard2"",""name_2"":""Churachandpur""},{""gid_2"":""IND.21.4_1"",""migration_date"":""2025-12-20"",""migration_method"":""jaccard2"",""name_2"":""Imphal East""},{""gid_2"":""IND.21.5_1"",""migration_date"":""2025-12-20"",""migration_method"":""jaccard2"",""name_2"":""Imphal West""},{""gid_2"":""IND.21.6_1"",""migration_date"":""2025-12-20"",""migration_method"":""jaccard2"",""name_2"":""Senapati""},{""gid_2"":""IND.21.7_1"",""migration_date"":""2025-12-20"",""migration_method"":""jaccard2"",""name_2"":""Tamenglong""},{""gid_2"":""IND.21.8_1"",""migration_date"":""2025-12-20"",""migration_method"":""jaccard2"",""name_2"":""Thoubal""},{""gid_2"":""IND.21.9_1"",""migration_date"":""2025-12-20"",""migration_method"":""jaccard2"",""name_2"":""Ukhrul""},{""gid_2"":""IND.24.10_1"",""migration_date"":""2025-12-20"",""migration_method"":""jaccard2"",""name_2"":""Wokha""},{""gid_2"":""IND.24.11_1"",""migration_date"":""2025-12-20"",""migration_method"":""jaccard2"",""name_2"":""Zunheboto""},{""gid_2"":""IND.24.1_1"",""migration_date"":""2025-12-20"",""migration_method"":""jaccard2"",""name_2"":""Dimapur""},{""gid_2"":""IND.24.2_1"",""migration_date"":""2025-12-20"",""migration_method"":""puzzle2_2"",""name_2"":""Kiphire""},{""gid_2"":""IND.24.3_1"",""migration_date"":""2025-12-20"",""migration_method"":""puzzle2_2"",""name_2"":""Kohima""},{""gid_2"":""IND.24.4_1"",""migration_date"":""2025-12-20"",""migration_method"":""puzzle2_2"",""name_2"":""Longleng""},{""gid_2"":""IND.24.5_1"",""migration_date"":""2025-12-20"",""migration_method"":""jaccard2"",""name_2"":""Mokokchung""},{""gid_2"":""IND.24.6_1"",""migration_date"":""2025-12-20"",""migration_method"":""jaccard2"",""name_2"":""Mon""},{""gid_2"":""IND.24.7_1"",""migration_date"":""2025-12-20"",""migration_method"":""puzzle2_2"",""name_2"":""Peren""},{""gid_2"":""IND.24.8_1"",""migration_date"":""2025-12-20"",""migration_method"":""jaccard2"",""name_2"":""Phek""},{""gid_2"":""IND.24.9_1"",""migration_date"":""2025-12-20"",""migration_method"":""puzzle2_2"",""name_2"":""Tuensang""},{""gid_2"":""IND.29.10_1"",""migration_date"":""2025-12-20"",""migration_method"":""puzzle2_2"",""name_2"":""Chittaurgarh""},{""gid_2"":""IND.29.11_1"",""migration_date"":""2025-12-20"",""migration_method"":""jaccard2"",""name_2"":""Churu""},{""gid_2"":""IND.29.12_1"",""migration_date"":""2025-12-20"",""migration_method"":""jaccard2"",""name_2"":""Dausa""},{""gid_2"":""IND.29.14_1"",""migration_date"":""2025-12-20"",""migration_method"":""jaccard2"",""name_2"":""Dungarpur""},{""gid_2"":""IND.29.15_1"",""migration_date"":""2025-12-20"",""migration_method"":""jaccard2"",""name_2"":""Ganganagar""},{""gid_2"":""IND.29.16_1"",""migration_date"":""2025-12-20"",""migration_method"":""jaccard2"",""name_2"":""Hanumangarh""},{""gid_2"":""IND.29.17_1"",""migration_date"":""2025-12-20"",""migration_method"":""jaccard2"",""name_2"":""Jaipur""},{""gid_2"":""IND.29.18_1"",""migration_date"":""2025-12-20"",""migration_method"":""jaccard2"",""name_2"":""Jaisalmer""},{""gid_2"":""IND.29.19_1"",""migration_date"":""2025-12-20"",""migration_method"":""jaccard2"",""name_2"":""Jalor""},{""gid_2"":""IND.29.1_1"",""migration_date"":""2025-12-20"",""migration_method"":""jaccard2"",""name_2"":""Ajmer""},{""gid_2"":""IND.29.21_1"",""migration_date"":""2025-12-20"",""migration_method"":""jaccard2"",""name_2"":""Jhunjhunun""},{""gid_2"":""IND.29.22_1"",""migration_date"":""2025-12-20"",""migration_method"":""jaccard2"",""name_2"":""Jodhpur""},{""gid_2"":""IND.29.25_1"",""migration_date"":""2025-12-20"",""migration_method"":""jaccard2"",""name_2"":""Nagaur""},{""gid_2"":""IND.29.26_1"",""migration_date"":""2025-12-20"",""migration_method"":""jaccard2"",""name_2"":""Pali""},{""gid_2"":""IND.29.27_1"",""migration_date"":""2025-12-20"",""migration_method"":""puzzle2_2"",""name_2"":""Pratapgarh""},{""gid_2"":""IND.29.28_1"",""migration_date"":""2025-12-20"",""migration_method"":""jaccard2"",""name_2"":""Rajsamand""},{""gid_2"":""IND.29.29_1"",""migration_date"":""2025-12-20"",""migration_method"":""jaccard2"",""name_2"":""Sawai Madhopur""},{""gid_2"":""IND.29.2_1"",""migration_date"":""2025-12-20"",""migration_method"":""jaccard2"",""name_2"":""Alwar""},{""gid_2"":""IND.29.30_1"",""migration_date"":""2025-12-20"",""migration_method"":""jaccard2"",""name_2"":""Sikar""},{""gid_2"":""IND.29.31_1"",""migration_date"":""2025-12-20"",""migration_method"":""jaccard2"",""name_2"":""Sirohi""},{""gid_2"":""IND.29.32_1"",""migration_date"":""2025-12-20"",""migration_method"":""jaccard2"",""name_2"":""Tonk""},{""gid_2"":""IND.29.33_1"",""migration_date"":""2025-12-20"",""migration_method"":""jaccard2"",""name_2"":""Udaipur""},{""gid_2"":""IND.29.3_1"",""migration_date"":""2025-12-20"",""migration_method"":""jaccard2"",""name_2"":""Banswara""},{""gid_2"":""IND.29.5_1"",""migration_date"":""2025-12-20"",""migration_method"":""jaccard2"",""name_2"":""Barmer""},{""gid_2"":""IND.29.7_1"",""migration_date"":""2025-12-20"",""migration_method"":""jaccard2"",""name_2"":""Bhilwara""},{""gid_2"":""IND.29.8_1"",""migration_date"":""2025-12-20"",""migration_method"":""jaccard2"",""name_2"":""Bikaner""},{""gid_2"":""IND.29.9_1"",""migration_date"":""2025-12-20"",""migration_method"":""jaccard2"",""name_2"":""Bundi""},{""gid_2"":""IND.5.10_1"",""migration_date"":""2025-12-20"",""migration_method"":""jaccard2"",""name_2"":""Gaya""},{""gid_2"":""IND.5.12_1"",""migration_date"":""2025-12-20"",""migration_method"":""jaccard2"",""name_2"":""Jamui""},{""gid_2"":""IND.5.13_1"",""migration_date"":""2025-12-20"",""migration_method"":""puzzle2_2"",""name_2"":""Jehanabad""},{""gid_2"":""IND.5.14_1"",""migration_date"":""2025-12-20"",""migration_method"":""jaccard2"",""name_2"":""Kaimur""},{""gid_2"":""IND.5.15_1"",""migration_date"":""2025-12-20"",""migration_method"":""jaccard2"",""name_2"":""Katihar""},{""gid_2"":""IND.5.17_1"",""migration_date"":""2025-12-20"",""migration_method"":""jaccard2"",""name_2"":""Kishanganj""},{""gid_2"":""IND.5.18_1"",""migration_date"":""2025-12-20"",""migration_method"":""jaccard2"",""name_2"":""Lakhisarai""},{""gid_2"":""IND.5.19_1"",""migration_date"":""2025-12-20"",""migration_method"":""jaccard2"",""name_2"":""Madhepura""},{""gid_2"":""IND.5.21_1"",""migration_date"":""2025-12-20"",""migration_method"":""jaccard2"",""name_2"":""Munger""},{""gid_2"":""IND.5.22_1"",""migration_date"":""2025-12-20"",""migration_method"":""jaccard2"",""name_2"":""Muzaffarpur""},{""gid_2"":""IND.5.23_1"",""migration_date"":""2025-12-20"",""migration_method"":""jaccard2"",""name_2"":""Nalanda""},{""gid_2"":""IND.5.24_1"",""migration_date"":""2025-12-20"",""migration_method"":""jaccard2"",""name_2"":""Nawada""},{""gid_2"":""IND.5.26_1"",""migration_date"":""2025-12-20"",""migration_method"":""jaccard2"",""name_2"":""Patna""},{""gid_2"":""IND.5.29_1"",""migration_date"":""2025-12-20"",""migration_method"":""jaccard2"",""name_2"":""Rohtas""},{""gid_2"":""IND.5.2_1"",""migration_date"":""2025-12-20"",""migration_method"":""puzzle2_2"",""name_2"":""Arwal""},{""gid_2"":""IND.5.32_1"",""migration_date"":""2025-12-20"",""migration_method"":""jaccard2"",""name_2"":""Saran""},{""gid_2"":""IND.5.33_1"",""migration_date"":""2025-12-20"",""migration_method"":""jaccard2"",""name_2"":""Sheikhpura""},{""gid_2"":""IND.5.35_1"",""migration_date"":""2025-12-20"",""migration_method"":""jaccard2"",""name_2"":""Sitamarhi""},{""gid_2"":""IND.5.36_1"",""migration_date"":""2025-12-20"",""migration_method"":""jaccard2"",""name_2"":""Siwan""},{""gid_2"":""IND.5.38_1"",""migration_date"":""2025-12-20"",""migration_method"":""jaccard2"",""name_2"":""Vaishali""},{""gid_2"":""IND.5.3_1"",""migration_date"":""2025-12-20"",""migration_method"":""jaccard2"",""name_2"":""Aurangabad""},{""gid_2"":""IND.5.4_1"",""migration_date"":""2025-12-20"",""migration_method"":""jaccard2"",""name_2"":""Banka""},{""gid_2"":""IND.5.5_1"",""migration_date"":""2025-12-20"",""migration_method"":""jaccard2"",""name_2"":""Begusarai""},{""gid_2"":""IND.5.6_1"",""migration_date"":""2025-12-20"",""migration_method"":""jaccard2"",""name_2"":""Bhagalpur""},{""gid_2"":""IND.5.7_1"",""migration_date"":""2025-12-20"",""migration_method"":""jaccard2"",""name_2"":""Bhojpur""},{""gid_2"":""IND.5.8_1"",""migration_date"":""2025-12-20"",""migration_method"":""jaccard2"",""name_2"":""Buxar""}]",2009-12-08,2025-12-20,2009-07-01,2009-08-01
2010-0198-IND,No,Natural,Meteorological,Storm,Tropical cyclone,"Cyclone ""Laila""",IND,India,Southern Asia,Asia,"Krishna, Prakasam, Nellore, Guntur districts (Andhra Pradesh province), Tamil Nadu province",NULL,Rain,No,NULL,110.0,Kph,NULL,NULL,NULL,32.0,NULL,NULL,NULL,NULL,NULL,NULL,NULL,NULL,67.73109453,"[{""adm1_code"":1508,""adm1_name"":""Tamil Nadu""},{""adm2_code"":17552,""adm2_name"":""Guntur""},{""adm2_code"":17556,""adm2_name"":""Krishna""},{""adm2_code"":17561,""adm2_name"":""Nellore""},{""adm2_code"":17563,""adm2_name"":""Prakasam""}]","[{""gid_1"":""IND.31_1"",""migration_date"":""2025-12-20"",""migration_method"":""jaccard1"",""name_1"":""Tamil Nadu""},{""gid_2"":""IND.2.4_1"",""migration_date"":""2025-12-20"",""migration_method"":""jaccard2"",""name_2"":""Guntur""},{""gid_2"":""IND.2.5_1"",""migration_date"":""2025-12-20"",""migration_method"":""jaccard2"",""name_2"":""Krishna""},{""gid_2"":""IND.2.7_1"",""migration_date"":""2025-12-20"",""migration_method"":""jaccard2"",""name_2"":""Nellore""},{""gid_2"":""IND.2.8_1"",""migration_date"":""2025-12-20"",""migration_method"":""jaccard2"",""name_2"":""Prakasam""}]",2010-05-27,2025-12-20,2010-05-20,2010-05-20
2011-0566-IND,No,Natural,Meteorological,Storm,Tropical cyclone,Cyclone Thane,IND,India,Southern Asia,Asia,"Cuddalore district (Tamil Nadu province), Puducherry district (Puducherry province)",NULL,NULL,No,1350.0,140.0,Kph,NULL,NULL,NULL,47.0,NULL,NULL,250000.0,250000.0,NULL,NULL,375625.0,537611.0,69.86926351,"[{""adm2_code"":70243,""adm2_name"":""Cuddalore""},{""adm2_code"":70228,""adm2_name"":""Puducherry""}]","[{""gid_2"":""IND.27.3_1"",""migration_date"":""2025-12-20"",""migration_method"":""jaccard2"",""name_2"":""Puducherry""},{""gid_2"":""IND.31.4_1"",""migration_date"":""2025-12-20"",""migration_method"":""jaccard2"",""name_2"":""Cuddalore""}]",2012-04-04,2025-12-20,2011-12-29,2011-12-30
2011-0643-IND,No,Natural,Meteorological,Extreme temperature,Cold wave,NULL,IND,India,Southern Asia,Asia,"Uttar Pradesh, Punjab, Haryana provinces",NULL,NULL,No,NULL,0.0,°C,NULL,NULL,NULL,132.0,NULL,NULL,NULL,NULL,NULL,NULL,NULL,NULL,69.86926351,"[{""adm1_code"":1492,""adm1_name"":""Haryana""},{""adm1_code"":1505,""adm1_name"":""Punjab""},{""adm1_code"":70081,""adm1_name"":""Uttar Pradesh""}]","[{""gid_1"":""IND.12_1"",""migration_date"":""2025-12-20"",""migration_method"":""jaccard1"",""name_1"":""Haryana""},{""gid_1"":""IND.28_1"",""migration_date"":""2025-12-20"",""migration_method"":""jaccard1"",""name_1"":""Punjab""},{""gid_1"":""IND.34_1"",""migration_date"":""2025-12-20"",""migration_method"":""jaccard1"",""name_1"":""Uttar Pradesh""}]",2012-04-05,2025-12-20,2011-12-16,2011-12-31
2012-0382-IND,No,Natural,Hydrological,Flood,Riverine flood,NULL,IND,India,Southern Asia,Asia,"Barpeta, Bongaigaon, Darrang, Dhemaji, Dhuburi, Dibrugarh, Goalpara, Golaghat, Jorhat, Kamrup, Lakhimpur, Marigaon, Nagaon, Nalbari, Papum Pare, Sibsagar, Sonitpur, Tinsukia districts (Assam province), Bhagalpur, Darbhanga, Katihar, Khagaria, Muzaffarpur, Patna, Siwan, Supaul districts (Bihar province), Sahibganj district (Jharkhand province), North Sikkim district (Sikkim province), Ballia, Bara Banki, Faizabad districts (Uttar Pradesh province), Murshidabad district (West Bengal province), West Siang, East Siang, Lohit, Papum Pare districts (Arunachal Pradesh province)",Monsoonal rains,"Slide (land, mud, snow, rock)",No,NULL,42597.0,Km2,26.8,93.63,NULL,21.0,NULL,2000000.0,NULL,2000000.0,NULL,NULL,98000.0,137418.0,71.31508773,"[{""adm2_code"":17576,""adm2_name"":""Barpeta""},{""adm2_code"":17578,""adm2_name"":""Darrang""},{""adm2_code"":17579,""adm2_name"":""Dhuburi""},{""adm2_code"":17580,""adm2_name"":""Dibrugarh""},{""adm2_code"":17581,""adm2_name"":""Goalpara""},{""adm2_code"":17582,""adm2_name"":""Golaghat""},{""adm2_code"":17583,""adm2_name"":""Kamrup""},{""adm2_code"":17589,""adm2_name"":""Nagaon""},{""adm2_code"":17590,""adm2_name"":""Nalbari""},{""adm2_code"":17592,""adm2_name"":""Sibsagar""},{""adm2_code"":17593,""adm2_name"":""Sonitpur""},{""adm2_code"":70086,""adm2_name"":""Bongaigaon""},{""adm2_code"":70087,""adm2_name"":""Dhemaji""},{""adm2_code"":70089,""adm2_name"":""Jorhat""},{""adm2_code"":70091,""adm2_name"":""Lakhimpur""},{""adm2_code"":70092,""adm2_name"":""Marigaon""},{""adm2_code"":70093,""adm2_name"":""Tinsukia""},{""adm2_code"":17862,""adm2_name"":""North Sikkim""},{""adm2_code"":17955,""adm2_name"":""Murshidabad""},{""adm2_code"":17571,""adm2_name"":""East Siang""},{""adm2_code"":17572,""adm2_name"":""Lohit""},{""adm2_code"":17575,""adm2_name"":""West Siang""},{""adm2_code"":70085,""adm2_name"":""Papum Pare""},{""adm2_code"":17596,""adm2_name"":""Bhagalpur""},{""adm2_code"":17598,""adm2_name"":""Darbhanga""},{""adm2_code"":17608,""adm2_name"":""Katihar""},{""adm2_code"":17609,""adm2_name"":""Khagaria""},{""adm2_code"":17613,""adm2_name"":""Muzaffarpur""},{""adm2_code"":17619,""adm2_name"":""Patna""},{""adm2_code"":17631,""adm2_name"":""Siwan""},{""adm2_code"":70104,""adm2_name"":""Supaul""},{""adm2_code"":70154,""adm2_name"":""Sahibganj""},{""adm2_code"":17894,""adm2_name"":""Ballia""},{""adm2_code"":17896,""adm2_name"":""Bara Banki""},{""adm2_code"":17907,""adm2_name"":""Faizabad""}]","[{""gid_1"":""IND.4_1"",""migration_date"":""2025-12-20"",""migration_method"":""parent2_1"",""name_1"":""Assam""},{""gid_2"":""IND.15.22_1"",""migration_date"":""2025-12-20"",""migration_method"":""jaccard2"",""name_2"":""Sahibganj""},{""gid_2"":""IND.3.11_1"",""migration_date"":""2025-12-20"",""migration_method"":""puzzle2_2"",""name_2"":""Namsai""},{""gid_2"":""IND.3.1_1"",""migration_date"":""2025-12-20"",""migration_method"":""puzzle2_2"",""name_2"":""Anjaw""},{""gid_2"":""IND.3.5_1"",""migration_date"":""2025-12-20"",""migration_method"":""jaccard2"",""name_2"":""East Siang""},{""gid_2"":""IND.3.7_1"",""migration_date"":""2025-12-20"",""migration_method"":""puzzle2_2"",""name_2"":""Lohit""},{""gid_2"":""IND.30.2_1"",""migration_date"":""2025-12-20"",""migration_method"":""jaccard2"",""name_2"":""North Sikkim""},{""gid_2"":""IND.34.11_1"",""migration_date"":""2025-12-20"",""migration_method"":""jaccard2"",""name_2"":""Ballia""},{""gid_2"":""IND.34.14_1"",""migration_date"":""2025-12-20"",""migration_method"":""jaccard2"",""name_2"":""Barabanki""},{""gid_2"":""IND.34.25_1"",""migration_date"":""2025-12-20"",""migration_method"":""jaccard2"",""name_2"":""Faizabad""},{""gid_2"":""IND.36.13_1"",""migration_date"":""2025-12-20"",""migration_method"":""jaccard2"",""name_2"":""Murshidabad""},{""gid_2"":""IND.5.15_1"",""migration_date"":""2025-12-20"",""migration_method"":""jaccard2"",""name_2"":""Katihar""},{""gid_2"":""IND.5.16_1"",""migration_date"":""2025-12-20"",""migration_method"":""jaccard2"",""name_2"":""Khagaria""},{""gid_2"":""IND.5.22_1"",""migration_date"":""2025-12-20"",""migration_method"":""jaccard2"",""name_2"":""Muzaffarpur""},{""gid_2"":""IND.5.26_1"",""migration_date"":""2025-12-20"",""migration_method"":""jaccard2"",""name_2"":""Patna""},{""gid_2"":""IND.5.36_1"",""migration_date"":""2025-12-20"",""migration_method"":""jaccard2"",""name_2"":""Siwan""},{""gid_2"":""IND.5.37_1"",""migration_date"":""2025-12-20"",""migration_method"":""jaccard2"",""name_2"":""Supaul""},{""gid_2"":""IND.5.6_1"",""migration_date"":""2025-12-20"",""migration_method"":""jaccard2"",""name_2"":""Bhagalpur""},{""gid_2"":""IND.5.9_1"",""migration_date"":""2025-12-20"",""migration_method"":""jaccard2"",""name_2"":""Darbhanga""},{""gid_2"":""Z07.3.12_1"",""migration_date"":""2025-12-20"",""migration_method"":""bufhaus2"",""name_2"":""Papum Pare""},{""gid_2"":""Z07.3.18_1"",""migration_date"":""2025-12-20"",""migration_method"":""bufhaus2"",""name_2"":""West Siang""}]",2013-02-06,2025-12-20,2012-09-19,2012-09-23
2012-0425-IND,No,Natural,Meteorological,Storm,Tropical cyclone,Cyclone Nilam,IND,India,Southern Asia,Asia,"Andhra Pradesh, Tamil Nadu provinces",NULL,Flood|Surge,No,NULL,NULL,Kph,11.82,78.08,NULL,40.0,NULL,70000.0,NULL,70000.0,NULL,NULL,NULL,NULL,71.31508773,"[{""adm1_code"":1485,""adm1_name"":""Andhra Pradesh""},{""adm1_code"":1508,""adm1_name"":""Tamil Nadu""}]","[{""gid_1"":""IND.2_1"",""migration_date"":""2025-12-20"",""migration_method"":""puzzle1_1"",""name_1"":""Andhra Pradesh""},{""gid_1"":""IND.31_1"",""migration_date"":""2025-12-20"",""migration_method"":""jaccard1"",""name_1"":""Tamil Nadu""},{""gid_1"":""IND.32_1"",""migration_date"":""2025-12-20"",""migration_method"":""puzzle1_1"",""name_1"":""Telangana""}]",2013-02-06,2025-12-20,2012-11-04,2012-11-08
2012-0538-IND,No,Natural,Meteorological,Extreme temperature,Cold wave,NULL,IND,India,Southern Asia,Asia,"Bihar, Haryana, Himachal Pradesh, Jammu and Kashmir, Punjab, Rajasthan, Uttar Pradesh provinces",NULL,NULL,No,NULL,NULL,°C,NULL,NULL,NULL,249.0,NULL,NULL,NULL,NULL,NULL,NULL,NULL,NULL,71.31508773,"[{""adm1_code"":1492,""adm1_name"":""Haryana""},{""adm1_code"":1493,""adm1_name"":""Himachal Pradesh""},{""adm1_code"":1505,""adm1_name"":""Punjab""},{""adm1_code"":1506,""adm1_name"":""Rajasthan""},{""adm1_code"":40408,""adm1_name"":""Administrative unit not available""},{""adm1_code"":40409,""adm1_name"":""Administrative unit not available""},{""adm1_code"":40422,""adm1_name"":""Administrative unit not available""},{""adm1_code"":40423,""adm1_name"":""Administrative unit not available""},{""adm1_code"":40424,""adm1_name"":""Administrative unit not available""},{""adm1_code"":40425,""adm1_name"":""Administrative unit not available""},{""adm1_code"":40426,""adm1_name"":""Administrative unit not available""},{""adm1_code"":40427,""adm1_name"":""Administrative unit not available""},{""adm1_code"":40428,""adm1_name"":""Administrative unit not available""},{""adm1_code"":40429,""adm1_name"":""Administrative unit not available""},{""adm1_code"":40430,""adm1_name"":""Administrative unit not available""},{""adm1_code"":40431,""adm1_name"":""Administrative unit not available""},{""adm1_code"":70073,""adm1_name"":""Bihar""},{""adm1_code"":70081,""adm1_name"":""Uttar Pradesh""}]","[{""gid_1"":""IND.12_1"",""migration_date"":""2025-12-20"",""migration_method"":""jaccard1"",""name_1"":""Haryana""},{""gid_1"":""IND.13_1"",""migration_date"":""2025-12-20"",""migration_method"":""jaccard1"",""name_1"":""Himachal Pradesh""},{""gid_1"":""IND.28_1"",""migration_date"":""2025-12-20"",""migration_method"":""jaccard1"",""name_1"":""Punjab""},{""gid_1"":""IND.29_1"",""migration_date"":""2025-12-20"",""migration_method"":""jaccard1"",""name_1"":""Rajasthan""},{""gid_1"":""IND.34_1"",""migration_date"":""2025-12-20"",""migration_method"":""jaccard1"",""name_1"":""Uttar Pradesh""},{""gid_1"":""IND.5_1"",""migration_date"":""2025-12-20"",""migration_method"":""jaccard1"",""name_1"":""Bihar""},{""gid_1"":""Z06.1_1"",""migration_date"":""2025-12-20"",""migration_method"":""jaccard1"",""name_1"":""Azad Kashmir""},{""gid_1"":""Z06.6_1"",""migration_date"":""2025-12-20"",""migration_method"":""jaccard1"",""name_1"":""Gilgit-Baltistan""},{""gid_2"":""Z01.14.10_1"",""migration_date"":""2025-12-20"",""migration_method"":""puzzle1_2"",""name_2"":""Kishtwar""},{""gid_2"":""Z01.14.12_1"",""migration_date"":""2025-12-20"",""migration_method"":""puzzle1_2"",""name_2"":""Kupwara""},{""gid_2"":""Z01.14.13_1"",""migration_date"":""2025-12-20"",""migration_method"":""puzzle1_2"",""name_2"":""Leh (Ladakh)""},{""gid_2"":""Z01.14.14_1"",""migration_date"":""2025-12-20"",""migration_method"":""puzzle1_2"",""name_2"":""Poonch""},{""gid_2"":""Z01.14.16_1"",""migration_date"":""2025-12-20"",""migration_method"":""puzzle1_2"",""name_2"":""Rajouri""},{""gid_2"":""Z01.14.17_1"",""migration_date"":""2025-12-20"",""migration_method"":""puzzle1_2"",""name_2"":""Ramban""},{""gid_2"":""Z01.14.18_1"",""migration_date"":""2025-12-20"",""migration_method"":""puzzle1_2"",""name_2"":""Reasi""},{""gid_2"":""Z01.14.19_1"",""migration_date"":""2025-12-20"",""migration_method"":""puzzle1_2"",""name_2"":""Samba""},{""gid_2"":""Z01.14.21_1"",""migration_date"":""2025-12-20"",""migration_method"":""puzzle1_2"",""name_2"":""Srinagar""},{""gid_2"":""Z01.14.22_1"",""migration_date"":""2025-12-20"",""migration_method"":""puzzle1_2"",""name_2"":""Udhampur""},{""gid_2"":""Z01.14.2_1"",""migration_date"":""2025-12-20"",""migration_method"":""puzzle1_2"",""name_2"":""Badgam""},{""gid_2"":""Z01.14.3_1"",""migration_date"":""2025-12-20"",""migration_method"":""puzzle1_2"",""name_2"":""Bandipore""},{""gid_2"":""Z01.14.4_1"",""migration_date"":""2025-12-20"",""migration_method"":""puzzle1_2"",""name_2"":""Baramulla""},{""gid_2"":""Z01.14.5_1"",""migration_date"":""2025-12-20"",""migration_method"":""puzzle1_2"",""name_2"":""Doda""},{""gid_2"":""Z01.14.6_1"",""migration_date"":""2025-12-20"",""migration_method"":""puzzle1_2"",""name_2"":""Ganderbal""},{""gid_2"":""Z01.14.7_1"",""migration_date"":""2025-12-20"",""migration_method"":""puzzle1_2"",""name_2"":""Jammu""},{""gid_2"":""Z01.14.8_1"",""migration_date"":""2025-12-20"",""migration_method"":""puzzle1_2"",""name_2"":""Kargil""},{""gid_2"":""Z01.14.9_1"",""migration_date"":""2025-12-20"",""migration_method"":""puzzle1_2"",""name_2"":""Kathua""}]",2013-11-27,2025-12-20,2012-12-22,2013-01-20
2012-0584-IND,No,Natural,Hydrological,Flood,Riverine flood,NULL,IND,India,Southern Asia,Asia,Himachel Pradesh province,NULL,"Slide (land, mud, snow, rock)",No,NULL,NULL,Km2,NULL,NULL,NULL,26.0,NULL,9460.0,NULL,9460.0,NULL,NULL,16000.0,22436.0,71.31508773,"[{""adm1_code"":1493,""adm1_name"":""Himachal Pradesh""}]","[{""gid_1"":""IND.13_1"",""migration_date"":""2025-12-20"",""migration_method"":""jaccard1"",""name_1"":""Himachal Pradesh""}]",2013-02-06,2025-12-20,2012-08-21,2012-08-23
2013-0208-IND,No,Natural,Meteorological,Extreme temperature,Heat wave,NULL,IND,India,Southern Asia,Asia,"Adilabad, East Godavari, Guntur, Karimnagar, Khammam, Krishna, Nalgonda, Nizamabad, Prakasam, Vishakhapatnam, Warangal, West Godavari districts (Andhra Pradesh province)",NULL,NULL,No,NULL,46.0,°C,NULL,NULL,NULL,557.0,NULL,NULL,NULL,NULL,NULL,NULL,NULL,NULL,72.35973748,"[{""adm2_code"":17547,""adm2_name"":""Adilabad""},{""adm2_code"":17551,""adm2_name"":""East Godavari""},{""adm2_code"":17552,""adm2_name"":""Guntur""},{""adm2_code"":17554,""adm2_name"":""Karimnagar""},{""adm2_code"":17555,""adm2_name"":""Khammam""},{""adm2_code"":17556,""adm2_name"":""Krishna""},{""adm2_code"":17560,""adm2_name"":""Nalgonda""},{""adm2_code"":17562,""adm2_name"":""Nizamabad""},{""adm2_code"":17563,""adm2_name"":""Prakasam""},{""adm2_code"":17566,""adm2_name"":""Vishakhapatnam""},{""adm2_code"":17568,""adm2_name"":""Warangal""},{""adm2_code"":17569,""adm2_name"":""West Godavari""}]","[{""gid_2"":""IND.2.10_1"",""migration_date"":""2025-12-20"",""migration_method"":""jaccard2"",""name_2"":""Visakhapatnam""},{""gid_2"":""IND.2.12_1"",""migration_date"":""2025-12-20"",""migration_method"":""jaccard2"",""name_2"":""West Godavari""},{""gid_2"":""IND.2.3_1"",""migration_date"":""2025-12-20"",""migration_method"":""jaccard2"",""name_2"":""East Godavari""},{""gid_2"":""IND.2.4_1"",""migration_date"":""2025-12-20"",""migration_method"":""jaccard2"",""name_2"":""Guntur""},{""gid_2"":""IND.2.5_1"",""migration_date"":""2025-12-20"",""migration_method"":""jaccard2"",""name_2"":""Krishna""},{""gid_2"":""IND.2.8_1"",""migration_date"":""2025-12-20"",""migration_method"":""jaccard2"",""name_2"":""Prakasam""},{""gid_2"":""IND.32.10_1"",""migration_date"":""2025-12-20"",""migration_method"":""jaccard2"",""name_2"":""Warangal""},{""gid_2"":""IND.32.1_1"",""migration_date"":""2025-12-20"",""migration_method"":""jaccard2"",""name_2"":""Adilabad""},{""gid_2"":""IND.32.3_1"",""migration_date"":""2025-12-20"",""migration_method"":""jaccard2"",""name_2"":""Karimnagar""},{""gid_2"":""IND.32.4_1"",""migration_date"":""2025-12-20"",""migration_method"":""jaccard2"",""name_2"":""Khammam""},{""gid_2"":""IND.32.7_1"",""migration_date"":""2025-12-20"",""migration_method"":""jaccard2"",""name_2"":""Nalgonda""},{""gid_2"":""IND.32.8_1"",""migration_date"":""2025-12-20"",""migration_method"":""jaccard2"",""name_2"":""Nizamabad""}]",2014-04-02,2025-12-20,2013-04-01,2013-05-30
2013-0400-IND,No,Natural,Hydrological,Flood,Riverine flood,NULL,IND,India,Southern Asia,Asia,"Orissa, Andhra Pradesh, West Bengal provinces",Monsoonal rain,NULL,No,NULL,NULL,Km2,NULL,NULL,NULL,72.0,NULL,375000.0,NULL,375000.0,NULL,NULL,260000.0,359316.0,72.35973748,"[{""adm1_code"":1485,""adm1_name"":""Andhra Pradesh""},{""adm1_code"":1504,""adm1_name"":""Orissa""},{""adm1_code"":1511,""adm1_name"":""West Bengal""}]","[{""gid_1"":""IND.26_1"",""migration_date"":""2025-12-20"",""migration_method"":""jaccard1"",""name_1"":""Odisha""},{""gid_1"":""IND.2_1"",""migration_date"":""2025-12-20"",""migration_method"":""puzzle1_1"",""name_1"":""Andhra Pradesh""},{""gid_1"":""IND.32_1"",""migration_date"":""2025-12-20"",""migration_method"":""puzzle1_1"",""name_1"":""Telangana""},{""gid_1"":""IND.36_1"",""migration_date"":""2025-12-20"",""migration_method"":""jaccard1"",""name_1"":""West Bengal""}]",2013-11-13,2025-12-20,2013-10-21,2013-10-26
2013-0401-IND,No,Natural,Meteorological,Storm,Tropical cyclone,Cyclone Phailin,IND,India,Southern Asia,Asia,"Orissa, Andhra Pradesh, Jharkhand, Bihar, West Bengal, Chhattisgarh provinces",NULL,Flood|Surge,Yes,NULL,200.0,Kph,NULL,NULL,NULL,47.0,NULL,13230000.0,NULL,13230000.0,NULL,NULL,633471.0,875447.0,72.35973748,"[{""adm1_code"":1485,""adm1_name"":""Andhra Pradesh""},{""adm1_code"":1504,""adm1_name"":""Orissa""},{""adm1_code"":1511,""adm1_name"":""West Bengal""},{""adm1_code"":70073,""adm1_name"":""Bihar""},{""adm1_code"":70075,""adm1_name"":""Chhattisgarh""},{""adm1_code"":70078,""adm1_name"":""Jharkhand""}]","[{""gid_1"":""IND.15_1"",""migration_date"":""2025-12-20"",""migration_method"":""jaccard1"",""name_1"":""Jharkhand""},{""gid_1"":""IND.26_1"",""migration_date"":""2025-12-20"",""migration_method"":""jaccard1"",""name_1"":""Odisha""},{""gid_1"":""IND.2_1"",""migration_date"":""2025-12-20"",""migration_method"":""puzzle1_1"",""name_1"":""Andhra Pradesh""},{""gid_1"":""IND.32_1"",""migration_date"":""2025-12-20"",""migration_method"":""puzzle1_1"",""name_1"":""Telangana""},{""gid_1"":""IND.36_1"",""migration_date"":""2025-12-20"",""migration_method"":""jaccard1"",""name_1"":""West Bengal""},{""gid_1"":""IND.5_1"",""migration_date"":""2025-12-20"",""migration_method"":""jaccard1"",""name_1"":""Bihar""},{""gid_1"":""IND.7_1"",""migration_date"":""2025-12-20"",""migration_method"":""jaccard1"",""name_1"":""Chhattisgarh""}]",2014-07-29,2025-12-20,2013-10-12,2013-10-14
2014-0182-IND,No,Natural,Meteorological,Storm,Lightning/Thunderstorms,NULL,IND,India,Southern Asia,Asia,"Ghaziabad district (Utar Pradesh province), Delhi, West Bengal provinces",NULL,NULL,No,NULL,NULL,Kph,NULL,NULL,NULL,15.0,26.0,NULL,NULL,26.0,NULL,NULL,NULL,NULL,73.53357701,"[{""adm1_code"":1489,""adm1_name"":""Delhi""},{""adm1_code"":1511,""adm1_name"":""West Bengal""},{""adm2_code"":17911,""adm2_name"":""Ghaziabad""}]","[{""gid_1"":""IND.25_1"",""migration_date"":""2025-12-20"",""migration_method"":""jaccard1"",""name_1"":""NCT of Delhi""},{""gid_1"":""IND.36_1"",""migration_date"":""2025-12-20"",""migration_method"":""jaccard1"",""name_1"":""West Bengal""},{""gid_2"":""IND.34.30_1"",""migration_date"":""2025-12-20"",""migration_method"":""puzzle2_2"",""name_2"":""Ghaziabad""},{""gid_2"":""IND.34.35_1"",""migration_date"":""2025-12-20"",""migration_method"":""puzzle2_2"",""name_2"":""Hapur""}]",2014-06-11,2025-12-20,2014-05-30,2014-05-31
2015-0604-IND,No,Natural,Meteorological,Storm,Lightning/Thunderstorms,NULL,IND,India,Southern Asia,Asia,Maharashtra province,NULL,NULL,No,NULL,NULL,Kph,NULL,NULL,NULL,29.0,NULL,NULL,NULL,NULL,NULL,NULL,NULL,NULL,73.62080294,"[{""adm1_code"":1498,""adm1_name"":""Maharashtra""}]","[{""gid_1"":""IND.20_1"",""migration_date"":""2025-12-20"",""migration_method"":""jaccard1"",""name_1"":""Maharashtra""}]",2016-04-07,2025-12-20,2015-10-03,2015-10-04
2016-0049-IND,No,Natural,Hydrological,Mass movement (wet),Avalanche (wet),NULL,IND,India,Southern Asia,Asia,Jammu and Kashmir (Administrative unit not available) (Siachen glacier),NULL,NULL,No,NULL,NULL,NULL,NULL,NULL,NULL,10.0,NULL,NULL,NULL,NULL,NULL,NULL,NULL,NULL,74.54960299,"[{""adm1_code"":40409,""adm1_name"":""Administrative unit not available""}]","[{""gid_1"":""Z06.6_1"",""migration_date"":""2025-12-20"",""migration_method"":""jaccard1"",""name_1"":""Gilgit-Baltistan""}]",2016-02-23,2025-12-20,2016-02-03,2016-02-03
2016-0133-IND,No,Natural,Meteorological,Extreme temperature,Heat wave,NULL,IND,India,Southern Asia,Asia,"Andhra Pradesh, Rajasthan, Orissa, Bihar, Jharkhand, Tamil Nadu, Uttar Pradesh provinces",NULL,NULL,No,NULL,51.0,°C,NULL,NULL,NULL,300.0,NULL,NULL,NULL,NULL,NULL,NULL,NULL,NULL,74.54960299,"[{""adm1_code"":1485,""adm1_name"":""Andhra Pradesh""},{""adm1_code"":1504,""adm1_name"":""Orissa""},{""adm1_code"":1506,""adm1_name"":""Rajasthan""},{""adm1_code"":1508,""adm1_name"":""Tamil Nadu""},{""adm1_code"":70073,""adm1_name"":""Bihar""},{""adm1_code"":70078,""adm1_name"":""Jharkhand""},{""adm1_code"":70081,""adm1_name"":""Uttar Pradesh""}]","[{""gid_1"":""IND.15_1"",""migration_date"":""2025-12-20"",""migration_method"":""jaccard1"",""name_1"":""Jharkhand""},{""gid_1"":""IND.26_1"",""migration_date"":""2025-12-20"",""migration_method"":""jaccard1"",""name_1"":""Odisha""},{""gid_1"":""IND.29_1"",""migration_date"":""2025-12-20"",""migration_method"":""jaccard1"",""name_1"":""Rajasthan""},{""gid_1"":""IND.2_1"",""migration_date"":""2025-12-20"",""migration_method"":""puzzle1_1"",""name_1"":""Andhra Pradesh""},{""gid_1"":""IND.31_1"",""migration_date"":""2025-12-20"",""migration_method"":""jaccard1"",""name_1"":""Tamil Nadu""},{""gid_1"":""IND.32_1"",""migration_date"":""2025-12-20"",""migration_method"":""puzzle1_1"",""name_1"":""Telangana""},{""gid_1"":""IND.34_1"",""migration_date"":""2025-12-20"",""migration_method"":""jaccard1"",""name_1"":""Uttar Pradesh""},{""gid_1"":""IND.5_1"",""migration_date"":""2025-12-20"",""migration_method"":""jaccard1"",""name_1"":""Bihar""}]",2016-05-10,2025-12-20,2016-04-01,2016-05-20
2016-0139-IND,No,Natural,Hydrological,Flood,Flood (General),NULL,IND,India,Southern Asia,Asia,"Arunachal Pradesh, Assam, Nagaland provinces",Pre-monsoon rains,"Slide (land, mud, snow, rock)",No,NULL,70517.68,Km2,27.464,95.607,Brahmaptura river,18.0,NULL,100000.0,NULL,100000.0,NULL,NULL,150000.0,201208.0,74.54960299,"[{""adm1_code"":1487,""adm1_name"":""Assam""},{""adm1_code"":1503,""adm1_name"":""Nagaland""},{""adm1_code"":70072,""adm1_name"":""Arunachal Pradesh""}]","[{""gid_1"":""IND.24_1"",""migration_date"":""2025-12-20"",""migration_method"":""jaccard1"",""name_1"":""Nagaland""},{""gid_1"":""IND.3_1"",""migration_date"":""2025-12-20"",""migration_method"":""jaccard1"",""name_1"":""Arunachal Pradesh""},{""gid_1"":""IND.4_1"",""migration_date"":""2025-12-20"",""migration_method"":""jaccard1"",""name_1"":""Assam""}]",2016-05-10,2025-12-20,2016-04-22,2016-04-25
2016-0234-IND,No,Natural,Meteorological,Storm,Lightning/Thunderstorms,NULL,IND,India,Southern Asia,Asia,"Muzaffarpur, Patna, Siwan districts (Bihar province)",NULL,NULL,No,NULL,NULL,Kph,NULL,NULL,NULL,11.0,NULL,NULL,NULL,NULL,NULL,NULL,NULL,NULL,74.54960299,"[{""adm2_code"":17613,""adm2_name"":""Muzaffarpur""},{""adm2_code"":17619,""adm2_name"":""Patna""},{""adm2_code"":17631,""adm2_name"":""Siwan""}]","[{""gid_2"":""IND.5.22_1"",""migration_date"":""2025-12-20"",""migration_method"":""jaccard2"",""name_2"":""Muzaffarpur""},{""gid_2"":""IND.5.26_1"",""migration_date"":""2025-12-20"",""migration_method"":""jaccard2"",""name_2"":""Patna""},{""gid_2"":""IND.5.36_1"",""migration_date"":""2025-12-20"",""migration_method"":""jaccard2"",""name_2"":""Siwan""}]",2016-07-13,2025-12-20,2016-06-12,2016-06-12
2016-0276-IND,No,Natural,Hydrological,Flood,Flood (General),NULL,IND,India,Southern Asia,Asia,"Bhopal, Hoshangabad, Rewa, Sagar, Shajapur, Jabalpur, Satna, Harda, Panna, Vidisha, Raisen, Mandla, Tikamgarh, Seoni, Damoh, Sehore, Agar-Malwa districts (Madhya Pradesh province)",Monsoonal rains,NULL,No,NULL,NULL,Km2,NULL,NULL,NULL,184.0,NULL,100000.0,NULL,100000.0,NULL,NULL,160000.0,214622.0,74.54960299,"[{""adm2_code"":17716,""adm2_name"":""Bhopal""},{""adm2_code"":17720,""adm2_name"":""Damoh""},{""adm2_code"":17728,""adm2_name"":""Hoshangabad""},{""adm2_code"":17730,""adm2_name"":""Jabalpur""},{""adm2_code"":17732,""adm2_name"":""Mandla""},{""adm2_code"":17736,""adm2_name"":""Panna""},{""adm2_code"":17739,""adm2_name"":""Raisen""},{""adm2_code"":17743,""adm2_name"":""Rewa""},{""adm2_code"":17744,""adm2_name"":""Sagar""},{""adm2_code"":17745,""adm2_name"":""Satna""},{""adm2_code"":17746,""adm2_name"":""Sehore""},{""adm2_code"":17747,""adm2_name"":""Seoni""},{""adm2_code"":17749,""adm2_name"":""Shajapur""},{""adm2_code"":17753,""adm2_name"":""Tikamgarh""},{""adm2_code"":17755,""adm2_name"":""Vidisha""},{""adm2_code"":70173,""adm2_name"":""Harda""}]","[{""gid_2"":""IND.19.13_1"",""migration_date"":""2025-12-20"",""migration_method"":""jaccard2"",""name_2"":""Damoh""},{""gid_2"":""IND.19.1_1"",""migration_date"":""2025-12-20"",""migration_method"":""puzzle2_2"",""name_2"":""Agar Malwa""},{""gid_2"":""IND.19.21_1"",""migration_date"":""2025-12-20"",""migration_method"":""jaccard2"",""name_2"":""Harda""},{""gid_2"":""IND.19.22_1"",""migration_date"":""2025-12-20"",""migration_method"":""jaccard2"",""name_2"":""Hoshangabad""},{""gid_2"":""IND.19.24_1"",""migration_date"":""2025-12-20"",""migration_method"":""jaccard2"",""name_2"":""Jabalpur""},{""gid_2"":""IND.19.27_1"",""migration_date"":""2025-12-20"",""migration_method"":""jaccard2"",""name_2"":""Mandla""},{""gid_2"":""IND.19.32_1"",""migration_date"":""2025-12-20"",""migration_method"":""jaccard2"",""name_2"":""Panna""},{""gid_2"":""IND.19.33_1"",""migration_date"":""2025-12-20"",""migration_method"":""jaccard2"",""name_2"":""Raisen""},{""gid_2"":""IND.19.36_1"",""migration_date"":""2025-12-20"",""migration_method"":""jaccard2"",""name_2"":""Rewa""},{""gid_2"":""IND.19.37_1"",""migration_date"":""2025-12-20"",""migration_method"":""jaccard2"",""name_2"":""Sagar""},{""gid_2"":""IND.19.38_1"",""migration_date"":""2025-12-20"",""migration_method"":""jaccard2"",""name_2"":""Satna""},{""gid_2"":""IND.19.39_1"",""migration_date"":""2025-12-20"",""migration_method"":""jaccard2"",""name_2"":""Sehore""},{""gid_2"":""IND.19.40_1"",""migration_date"":""2025-12-20"",""migration_method"":""jaccard2"",""name_2"":""Seoni""},{""gid_2"":""IND.19.42_1"",""migration_date"":""2025-12-20"",""migration_method"":""puzzle2_2"",""name_2"":""Shajapur""},{""gid_2"":""IND.19.47_1"",""migration_date"":""2025-12-20"",""migration_method"":""jaccard2"",""name_2"":""Tikamgarh""},{""gid_2"":""IND.19.50_1"",""migration_date"":""2025-12-20"",""migration_method"":""jaccard2"",""name_2"":""Vidisha""},{""gid_2"":""IND.19.9_1"",""migration_date"":""2025-12-20"",""migration_method"":""jaccard2"",""name_2"":""Bhopal""}]",2016-08-05,2025-12-20,2016-07-09,2016-08-22
2016-0304-IND,No,Natural,Hydrological,Flood,Flood (General),NULL,IND,India,Southern Asia,Asia,"Maharashtra (Nashik, Raigad (Mahad), Thane (Bhiwandi), Ratnagiri, Pune, Satara, Kolhapur), Gujarat (Valsad, Chhota Udepur (Vadodara), Navsari and Surat)",Monsoonal rains,NULL,No,NULL,NULL,Km2,NULL,NULL,Savitri,37.0,NULL,3000.0,NULL,3000.0,NULL,NULL,NULL,NULL,74.54960299,"[{""adm2_code"":17649,""adm2_name"":""Surat""},{""adm2_code"":17652,""adm2_name"":""Vadodara""},{""adm2_code"":17653,""adm2_name"":""Valsad""},{""adm2_code"":70127,""adm2_name"":""Navsari""},{""adm2_code"":17769,""adm2_name"":""Kolhapur""},{""adm2_code"":17773,""adm2_name"":""Nashik""},{""adm2_code"":17776,""adm2_name"":""Pune""},{""adm2_code"":17777,""adm2_name"":""Raigarh""},{""adm2_code"":17778,""adm2_name"":""Ratnagiri""},{""adm2_code"":17781,""adm2_name"":""Satara""},{""adm2_code"":17783,""adm2_name"":""Thane""}]","[{""gid_2"":""IND.11.22_1"",""migration_date"":""2025-12-20"",""migration_method"":""jaccard2"",""name_2"":""Navsari""},{""gid_2"":""IND.11.28_1"",""migration_date"":""2025-12-20"",""migration_method"":""puzzle2_2"",""name_2"":""Surat""},{""gid_2"":""IND.11.30_1"",""migration_date"":""2025-12-20"",""migration_method"":""puzzle2_2"",""name_2"":""Tapi""},{""gid_2"":""IND.11.32_1"",""migration_date"":""2025-12-20"",""migration_method"":""puzzle2_2"",""name_2"":""Vadodara""},{""gid_2"":""IND.11.33_1"",""migration_date"":""2025-12-20"",""migration_method"":""jaccard2"",""name_2"":""Valsad""},{""gid_2"":""IND.11.9_1"",""migration_date"":""2025-12-20"",""migration_method"":""puzzle2_2"",""name_2"":""Chhota Udaipur""},{""gid_2"":""IND.20.15_1"",""migration_date"":""2025-12-20"",""migration_method"":""jaccard2"",""name_2"":""Kolhapur""},{""gid_2"":""IND.20.22_1"",""migration_date"":""2025-12-20"",""migration_method"":""jaccard2"",""name_2"":""Nashik""},{""gid_2"":""IND.20.24_1"",""migration_date"":""2025-12-20"",""migration_method"":""puzzle2_2"",""name_2"":""Palghar""},{""gid_2"":""IND.20.26_1"",""migration_date"":""2025-12-20"",""migration_method"":""jaccard2"",""name_2"":""Pune""},{""gid_2"":""IND.20.27_1"",""migration_date"":""2025-12-20"",""migration_method"":""jaccard2"",""name_2"":""Raigarh""},{""gid_2"":""IND.20.28_1"",""migration_date"":""2025-12-20"",""migration_method"":""jaccard2"",""name_2"":""Ratnagiri""},{""gid_2"":""IND.20.30_1"",""migration_date"":""2025-12-20"",""migration_method"":""jaccard2"",""name_2"":""Satara""},{""gid_2"":""IND.20.33_1"",""migration_date"":""2025-12-20"",""migration_method"":""puzzle2_2"",""name_2"":""Thane""}]",2016-08-23,2025-12-20,2016-08-01,2016-08-03
2022-0798-IND,No,Natural,Meteorological,Storm,Tropical cyclone,Cyclone 'Mandous',IND,India,Southern Asia,Asia,Tamil Nadu,NULL,NULL,No,NULL,NULL,Kph,NULL,NULL,NULL,NULL,NULL,NULL,NULL,NULL,NULL,NULL,NULL,NULL,90.90269746,"[{""adm1_code"":1508,""adm1_name"":""Tamil Nadu""}]","[{""gid_1"":""IND.31_1"",""migration_date"":""2025-12-20"",""migration_method"":""jaccard1"",""name_1"":""Tamil Nadu""}]",2022-12-09,2025-12-20,2022-12-09,2022-12-09
2016-0391-IND,No,Natural,Hydrological,Flood,Flood (General),NULL,IND,India,Southern Asia,Asia,"Andhra Pradesh province, Telangana",Monsoonal rains,NULL,No,NULL,137435.4,Km2,17.654,80.34,NULL,28.0,NULL,3000.0,NULL,3000.0,44000.0,59021.0,589000.0,790078.0,74.54960299,"[{""adm1_code"":1485,""adm1_name"":""Andhra Pradesh""}]","[{""gid_1"":""IND.2_1"",""migration_date"":""2025-12-20"",""migration_method"":""puzzle1_1"",""name_1"":""Andhra Pradesh""},{""gid_1"":""IND.32_1"",""migration_date"":""2025-12-20"",""migration_method"":""puzzle1_1"",""name_1"":""Telangana""}]",2016-11-17,2025-12-20,2016-09-21,2016-09-29
2016-0554-IND,No,Natural,Hydrological,Flood,Flood (General),NULL,IND,India,Southern Asia,Asia,"Jorhat, Golaghat (Assam State)",NULL,NULL,No,NULL,NULL,Km2,NULL,NULL,NULL,34.0,NULL,NULL,NULL,NULL,NULL,NULL,NULL,NULL,74.54960299,"[{""adm2_code"":17582,""adm2_name"":""Golaghat""},{""adm2_code"":70089,""adm2_name"":""Jorhat""}]","[{""gid_2"":""IND.4.12_1"",""migration_date"":""2025-12-20"",""migration_method"":""jaccard2"",""name_2"":""Golaghat""},{""gid_2"":""IND.4.14_1"",""migration_date"":""2025-12-20"",""migration_method"":""jaccard2"",""name_2"":""Jorhat""}]",2017-04-26,2025-12-20,2016-07-17,2016-07-19
2017-0265-IND,No,Natural,Meteorological,Storm,Lightning/Thunderstorms,NULL,IND,India,Southern Asia,Asia,"Vaishali, Saran, Patna, Gaya, Sasaram (Rohta), Araria, Nalanda districts (Bihar)",Monsoon,NULL,No,NULL,NULL,Kph,NULL,NULL,NULL,23.0,12.0,NULL,NULL,12.0,NULL,NULL,NULL,NULL,76.13760371,"[{""adm2_code"":17601,""adm2_name"":""Gaya""},{""adm2_code"":17615,""adm2_name"":""Nalanda""},{""adm2_code"":17619,""adm2_name"":""Patna""},{""adm2_code"":17623,""adm2_name"":""Rohtas""},{""adm2_code"":17628,""adm2_name"":""Saran""},{""adm2_code"":17632,""adm2_name"":""Vaishali""},{""adm2_code"":70094,""adm2_name"":""Araria""}]","[{""gid_2"":""IND.5.10_1"",""migration_date"":""2025-12-20"",""migration_method"":""jaccard2"",""name_2"":""Gaya""},{""gid_2"":""IND.5.1_1"",""migration_date"":""2025-12-20"",""migration_method"":""jaccard2"",""name_2"":""Araria""},{""gid_2"":""IND.5.23_1"",""migration_date"":""2025-12-20"",""migration_method"":""jaccard2"",""name_2"":""Nalanda""},{""gid_2"":""IND.5.26_1"",""migration_date"":""2025-12-20"",""migration_method"":""jaccard2"",""name_2"":""Patna""},{""gid_2"":""IND.5.29_1"",""migration_date"":""2025-12-20"",""migration_method"":""jaccard2"",""name_2"":""Rohtas""},{""gid_2"":""IND.5.32_1"",""migration_date"":""2025-12-20"",""migration_method"":""jaccard2"",""name_2"":""Saran""},{""gid_2"":""IND.5.38_1"",""migration_date"":""2025-12-20"",""migration_method"":""jaccard2"",""name_2"":""Vaishali""}]",2017-07-18,2025-12-20,2017-07-08,2017-07-11
2017-0342-IND,No,Natural,Hydrological,Flood,Flood (General),NULL,IND,India,Southern Asia,Asia,"Araria, Jogbani (Bihar); Uttar Pradesh, West Bengal",Monsoonal rain,NULL,No,NULL,NULL,Km2,NULL,NULL,NULL,514.0,NULL,17200000.0,NULL,17200000.0,NULL,NULL,1567000.0,2058116.0,76.13760371,"[{""adm1_code"":1511,""adm1_name"":""West Bengal""},{""adm1_code"":70081,""adm1_name"":""Uttar Pradesh""},{""adm2_code"":70094,""adm2_name"":""Araria""}]","[{""gid_1"":""IND.34_1"",""migration_date"":""2025-12-20"",""migration_method"":""jaccard1"",""name_1"":""Uttar Pradesh""},{""gid_1"":""IND.36_1"",""migration_date"":""2025-12-20"",""migration_method"":""jaccard1"",""name_1"":""West Bengal""},{""gid_2"":""IND.5.1_1"",""migration_date"":""2025-12-20"",""migration_method"":""jaccard2"",""name_2"":""Araria""}]",2017-08-18,2025-12-20,2017-08-11,2017-08-31
2017-0495-IND,No,Natural,Hydrological,Flood,Flash flood,NULL,IND,India,Southern Asia,Asia,Chenai (Tamil Nadu),Heavy rains,NULL,No,NULL,50536.26,Km2,10.489,79.004,NULL,21.0,NULL,4000.0,NULL,4000.0,NULL,NULL,NULL,NULL,76.13760371,"[{""adm2_code"":70242,""adm2_name"":""Chennai""}]","[{""gid_2"":""IND.31.2_1"",""migration_date"":""2025-12-20"",""migration_method"":""jaccard2"",""name_2"":""Chennai""}]",2017-11-28,2025-12-20,2017-10-30,2017-11-08
2017-0508-IND,No,Natural,Meteorological,Storm,Tropical cyclone,Cyclone 'Ockhi',IND,India,Southern Asia,Asia,"Kerala (Thiruvananthapuram, Kozhikode,Ernakulam),Tamil Nadu (Kanyakumari-Munchirai, Thiruvattar,Killiyur, Kurunthancode, Rajakkamangalam-, Tirunelveli, Tuticorin districts), Andhra Pradesh (Chittoor and Nellore), Lakshadweep Islands",NULL,Flood,No,NULL,130.0,Kph,NULL,NULL,"Amaravathi, Bhavani, Suwarnamukhi and Kalingi Rivers",884.0,NULL,60000.0,NULL,60000.0,NULL,NULL,NULL,NULL,76.13760371,"[{""adm2_code"":17549,""adm2_name"":""Chittoor""},{""adm2_code"":17561,""adm2_name"":""Nellore""},{""adm2_code"":17699,""adm2_name"":""Ernakulam""},{""adm2_code"":17703,""adm2_name"":""Kozhikode""},{""adm2_code"":17709,""adm2_name"":""Thiruvananthapuram""},{""adm2_code"":70167,""adm2_name"":""Kavaratti""},{""adm2_code"":17866,""adm2_name"":""Thoothukudi""},{""adm2_code"":17870,""adm2_name"":""Kanniyakumari""},{""adm2_code"":17884,""adm2_name"":""Tirunelveli Kattabo""}]","[{""gid_2"":""IND.17.12_1"",""migration_date"":""2025-12-20"",""migration_method"":""jaccard2"",""name_2"":""Thiruvananthapuram""},{""gid_2"":""IND.17.2_1"",""migration_date"":""2025-12-20"",""migration_method"":""jaccard2"",""name_2"":""Ernakulam""},{""gid_2"":""IND.17.8_1"",""migration_date"":""2025-12-20"",""migration_method"":""jaccard2"",""name_2"":""Kozhikode""},{""gid_2"":""IND.18.1_1"",""migration_date"":""2025-12-20"",""migration_method"":""jaccard2"",""name_2"":""Lakshadweep""},{""gid_2"":""IND.2.2_1"",""migration_date"":""2025-12-20"",""migration_method"":""jaccard2"",""name_2"":""Chittoor""},{""gid_2"":""IND.2.7_1"",""migration_date"":""2025-12-20"",""migration_method"":""jaccard2"",""name_2"":""Nellore""},{""gid_2"":""IND.31.25_1"",""migration_date"":""2025-12-20"",""migration_method"":""jaccard2"",""name_2"":""Thoothukkudi""},{""gid_2"":""IND.31.27_1"",""migration_date"":""2025-12-20"",""migration_method"":""jaccard2"",""name_2"":""Tirunelveli""},{""gid_2"":""IND.31.9_1"",""migration_date"":""2025-12-20"",""migration_method"":""jaccard2"",""name_2"":""Kanniyakumari""}]",2017-12-04,2025-12-20,2017-12-02,2017-12-02
2017-0570-IND,No,Natural,Meteorological,Storm,Lightning/Thunderstorms,NULL,IND,India,Southern Asia,Asia,Maldah (West Bengal),NULL,NULL,No,NULL,NULL,Kph,NULL,NULL,NULL,4.0,20.0,NULL,60000.0,60020.0,NULL,NULL,NULL,NULL,76.13760371,"[{""adm2_code"":17953,""adm2_name"":""Maldah""}]","[{""gid_2"":""IND.36.12_1"",""migration_date"":""2025-12-20"",""migration_method"":""jaccard2"",""name_2"":""Maldah""}]",2018-04-12,2025-12-20,2017-03-25,2017-03-25
2018-0267-IND,No,Natural,Hydrological,Flood,Flood (General),NULL,IND,India,Southern Asia,Asia,"Uttar Pradesh, Rajasthan",Monsoonal rain,NULL,No,NULL,NULL,Km2,NULL,NULL,NULL,33.0,45.0,1500.0,NULL,1545.0,NULL,NULL,NULL,NULL,77.99726519,"[{""adm1_code"":1506,""adm1_name"":""Rajasthan""},{""adm1_code"":70081,""adm1_name"":""Uttar Pradesh""}]","[{""gid_1"":""IND.29_1"",""migration_date"":""2025-12-20"",""migration_method"":""jaccard1"",""name_1"":""Rajasthan""},{""gid_1"":""IND.34_1"",""migration_date"":""2025-12-20"",""migration_method"":""jaccard1"",""name_1"":""Uttar Pradesh""}]",2018-08-08,2025-12-20,2018-07-26,2018-07-28
2018-0345-IND,No,Natural,Hydrological,Flood,Flood (General),NULL,IND,India,Southern Asia,Asia,"Biswanath, Udalguri, Golaghat, Sivassagar/Charaideo, Barpeta, Lakhimpu, Dhemaji, Darrang (Assam, West Bengal)",NULL,NULL,No,NULL,NULL,Km2,NULL,NULL,NULL,3.0,NULL,25000.0,NULL,25000.0,NULL,NULL,NULL,NULL,77.99726519,"[{""adm2_code"":17576,""adm2_name"":""Barpeta""},{""adm2_code"":17578,""adm2_name"":""Darrang""},{""adm2_code"":17582,""adm2_name"":""Golaghat""},{""adm2_code"":17592,""adm2_name"":""Sibsagar""},{""adm2_code"":17593,""adm2_name"":""Sonitpur""},{""adm2_code"":70087,""adm2_name"":""Dhemaji""},{""adm2_code"":70091,""adm2_name"":""Lakhimpur""}]","[{""gid_2"":""IND.4.12_1"",""migration_date"":""2025-12-20"",""migration_method"":""jaccard2"",""name_2"":""Golaghat""},{""gid_2"":""IND.4.20_1"",""migration_date"":""2025-12-20"",""migration_method"":""jaccard2"",""name_2"":""Lakhimpur""},{""gid_2"":""IND.4.24_1"",""migration_date"":""2025-12-20"",""migration_method"":""jaccard2"",""name_2"":""Sivasagar""},{""gid_2"":""IND.4.25_1"",""migration_date"":""2025-12-20"",""migration_method"":""jaccard2"",""name_2"":""Sonitpur""},{""gid_2"":""IND.4.27_1"",""migration_date"":""2025-12-20"",""migration_method"":""puzzle2_2"",""name_2"":""Udalguri""},{""gid_2"":""IND.4.2_1"",""migration_date"":""2025-12-20"",""migration_method"":""jaccard2"",""name_2"":""Barpeta""},{""gid_2"":""IND.4.6_1"",""migration_date"":""2025-12-20"",""migration_method"":""puzzle2_2"",""name_2"":""Darrang""},{""gid_2"":""IND.4.7_1"",""migration_date"":""2025-12-20"",""migration_method"":""jaccard2"",""name_2"":""Dhemaji""}]",2018-09-19,2025-12-20,2018-08-02,2018-08-06
2018-0370-IND,No,Natural,Hydrological,Flood,Flood (General),NULL,IND,India,Southern Asia,Asia,Uttar Pradesh,NULL,NULL,No,NULL,NULL,Km2,NULL,NULL,NULL,46.0,NULL,NULL,3050.0,3050.0,NULL,NULL,NULL,NULL,77.99726519,"[{""adm1_code"":70081,""adm1_name"":""Uttar Pradesh""}]","[{""gid_1"":""IND.34_1"",""migration_date"":""2025-12-20"",""migration_method"":""jaccard1"",""name_1"":""Uttar Pradesh""}]",2018-10-11,2025-12-20,2018-09-01,2018-10-06
2019-0217-IND,No,Natural,Meteorological,Extreme temperature,Heat wave,NULL,IND,India,Southern Asia,Asia,"Patna, Gaya, Bhagalpur cities; Aurangabad, Nawada districts (Bihar)",NULL,NULL,No,NULL,42.2,°C,NULL,NULL,NULL,90.0,NULL,NULL,NULL,NULL,NULL,NULL,NULL,NULL,79.4107846,"[{""adm2_code"":17786,""adm2_name"":""Aurangabad""},{""adm2_code"":17596,""adm2_name"":""Bhagalpur""},{""adm2_code"":17601,""adm2_name"":""Gaya""},{""adm2_code"":17616,""adm2_name"":""Nawada""},{""adm2_code"":17619,""adm2_name"":""Patna""}]","[{""gid_2"":""IND.20.4_1"",""migration_date"":""2025-12-20"",""migration_method"":""jaccard2"",""name_2"":""Aurangabad""},{""gid_2"":""IND.5.10_1"",""migration_date"":""2025-12-20"",""migration_method"":""jaccard2"",""name_2"":""Gaya""},{""gid_2"":""IND.5.24_1"",""migration_date"":""2025-12-20"",""migration_method"":""jaccard2"",""name_2"":""Nawada""},{""gid_2"":""IND.5.26_1"",""migration_date"":""2025-12-20"",""migration_method"":""jaccard2"",""name_2"":""Patna""},{""gid_2"":""IND.5.6_1"",""migration_date"":""2025-12-20"",""migration_method"":""jaccard2"",""name_2"":""Bhagalpur""}]",2019-06-17,2025-12-20,2019-06-01,2019-06-01
2019-0321-IND,No,Natural,Meteorological,Storm,Lightning/Thunderstorms,NULL,IND,India,Southern Asia,Asia,"Uttar Pradesh, Maharashtra, and Bihar",NULL,Flood|Hail,No,NULL,NULL,Kph,NULL,NULL,NULL,50.0,NULL,NULL,NULL,NULL,NULL,NULL,NULL,NULL,79.4107846,"[{""adm1_code"":1498,""adm1_name"":""Maharashtra""},{""adm1_code"":70073,""adm1_name"":""Bihar""},{""adm1_code"":70081,""adm1_name"":""Uttar Pradesh""}]","[{""gid_1"":""IND.20_1"",""migration_date"":""2025-12-20"",""migration_method"":""jaccard1"",""name_1"":""Maharashtra""},{""gid_1"":""IND.34_1"",""migration_date"":""2025-12-20"",""migration_method"":""jaccard1"",""name_1"":""Uttar Pradesh""},{""gid_1"":""IND.5_1"",""migration_date"":""2025-12-20"",""migration_method"":""jaccard1"",""name_1"":""Bihar""}]",2019-07-12,2025-12-20,2019-06-06,2019-06-14
2021-0252-IND,No,Natural,Meteorological,Storm,Tropical cyclone,Tropical cyclone 'Tauktae',IND,India,Southern Asia,Asia,"Kerala, Karnataka, Goa, Maharashtra, Gujarat, Rajasthan, Delhi, Haryana, Uttar Pradesh and Uttarakhand",NULL,NULL,No,NULL,222.0,Kph,NULL,NULL,NULL,198.0,153.0,700000.0,NULL,700153.0,NULL,NULL,1400000.0,1663360.0,84.16698296,"[{""adm1_code"":1489,""adm1_name"":""Delhi""},{""adm1_code"":1490,""adm1_name"":""Goa""},{""adm1_code"":1491,""adm1_name"":""Gujarat""},{""adm1_code"":1492,""adm1_name"":""Haryana""},{""adm1_code"":1494,""adm1_name"":""Karnataka""},{""adm1_code"":1495,""adm1_name"":""Kerala""},{""adm1_code"":1498,""adm1_name"":""Maharashtra""},{""adm1_code"":1506,""adm1_name"":""Rajasthan""},{""adm1_code"":70081,""adm1_name"":""Uttar Pradesh""},{""adm1_code"":70082,""adm1_name"":""Uttarakhand""}]","[{""gid_1"":""IND.10_1"",""migration_date"":""2025-12-20"",""migration_method"":""jaccard1"",""name_1"":""Goa""},{""gid_1"":""IND.11_1"",""migration_date"":""2025-12-20"",""migration_method"":""jaccard1"",""name_1"":""Gujarat""},{""gid_1"":""IND.12_1"",""migration_date"":""2025-12-20"",""migration_method"":""jaccard1"",""name_1"":""Haryana""},{""gid_1"":""IND.16_1"",""migration_date"":""2025-12-20"",""migration_method"":""jaccard1"",""name_1"":""Karnataka""},{""gid_1"":""IND.17_1"",""migration_date"":""2025-12-20"",""migration_method"":""jaccard1"",""name_1"":""Kerala""},{""gid_1"":""IND.20_1"",""migration_date"":""2025-12-20"",""migration_method"":""jaccard1"",""name_1"":""Maharashtra""},{""gid_1"":""IND.25_1"",""migration_date"":""2025-12-20"",""migration_method"":""jaccard1"",""name_1"":""NCT of Delhi""},{""gid_1"":""IND.29_1"",""migration_date"":""2025-12-20"",""migration_method"":""jaccard1"",""name_1"":""Rajasthan""},{""gid_1"":""IND.34_1"",""migration_date"":""2025-12-20"",""migration_method"":""jaccard1"",""name_1"":""Uttar Pradesh""},{""gid_1"":""IND.35_1"",""migration_date"":""2025-12-20"",""migration_method"":""jaccard1"",""name_1"":""Uttarakhand""}]",2021-05-17,2025-12-20,2021-05-14,2021-05-19
2021-0295-IND,No,Natural,Meteorological,Storm,Tropical cyclone,Cyclone 'Yaas',IND,India,Southern Asia,Asia,"Bengale occidental, Odisha",NULL,Surge,No,NULL,155.0,Kph,NULL,NULL,NULL,19.0,NULL,1625000.0,NULL,1625000.0,NULL,NULL,3000000.0,3564343.0,84.16698296,"[{""adm1_code"":1504,""adm1_name"":""Orissa""},{""adm1_code"":1511,""adm1_name"":""West Bengal""}]","[{""gid_1"":""IND.26_1"",""migration_date"":""2025-12-20"",""migration_method"":""jaccard1"",""name_1"":""Odisha""},{""gid_1"":""IND.36_1"",""migration_date"":""2025-12-20"",""migration_method"":""jaccard1"",""name_1"":""West Bengal""}]",2021-06-21,2025-12-20,2021-05-25,2021-05-29
2021-0435-IND,No,Natural,Hydrological,Flood,Flood (General),NULL,IND,India,Southern Asia,Asia,"Pune, Raigada, Satara and Ratnagiri (Maharasthra); Goa, Karnataka, Jharkhand, Bengale, Himachal Pradesh, Uttarakand states",Monsoon rains,"Slide (land, mud, snow, rock)",No,NULL,NULL,Km2,NULL,NULL,NULL,1282.0,NULL,375000.0,NULL,375000.0,NULL,NULL,3100000.0,3683154.0,84.16698296,"[{""adm1_code"":1490,""adm1_name"":""Goa""},{""adm1_code"":1493,""adm1_name"":""Himachal Pradesh""},{""adm1_code"":1494,""adm1_name"":""Karnataka""},{""adm1_code"":1511,""adm1_name"":""West Bengal""},{""adm1_code"":70078,""adm1_name"":""Jharkhand""},{""adm1_code"":70082,""adm1_name"":""Uttarakhand""},{""adm2_code"":17776,""adm2_name"":""Pune""},{""adm2_code"":17777,""adm2_name"":""Raigarh""},{""adm2_code"":17778,""adm2_name"":""Ratnagiri""},{""adm2_code"":17781,""adm2_name"":""Satara""}]","[{""gid_1"":""IND.10_1"",""migration_date"":""2025-12-20"",""migration_method"":""jaccard1"",""name_1"":""Goa""},{""gid_1"":""IND.13_1"",""migration_date"":""2025-12-20"",""migration_method"":""jaccard1"",""name_1"":""Himachal Pradesh""},{""gid_1"":""IND.15_1"",""migration_date"":""2025-12-20"",""migration_method"":""jaccard1"",""name_1"":""Jharkhand""},{""gid_1"":""IND.16_1"",""migration_date"":""2025-12-20"",""migration_method"":""jaccard1"",""name_1"":""Karnataka""},{""gid_1"":""IND.35_1"",""migration_date"":""2025-12-20"",""migration_method"":""jaccard1"",""name_1"":""Uttarakhand""},{""gid_1"":""IND.36_1"",""migration_date"":""2025-12-20"",""migration_method"":""jaccard1"",""name_1"":""West Bengal""},{""gid_2"":""IND.20.26_1"",""migration_date"":""2025-12-20"",""migration_method"":""jaccard2"",""name_2"":""Pune""},{""gid_2"":""IND.20.27_1"",""migration_date"":""2025-12-20"",""migration_method"":""jaccard2"",""name_2"":""Raigarh""},{""gid_2"":""IND.20.28_1"",""migration_date"":""2025-12-20"",""migration_method"":""jaccard2"",""name_2"":""Ratnagiri""},{""gid_2"":""IND.20.30_1"",""migration_date"":""2025-12-20"",""migration_method"":""jaccard2"",""name_2"":""Satara""}]",2021-07-26,2025-12-20,2021-06-01,2021-09-30
2022-0219-IND,No,Natural,Meteorological,Storm,Severe weather,NULL,IND,India,Southern Asia,Asia,Assam State,NULL,Flood|Lightening,No,NULL,NULL,Kph,NULL,NULL,NULL,20.0,NULL,95000.0,NULL,95000.0,NULL,NULL,NULL,NULL,90.90269746,"[{""adm1_code"":1487,""adm1_name"":""Assam""}]","[{""gid_1"":""IND.4_1"",""migration_date"":""2025-12-20"",""migration_method"":""jaccard1"",""name_1"":""Assam""}]",2022-04-19,2025-12-20,2022-04-01,2022-04-19
2022-0293-IND,No,Natural,Hydrological,Flood,Flood (General),NULL,IND,India,Southern Asia,Asia,"Itanagar distrci (Arunchal Pradesh); Dima Hasao, Cachar, Udalguri District (Assam); East Khasi Hills, Ri-Bhoi Districts (Meghalaya); Nagaland; Bihar; Himachal Pradesh; Madhya Pradesh; Gujarat; Maharasthra",Heavy rains,"Lightening|Slide (land, mud, snow, rock)",No,NULL,NULL,Km2,NULL,NULL,Kopili river,2035.0,1260.0,1300000.0,NULL,1301260.0,NULL,NULL,4200000.0,4620325.0,90.90269746,NULL,"[{""gid_1"":""IND.11_1"",""migration_date"":""2025-12-20"",""migration_method"":""jaccard1"",""name_1"":""Gujarat""},{""gid_1"":""IND.13_1"",""migration_date"":""2025-12-20"",""migration_method"":""jaccard1"",""name_1"":""Himachal Pradesh""},{""gid_1"":""IND.19_1"",""migration_date"":""2025-12-20"",""migration_method"":""jaccard1"",""name_1"":""Madhya Pradesh""},{""gid_1"":""IND.20_1"",""migration_date"":""2025-12-20"",""migration_method"":""jaccard1"",""name_1"":""Maharashtra""},{""gid_1"":""IND.24_1"",""migration_date"":""2025-12-20"",""migration_method"":""jaccard1"",""name_1"":""Nagaland""},{""gid_1"":""IND.3_1"",""migration_date"":""2025-12-20"",""migration_method"":""jaccard1"",""name_1"":""Arunachal Pradesh""},{""gid_1"":""IND.5_1"",""migration_date"":""2025-12-20"",""migration_method"":""jaccard1"",""name_1"":""Bihar""},{""gid_2"":""IND.22.2_1"",""migration_date"":""2025-12-20"",""migration_method"":""jaccard2"",""name_2"":""East Khasi Hills""},{""gid_2"":""IND.22.5_1"",""migration_date"":""2025-12-20"",""migration_method"":""jaccard2"",""name_2"":""Ri Bhoi""},{""gid_2"":""IND.4.10_1"",""migration_date"":""2025-12-20"",""migration_method"":""jaccard2"",""name_2"":""Dima Hasao""},{""gid_2"":""IND.4.27_1"",""migration_date"":""2025-12-20"",""migration_method"":""puzzle2_2"",""name_2"":""Udalguri""},{""gid_2"":""IND.4.4_1"",""migration_date"":""2025-12-20"",""migration_method"":""jaccard2"",""name_2"":""Cachar""},{""gid_2"":""Z07.3.12_1"",""name_2"":""Papum Pare""}]",2022-05-16,2026-02-10,2022-05-17,2022-10-31
2023-0161-IND,No,Natural,Meteorological,Storm,Severe weather,NULL,IND,India,Southern Asia,Asia,"Khandwa, Sagar, Satna, Raisen, Narmadapura, Dhar, Ratlam, Ashok Nagar and Damoh (Madhya Pradesh State)",NULL,Hail|Lightening,No,NULL,NULL,Kph,NULL,NULL,NULL,16.0,14.0,NULL,NULL,14.0,NULL,NULL,NULL,NULL,94.64462201,NULL,NULL,2023-03-23,2023-09-26,2023-03-17,2023-03-21
2023-0459-IND,No,Natural,Hydrological,Mass movement (wet),Landslide (wet),NULL,IND,India,Southern Asia,Asia,"Irshalwadi Village (Raigad District, western Maharashtra State)",Heavy rains,NULL,No,NULL,NULL,NULL,NULL,NULL,NULL,28.0,NULL,NULL,200.0,200.0,NULL,NULL,NULL,NULL,94.64462201,"[{""adm2_code"":17777,""adm2_name"":""Raigarh""}]","[{""gid_2"":""IND.20.27_1"",""migration_date"":""2025-12-20"",""migration_method"":""jaccard2"",""name_2"":""Raigarh""}]",2023-07-24,2025-12-20,2023-07-19,2023-07-19
2023-0606-IND,No,Natural,Meteorological,Storm,Lightning/Thunderstorms,NULL,IND,India,Southern Asia,Asia,"Khurda, Balangir, Angul, Boudh, Dhenkanal, Gajapati, Jagatsinghpur, and Puri (Odisha State)",NULL,Flood,No,NULL,NULL,Kph,NULL,NULL,NULL,12.0,14.0,1060.0,NULL,1074.0,NULL,NULL,NULL,NULL,94.64462201,NULL,NULL,2023-09-11,2023-09-26,2023-09-02,2023-09-06
2023-0846-IND,No,Natural,Hydrological,Flood,Flood (General),NULL,IND,India,Southern Asia,Asia,"Thoothukudi, Tirunelveli, Kanniyakumari and Tenkasi Districts (Tamil Nadu state)",Heavy rains,NULL,No,NULL,NULL,Km2,NULL,NULL,NULL,10.0,NULL,NULL,NULL,NULL,NULL,NULL,NULL,NULL,94.64462201,NULL,"[{""gid_2"":""IND.31.25_1"",""name_2"":""Thoothukkudi""},{""gid_2"":""IND.31.27_1"",""name_2"":""Tirunelveli""},{""gid_2"":""IND.31.9_1"",""name_2"":""Kanniyakumari""}]",2023-12-21,2026-01-16,2023-12-18,2023-12-20
2024-0149-IND,No,Natural,Meteorological,Storm,Severe weather,NULL,IND,India,Southern Asia,Asia,"Unakoti, Sepahijala, Dhalai, South, West, Khowai and Gomati Districts (Tripura state); Una District (Himachal Pradesh State)",NULL,Flood|Lightening,No,NULL,NULL,Kph,NULL,NULL,NULL,4.0,7.0,22810.0,115.0,22932.0,NULL,NULL,NULL,NULL,97.43617562,NULL,NULL,2024-03-27,2024-04-03,2024-03-27,2024-03-27
2024-0547-IND,No,Natural,Hydrological,Mass movement (wet),Landslide (wet),NULL,IND,India,Southern Asia,Asia,"Mundakkai, Chooralmala, Attamala, and Noolpuzha villages (Wayanad district, Kerala state)",Monsoon rain,NULL,No,NULL,NULL,NULL,NULL,NULL,NULL,378.0,91.0,NULL,3000.0,3091.0,NULL,NULL,140000.0,143684.0,97.43617562,NULL,NULL,2024-07-31,2025-02-06,2024-07-30,2024-07-30
2025-0300-IND,No,Natural,Meteorological,Storm,Severe weather,NULL,IND,India,Southern Asia,Asia,Tripura state,NULL,Flood,No,NULL,NULL,Kph,NULL,NULL,NULL,2.0,2.0,2500.0,NULL,2502.0,NULL,NULL,NULL,NULL,100.0,NULL,NULL,2025-04-28,2025-05-06,2025-04-18,2025-04-24
2025-0402-IND,No,Natural,Hydrological,Flood,Flood (General),NULL,IND,India,Southern Asia,Asia,"Assam, Arunachal Pradesh, Mizoram, Manipur, Sikkim, Meghalaya Nagaland, Tripura, Meghalaya states",Monsoonal rain,"Slide (land, mud, snow, rock)",No,NULL,NULL,Km2,NULL,NULL,NULL,50.0,NULL,1441247.0,NULL,1441247.0,NULL,NULL,NULL,NULL,100.0,NULL,NULL,2025-06-02,2026-02-27,2025-05-31,2025-06-01
2025-0690-IND,No,Natural,Hydrological,Flood,Flash flood,NULL,IND,India,Southern Asia,Asia,Kishtwar (Jammu and Kashmir state),Heavy rain,Lightening,No,NULL,NULL,Km2,NULL,NULL,NULL,98.0,50.0,NULL,NULL,50.0,NULL,NULL,NULL,NULL,100.0,NULL,NULL,2025-08-19,2026-02-25,2025-08-14,2025-08-15
2000-0415-IND,No,Natural,Hydrological,Mass movement (wet),Landslide (wet),NULL,IND,India,Southern Asia,Asia,"Ghatkopar village (Mumbai Suburban district, Maharashtra province)",Heavy rain,NULL,No,NULL,NULL,NULL,NULL,NULL,NULL,58.0,38.0,7000.0,NULL,7038.0,NULL,NULL,NULL,NULL,53.48773668,"[{""adm2_code"":70183,""adm2_name"":""Mumbai Suburban""}]","[{""gid_2"":""IND.20.18_1"",""migration_date"":""2025-12-20"",""migration_method"":""jaccard2"",""name_2"":""Mumbai Suburban""}]",2005-04-24,2025-12-20,2000-07-12,2000-07-12
2000-0306-IND,No,Natural,Biological,Epidemic,Viral disease,NULL,IND,India,Southern Asia,Asia,"Gonda, Banda districts (Uttar Pradesh)",NULL,NULL,No,NULL,NULL,Vaccinated,NULL,NULL,NULL,84.0,NULL,1055.0,NULL,1055.0,NULL,NULL,NULL,NULL,53.48773668,NULL,NULL,2003-07-01,2023-09-25,2000-05-01,2000-05-01
2000-0444-IND,No,Natural,Hydrological,Flood,Flash flood,NULL,IND,India,Southern Asia,Asia,"East Siang, 70041, West Siang, 70054, Upper Siang (70051), 70045, 70050, Lower Dibang Valley districts (Arunachal Pradesh province)",NULL,NULL,No,NULL,NULL,Km2,NULL,NULL,NULL,130.0,NULL,NULL,NULL,NULL,NULL,NULL,NULL,NULL,53.48773668,"[{""adm2_code"":70041,""adm2_name"":""Administrative unit not available""},{""adm2_code"":70045,""adm2_name"":""Administrative unit not available""},{""adm2_code"":70050,""adm2_name"":""Administrative unit not available""},{""adm2_code"":70051,""adm2_name"":""Administrative unit not available""},{""adm2_code"":70054,""adm2_name"":""Administrative unit not available""},{""adm2_code"":17571,""adm2_name"":""East Siang""},{""adm2_code"":17575,""adm2_name"":""West Siang""},{""adm2_code"":70084,""adm2_name"":""Lower Dibang Valley""}]","[{""gid_2"":""IND.3.5_1"",""migration_date"":""2025-12-20"",""migration_method"":""jaccard2"",""name_2"":""East Siang""},{""gid_2"":""IND.3.9_1"",""migration_date"":""2025-12-20"",""migration_method"":""jaccard2"",""name_2"":""Lower Dibang Valley""},{""gid_2"":""Z07.3.15_1"",""migration_date"":""2025-12-20"",""migration_method"":""jaccard2"",""name_2"":""Upper Siang""},{""gid_2"":""Z07.3.18_1"",""migration_date"":""2025-12-20"",""migration_method"":""bufhaus2"",""name_2"":""West Siang""},{""gid_2"":""Z07.3.18_1"",""migration_date"":""2025-12-20"",""migration_method"":""jaccard2"",""name_2"":""West Siang""},{""gid_2"":""Z07.3.3_1"",""migration_date"":""2025-12-20"",""migration_method"":""jaccard2"",""name_2"":""Dibang Valley""},{""gid_2"":""Z07.3.5_1"",""migration_date"":""2025-12-20"",""migration_method"":""jaccard2"",""name_2"":""East Siang""},{""gid_2"":""Z07.3.9_1"",""migration_date"":""2025-12-20"",""migration_method"":""jaccard2"",""name_2"":""Lower Dibang Valley""}]",2003-07-01,2025-12-20,2000-07-01,2000-07-01
2000-0785-IND,No,Natural,Meteorological,Storm,Tropical cyclone,03B,IND,India,Southern Asia,Asia,"Nagappattinam, Thanjavur, Sirkali, Papanasam, Tiruvallur, Tiruvarur areas (Cuddalore district, Tamil Nadu province), Andhra Pradesh province",NULL,NULL,No,NULL,120.0,Kph,NULL,NULL,NULL,NULL,NULL,30000.0,NULL,30000.0,NULL,NULL,NULL,NULL,53.48773668,"[{""adm1_code"":1485,""adm1_name"":""Andhra Pradesh""},{""adm2_code"":70243,""adm2_name"":""Cuddalore""}]","[{""gid_1"":""IND.2_1"",""migration_date"":""2025-12-20"",""migration_method"":""puzzle1_1"",""name_1"":""Andhra Pradesh""},{""gid_1"":""IND.32_1"",""migration_date"":""2025-12-20"",""migration_method"":""puzzle1_1"",""name_1"":""Telangana""},{""gid_2"":""IND.31.4_1"",""migration_date"":""2025-12-20"",""migration_method"":""jaccard2"",""name_2"":""Cuddalore""}]",2003-07-01,2025-12-20,2000-11-29,2000-11-29
2000-0795-IND,No,Natural,Biological,Epidemic,Viral disease,NULL,IND,India,Southern Asia,Asia,Supaul district (Bihar),NULL,NULL,No,NULL,NULL,Vaccinated,NULL,NULL,NULL,13.0,NULL,287.0,NULL,287.0,NULL,NULL,NULL,NULL,53.48773668,NULL,NULL,2003-07-01,2023-09-25,2000-10-26,2000-10-26
2001-0387-IND,No,Natural,Hydrological,Flood,Riverine flood,NULL,IND,India,Southern Asia,Asia,"Idukki, Kottayam, Pattanamtitta, Kollam, Alappuzha districts (Kerala province)",Monsoonal rain,NULL,No,NULL,4470.0,Km2,NULL,NULL,NULL,86.0,NULL,40000.0,NULL,40000.0,NULL,NULL,116924.0,212591.0,54.99938527,"[{""adm2_code"":17700,""adm2_name"":""Idukki""},{""adm2_code"":17702,""adm2_name"":""Kottayam""},{""adm2_code"":17706,""adm2_name"":""Pattanamtitta""},{""adm2_code"":17707,""adm2_name"":""Kollam""},{""adm2_code"":70298,""adm2_name"":""Alappuzha""}]","[{""gid_2"":""IND.17.11_1"",""migration_date"":""2025-12-20"",""migration_method"":""jaccard2"",""name_2"":""Pathanamthitta""},{""gid_2"":""IND.17.1_1"",""migration_date"":""2025-12-20"",""migration_method"":""jaccard2"",""name_2"":""Alappuzha""},{""gid_2"":""IND.17.3_1"",""migration_date"":""2025-12-20"",""migration_method"":""jaccard2"",""name_2"":""Idukki""},{""gid_2"":""IND.17.6_1"",""migration_date"":""2025-12-20"",""migration_method"":""jaccard2"",""name_2"":""Kollam""},{""gid_2"":""IND.17.7_1"",""migration_date"":""2025-12-20"",""migration_method"":""jaccard2"",""name_2"":""Kottayam""}]",2005-09-20,2025-12-20,2001-07-04,2001-07-16
2001-0438-IND,No,Natural,Biological,Epidemic,Parasitic disease,NULL,IND,India,Southern Asia,Asia,Orissa state,NULL,NULL,No,NULL,NULL,Vaccinated,NULL,NULL,NULL,12.0,NULL,24686.0,NULL,24686.0,NULL,NULL,NULL,NULL,54.99938527,NULL,NULL,2003-07-01,2023-09-25,2001-08-01,2001-08-01
2001-0501-IND,No,Natural,Hydrological,Mass movement (wet),Landslide (wet),NULL,IND,India,Southern Asia,Asia,Chamba district (Himachal Pradesh province),NULL,NULL,No,NULL,NULL,NULL,NULL,NULL,NULL,16.0,NULL,NULL,NULL,NULL,NULL,NULL,NULL,NULL,54.99938527,"[{""adm2_code"":17667,""adm2_name"":""Chamba""}]","[{""gid_2"":""IND.13.2_1"",""migration_date"":""2025-12-20"",""migration_method"":""jaccard2"",""name_2"":""Chamba""}]",2003-07-01,2025-12-20,2001-08-14,2001-08-14
2002-0156-IND,No,Natural,Biological,Epidemic,Viral disease,Acute Hepatitis E,IND,India,Southern Asia,Asia,Mandi district,NULL,NULL,No,NULL,NULL,Vaccinated,NULL,NULL,NULL,NULL,NULL,200.0,NULL,200.0,NULL,NULL,NULL,NULL,55.87169607,NULL,NULL,2005-05-10,2023-09-25,2002-03-12,2002-03-12
2002-0374-IND,No,Natural,Hydrological,Flood,Riverine flood,NULL,IND,India,Southern Asia,Asia,"Barpeta, Bongaigaon, Cachar, Darrang, Dhemaji, Dhuburi, Dibrugarh, Goalpara, Golaghat, Jorhat, Kamrup, Karimganj, Kokrajhar, Lakhimpur, Marigaon, Nagaon, Nalbari, Sibsagar, Sonitpur, Tinsukia districts (Assam province), Araria, Begusarai, Bhagalpur, Darbhanga, Gopalganj, Katihar, Khagaria, Kishanganj, Madhepura, Madhubani, Muzaffarpur, Nalanda, Pashchim Champaran, Patna, Pruba Champaran, Purnia, Saharsa, Samastipur, Saran, Sheikhpura, Sheohar, Sitamarhi, Siwan, Supaul districts (Bihar province), Lahul and Spiti district (Himachal Pradesh province), Balaghat district (Madhya Pradesh province), Tehri Garhwal district (Uttarakhand province), Adilabad, Khammam, Karimnagar districts (Andhra Pradesh province), Jalpaiguri, Kochbihar, Darjiling districts (West Bengal province), Meghalaya, Tripura, Arunachal Pradesh, Gujarat, Kerala, Manipur, Maharashrta provinces",Monssonal rain,NULL,No,93065.0,276600.0,Km2,NULL,NULL,"Ganga-Padma, Brammaputra-Jumuna and the Meghna river , Torsa, Tista, Bagmati, Kosi, Gandak, Kareh, Adhwara, Ganga, Burhi Gandak, Punpun. Jiadhal, Subansiri, Bramaputra, Barak and Kathakal,",549.0,NULL,42000000.0,NULL,42000000.0,NULL,NULL,30772.0,55076.0,55.87169607,"[{""adm1_code"":1491,""adm1_name"":""Gujarat""},{""adm1_code"":1495,""adm1_name"":""Kerala""},{""adm1_code"":1498,""adm1_name"":""Maharashtra""},{""adm1_code"":1500,""adm1_name"":""Manipur""},{""adm1_code"":1501,""adm1_name"":""Meghalaya""},{""adm1_code"":1509,""adm1_name"":""Tripura""},{""adm1_code"":70036,""adm1_name"":""Administrative unit not available""},{""adm1_code"":70037,""adm1_name"":""Administrative unit not available""},{""adm1_code"":70072,""adm1_name"":""Arunachal Pradesh""},{""adm2_code"":17547,""adm2_name"":""Adilabad""},{""adm2_code"":17554,""adm2_name"":""Karimnagar""},{""adm2_code"":17555,""adm2_name"":""Khammam""},{""adm2_code"":17576,""adm2_name"":""Barpeta""},{""adm2_code"":17577,""adm2_name"":""Cachar""},{""adm2_code"":17578,""adm2_name"":""Darrang""},{""adm2_code"":17579,""adm2_name"":""Dhuburi""},{""adm2_code"":17580,""adm2_name"":""Dibrugarh""},{""adm2_code"":17581,""adm2_name"":""Goalpara""},{""adm2_code"":17582,""adm2_name"":""Golaghat""},{""adm2_code"":17583,""adm2_name"":""Kamrup""},{""adm2_code"":17585,""adm2_name"":""Karimganj""},{""adm2_code"":17589,""adm2_name"":""Nagaon""},{""adm2_code"":17590,""adm2_name"":""Nalbari""},{""adm2_code"":17592,""adm2_name"":""Sibsagar""},{""adm2_code"":17593,""adm2_name"":""Sonitpur""},{""adm2_code"":70086,""adm2_name"":""Bongaigaon""},{""adm2_code"":70087,""adm2_name"":""Dhemaji""},{""adm2_code"":70089,""adm2_name"":""Jorhat""},{""adm2_code"":70090,""adm2_name"":""Kokrajhar""},{""adm2_code"":70091,""adm2_name"":""Lakhimpur""},{""adm2_code"":70092,""adm2_name"":""Marigaon""},{""adm2_code"":70093,""adm2_name"":""Tinsukia""},{""adm2_code"":17672,""adm2_name"":""Lahul and Spiti""},{""adm2_code"":17948,""adm2_name"":""Darjiling""},{""adm2_code"":17951,""adm2_name"":""Jalpaiguri""},{""adm2_code"":17952,""adm2_name"":""Kochbihar""},{""adm2_code"":17595,""adm2_name"":""Begusarai""},{""adm2_code"":17596,""adm2_name"":""Bhagalpur""},{""adm2_code"":17598,""adm2_name"":""Darbhanga""},{""adm2_code"":17604,""adm2_name"":""Gopalganj""},{""adm2_code"":17608,""adm2_name"":""Katihar""},{""adm2_code"":17609,""adm2_name"":""Khagaria""},{""adm2_code"":17611,""adm2_name"":""Madhubani""},{""adm2_code"":17612,""adm2_name"":""Madhepura""},{""adm2_code"":17613,""adm2_name"":""Muzaffarpur""},{""adm2_code"":17615,""adm2_name"":""Nalanda""},{""adm2_code"":17618,""adm2_name"":""Pashchim Champaran""},{""adm2_code"":17619,""adm2_name"":""Patna""},{""adm2_code"":17620,""adm2_name"":""Purba Champaran""},{""adm2_code"":17621,""adm2_name"":""Purnia""},{""adm2_code"":17624,""adm2_name"":""Saharsa""},{""adm2_code"":17626,""adm2_name"":""Samastipur""},{""adm2_code"":17628,""adm2_name"":""Saran""},{""adm2_code"":17630,""adm2_name"":""Sitamarhi""},{""adm2_code"":17631,""adm2_name"":""Siwan""},{""adm2_code"":70094,""adm2_name"":""Araria""},{""adm2_code"":70100,""adm2_name"":""Kishanganj""},{""adm2_code"":70102,""adm2_name"":""Sheikhpura""},{""adm2_code"":70103,""adm2_name"":""Sheohar""},{""adm2_code"":70104,""adm2_name"":""Supaul""},{""adm2_code"":17712,""adm2_name"":""Balaghat""},{""adm2_code"":70287,""adm2_name"":""Tehri Garhwal""}]","[{""gid_1"":""IND.11_1"",""migration_date"":""2025-12-20"",""migration_method"":""jaccard1"",""name_1"":""Gujarat""},{""gid_1"":""IND.17_1"",""migration_date"":""2025-12-20"",""migration_method"":""jaccard1"",""name_1"":""Kerala""},{""gid_1"":""IND.20_1"",""migration_date"":""2025-12-20"",""migration_method"":""jaccard1"",""name_1"":""Maharashtra""},{""gid_1"":""IND.21_1"",""migration_date"":""2025-12-20"",""migration_method"":""jaccard1"",""name_1"":""Manipur""},{""gid_1"":""IND.22_1"",""migration_date"":""2025-12-20"",""migration_method"":""jaccard1"",""name_1"":""Meghalaya""},{""gid_1"":""IND.33_1"",""migration_date"":""2025-12-20"",""migration_method"":""jaccard1"",""name_1"":""Tripura""},{""gid_1"":""IND.3_1"",""migration_date"":""2025-12-20"",""migration_method"":""jaccard1"",""name_1"":""Arunachal Pradesh""},{""gid_1"":""IND.4_1"",""migration_date"":""2025-12-20"",""migration_method"":""parent2_1"",""name_1"":""Assam""},{""gid_1"":""Z07.3_1"",""migration_date"":""2025-12-20"",""migration_method"":""jaccard1"",""name_1"":""Arunachal Pradesh""},{""gid_2"":""IND.13.7_1"",""migration_date"":""2025-12-20"",""migration_method"":""jaccard2"",""name_2"":""Lahul \u0026 Spiti""},{""gid_2"":""IND.19.5_1"",""migration_date"":""2025-12-20"",""migration_method"":""jaccard2"",""name_2"":""Balaghat""},{""gid_2"":""IND.32.1_1"",""migration_date"":""2025-12-20"",""migration_method"":""jaccard2"",""name_2"":""Adilabad""},{""gid_2"":""IND.32.3_1"",""migration_date"":""2025-12-20"",""migration_method"":""jaccard2"",""name_2"":""Karimnagar""},{""gid_2"":""IND.32.4_1"",""migration_date"":""2025-12-20"",""migration_method"":""jaccard2"",""name_2"":""Khammam""},{""gid_2"":""IND.35.11_1"",""migration_date"":""2025-12-20"",""migration_method"":""jaccard2"",""name_2"":""Tehri Garhwal""},{""gid_2"":""IND.36.10_1"",""migration_date"":""2025-12-20"",""migration_method"":""jaccard2"",""name_2"":""Koch Bihar""},{""gid_2"":""IND.36.1_1"",""migration_date"":""2025-12-20"",""migration_method"":""puzzle2_2"",""name_2"":""Alipurduar""},{""gid_2"":""IND.36.6_1"",""migration_date"":""2025-12-20"",""migration_method"":""jaccard2"",""name_2"":""Darjiling""},{""gid_2"":""IND.36.9_1"",""migration_date"":""2025-12-20"",""migration_method"":""puzzle2_2"",""name_2"":""Jalpaiguri""},{""gid_2"":""IND.5.11_1"",""migration_date"":""2025-12-20"",""migration_method"":""jaccard2"",""name_2"":""Gopalganj""},{""gid_2"":""IND.5.15_1"",""migration_date"":""2025-12-20"",""migration_method"":""jaccard2"",""name_2"":""Katihar""},{""gid_2"":""IND.5.16_1"",""migration_date"":""2025-12-20"",""migration_method"":""jaccard2"",""name_2"":""Khagaria""},{""gid_2"":""IND.5.17_1"",""migration_date"":""2025-12-20"",""migration_method"":""jaccard2"",""name_2"":""Kishanganj""},{""gid_2"":""IND.5.19_1"",""migration_date"":""2025-12-20"",""migration_method"":""jaccard2"",""name_2"":""Madhepura""},{""gid_2"":""IND.5.1_1"",""migration_date"":""2025-12-20"",""migration_method"":""jaccard2"",""name_2"":""Araria""},{""gid_2"":""IND.5.20_1"",""migration_date"":""2025-12-20"",""migration_method"":""jaccard2"",""name_2"":""Madhubani""},{""gid_2"":""IND.5.22_1"",""migration_date"":""2025-12-20"",""migration_method"":""jaccard2"",""name_2"":""Muzaffarpur""},{""gid_2"":""IND.5.23_1"",""migration_date"":""2025-12-20"",""migration_method"":""jaccard2"",""name_2"":""Nalanda""},{""gid_2"":""IND.5.25_1"",""migration_date"":""2025-12-20"",""migration_method"":""jaccard2"",""name_2"":""Pashchim Champaran""},{""gid_2"":""IND.5.26_1"",""migration_date"":""2025-12-20"",""migration_method"":""jaccard2"",""name_2"":""Patna""},{""gid_2"":""IND.5.27_1"",""migration_date"":""2025-12-20"",""migration_method"":""jaccard2"",""name_2"":""Purba Champaran""},{""gid_2"":""IND.5.28_1"",""migration_date"":""2025-12-20"",""migration_method"":""jaccard2"",""name_2"":""Purnia""},{""gid_2"":""IND.5.30_1"",""migration_date"":""2025-12-20"",""migration_method"":""jaccard2"",""name_2"":""Saharsa""},{""gid_2"":""IND.5.31_1"",""migration_date"":""2025-12-20"",""migration_method"":""jaccard2"",""name_2"":""Samastipur""},{""gid_2"":""IND.5.32_1"",""migration_date"":""2025-12-20"",""migration_method"":""jaccard2"",""name_2"":""Saran""},{""gid_2"":""IND.5.33_1"",""migration_date"":""2025-12-20"",""migration_method"":""jaccard2"",""name_2"":""Sheikhpura""},{""gid_2"":""IND.5.34_1"",""migration_date"":""2025-12-20"",""migration_method"":""jaccard2"",""name_2"":""Sheohar""},{""gid_2"":""IND.5.35_1"",""migration_date"":""2025-12-20"",""migration_method"":""jaccard2"",""name_2"":""Sitamarhi""},{""gid_2"":""IND.5.36_1"",""migration_date"":""2025-12-20"",""migration_method"":""jaccard2"",""name_2"":""Siwan""},{""gid_2"":""IND.5.37_1"",""migration_date"":""2025-12-20"",""migration_method"":""jaccard2"",""name_2"":""Supaul""},{""gid_2"":""IND.5.5_1"",""migration_date"":""2025-12-20"",""migration_method"":""jaccard2"",""name_2"":""Begusarai""},{""gid_2"":""IND.5.6_1"",""migration_date"":""2025-12-20"",""migration_method"":""jaccard2"",""name_2"":""Bhagalpur""},{""gid_2"":""IND.5.9_1"",""migration_date"":""2025-12-20"",""migration_method"":""jaccard2"",""name_2"":""Darbhanga""}]",2005-09-23,2025-12-20,2002-06-21,2002-08-28
2002-0729-IND,No,Natural,Hydrological,Flood,Flood (General),NULL,IND,India,Southern Asia,Asia,"Chennai, Coimbatore, Cuddalore districts (Tamil Nadu province",NULL,NULL,No,NULL,NULL,Km2,NULL,NULL,NULL,20.0,NULL,200.0,NULL,200.0,NULL,NULL,NULL,NULL,55.87169607,"[{""adm2_code"":17867,""adm2_name"":""Coimbatore""},{""adm2_code"":70242,""adm2_name"":""Chennai""},{""adm2_code"":70243,""adm2_name"":""Cuddalore""}]","[{""gid_2"":""IND.31.28_1"",""migration_date"":""2025-12-20"",""migration_method"":""puzzle2_2"",""name_2"":""Tiruppur""},{""gid_2"":""IND.31.2_1"",""migration_date"":""2025-12-20"",""migration_method"":""jaccard2"",""name_2"":""Chennai""},{""gid_2"":""IND.31.3_1"",""migration_date"":""2025-12-20"",""migration_method"":""puzzle2_2"",""name_2"":""Coimbatore""},{""gid_2"":""IND.31.4_1"",""migration_date"":""2025-12-20"",""migration_method"":""jaccard2"",""name_2"":""Cuddalore""}]",2003-07-01,2025-12-20,2002-10-01,2002-10-01
2002-0818-IND,No,Natural,Meteorological,Extreme temperature,Cold wave,NULL,IND,India,Southern Asia,Asia,"Bihar, Uttar Pradesh, Himachal Pradesh, Rajasthan, Jharkhand, Jammu and Kashmir, Punjab, Haryana, Delhi provinces",NULL,NULL,No,NULL,5.0,°C,NULL,NULL,NULL,900.0,NULL,NULL,NULL,NULL,NULL,NULL,NULL,NULL,55.87169607,"[{""adm1_code"":1489,""adm1_name"":""Delhi""},{""adm1_code"":1492,""adm1_name"":""Haryana""},{""adm1_code"":1493,""adm1_name"":""Himachal Pradesh""},{""adm1_code"":1505,""adm1_name"":""Punjab""},{""adm1_code"":1506,""adm1_name"":""Rajasthan""},{""adm1_code"":40408,""adm1_name"":""Administrative unit not available""},{""adm1_code"":40409,""adm1_name"":""Administrative unit not available""},{""adm1_code"":40422,""adm1_name"":""Administrative unit not available""},{""adm1_code"":40423,""adm1_name"":""Administrative unit not available""},{""adm1_code"":40424,""adm1_name"":""Administrative unit not available""},{""adm1_code"":40425,""adm1_name"":""Administrative unit not available""},{""adm1_code"":40426,""adm1_name"":""Administrative unit not available""},{""adm1_code"":40427,""adm1_name"":""Administrative unit not available""},{""adm1_code"":40428,""adm1_name"":""Administrative unit not available""},{""adm1_code"":40429,""adm1_name"":""Administrative unit not available""},{""adm1_code"":40430,""adm1_name"":""Administrative unit not available""},{""adm1_code"":40431,""adm1_name"":""Administrative unit not available""},{""adm1_code"":70073,""adm1_name"":""Bihar""},{""adm1_code"":70078,""adm1_name"":""Jharkhand""},{""adm1_code"":70081,""adm1_name"":""Uttar Pradesh""}]","[{""gid_1"":""IND.12_1"",""migration_date"":""2025-12-20"",""migration_method"":""jaccard1"",""name_1"":""Haryana""},{""gid_1"":""IND.13_1"",""migration_date"":""2025-12-20"",""migration_method"":""jaccard1"",""name_1"":""Himachal Pradesh""},{""gid_1"":""IND.15_1"",""migration_date"":""2025-12-20"",""migration_method"":""jaccard1"",""name_1"":""Jharkhand""},{""gid_1"":""IND.25_1"",""migration_date"":""2025-12-20"",""migration_method"":""jaccard1"",""name_1"":""NCT of Delhi""},{""gid_1"":""IND.28_1"",""migration_date"":""2025-12-20"",""migration_method"":""jaccard1"",""name_1"":""Punjab""},{""gid_1"":""IND.29_1"",""migration_date"":""2025-12-20"",""migration_method"":""jaccard1"",""name_1"":""Rajasthan""},{""gid_1"":""IND.34_1"",""migration_date"":""2025-12-20"",""migration_method"":""jaccard1"",""name_1"":""Uttar Pradesh""},{""gid_1"":""IND.5_1"",""migration_date"":""2025-12-20"",""migration_method"":""jaccard1"",""name_1"":""Bihar""},{""gid_1"":""Z06.1_1"",""migration_date"":""2025-12-20"",""migration_method"":""jaccard1"",""name_1"":""Azad Kashmir""},{""gid_1"":""Z06.6_1"",""migration_date"":""2025-12-20"",""migration_method"":""jaccard1"",""name_1"":""Gilgit-Baltistan""},{""gid_2"":""Z01.14.10_1"",""migration_date"":""2025-12-20"",""migration_method"":""puzzle1_2"",""name_2"":""Kishtwar""},{""gid_2"":""Z01.14.12_1"",""migration_date"":""2025-12-20"",""migration_method"":""puzzle1_2"",""name_2"":""Kupwara""},{""gid_2"":""Z01.14.13_1"",""migration_date"":""2025-12-20"",""migration_method"":""puzzle1_2"",""name_2"":""Leh (Ladakh)""},{""gid_2"":""Z01.14.14_1"",""migration_date"":""2025-12-20"",""migration_method"":""puzzle1_2"",""name_2"":""Poonch""},{""gid_2"":""Z01.14.16_1"",""migration_date"":""2025-12-20"",""migration_method"":""puzzle1_2"",""name_2"":""Rajouri""},{""gid_2"":""Z01.14.17_1"",""migration_date"":""2025-12-20"",""migration_method"":""puzzle1_2"",""name_2"":""Ramban""},{""gid_2"":""Z01.14.18_1"",""migration_date"":""2025-12-20"",""migration_method"":""puzzle1_2"",""name_2"":""Reasi""},{""gid_2"":""Z01.14.19_1"",""migration_date"":""2025-12-20"",""migration_method"":""puzzle1_2"",""name_2"":""Samba""},{""gid_2"":""Z01.14.21_1"",""migration_date"":""2025-12-20"",""migration_method"":""puzzle1_2"",""name_2"":""Srinagar""},{""gid_2"":""Z01.14.22_1"",""migration_date"":""2025-12-20"",""migration_method"":""puzzle1_2"",""name_2"":""Udhampur""},{""gid_2"":""Z01.14.2_1"",""migration_date"":""2025-12-20"",""migration_method"":""puzzle1_2"",""name_2"":""Badgam""},{""gid_2"":""Z01.14.3_1"",""migration_date"":""2025-12-20"",""migration_method"":""puzzle1_2"",""name_2"":""Bandipore""},{""gid_2"":""Z01.14.4_1"",""migration_date"":""2025-12-20"",""migration_method"":""puzzle1_2"",""name_2"":""Baramulla""},{""gid_2"":""Z01.14.5_1"",""migration_date"":""2025-12-20"",""migration_method"":""puzzle1_2"",""name_2"":""Doda""},{""gid_2"":""Z01.14.6_1"",""migration_date"":""2025-12-20"",""migration_method"":""puzzle1_2"",""name_2"":""Ganderbal""},{""gid_2"":""Z01.14.7_1"",""migration_date"":""2025-12-20"",""migration_method"":""puzzle1_2"",""name_2"":""Jammu""},{""gid_2"":""Z01.14.8_1"",""migration_date"":""2025-12-20"",""migration_method"":""puzzle1_2"",""name_2"":""Kargil""},{""gid_2"":""Z01.14.9_1"",""migration_date"":""2025-12-20"",""migration_method"":""puzzle1_2"",""name_2"":""Kathua""}]",2003-07-01,2025-12-20,2002-12-01,2002-12-01
2003-0089-IND,No,Natural,Meteorological,Storm,Storm (General),NULL,IND,India,Southern Asia,Asia,Betul district (Madhya Pradesh province),NULL,NULL,No,NULL,NULL,Kph,NULL,NULL,NULL,20.0,NULL,NULL,200.0,200.0,NULL,NULL,NULL,NULL,57.14003527,"[{""adm2_code"":17714,""adm2_name"":""Betul""}]","[{""gid_2"":""IND.19.7_1"",""migration_date"":""2025-12-20"",""migration_method"":""jaccard2"",""name_2"":""Betul""}]",2003-09-05,2025-12-20,2003-02-17,2003-02-17
2003-0099-IND,No,Natural,Meteorological,Storm,Storm (General),NULL,IND,India,Southern Asia,Asia,"Jammu and Kashmir (40424 to 40431), Punjab, Haryana provinces",NULL,Hail,No,NULL,NULL,Kph,NULL,NULL,NULL,14.0,4.0,NULL,NULL,4.0,NULL,NULL,NULL,NULL,57.14003527,"[{""adm1_code"":1492,""adm1_name"":""Haryana""},{""adm1_code"":1505,""adm1_name"":""Punjab""},{""adm1_code"":40424,""adm1_name"":""Administrative unit not available""},{""adm1_code"":40425,""adm1_name"":""Administrative unit not available""},{""adm1_code"":40426,""adm1_name"":""Administrative unit not available""},{""adm1_code"":40427,""adm1_name"":""Administrative unit not available""},{""adm1_code"":40428,""adm1_name"":""Administrative unit not available""},{""adm1_code"":40429,""adm1_name"":""Administrative unit not available""},{""adm1_code"":40430,""adm1_name"":""Administrative unit not available""},{""adm1_code"":40431,""adm1_name"":""Administrative unit not available""}]","[{""gid_1"":""IND.12_1"",""migration_date"":""2025-12-20"",""migration_method"":""jaccard1"",""name_1"":""Haryana""},{""gid_1"":""IND.28_1"",""migration_date"":""2025-12-20"",""migration_method"":""jaccard1"",""name_1"":""Punjab""},{""gid_2"":""Z01.14.10_1"",""migration_date"":""2025-12-20"",""migration_method"":""puzzle1_2"",""name_2"":""Kishtwar""},{""gid_2"":""Z01.14.12_1"",""migration_date"":""2025-12-20"",""migration_method"":""puzzle1_2"",""name_2"":""Kupwara""},{""gid_2"":""Z01.14.14_1"",""migration_date"":""2025-12-20"",""migration_method"":""puzzle1_2"",""name_2"":""Poonch""},{""gid_2"":""Z01.14.16_1"",""migration_date"":""2025-12-20"",""migration_method"":""puzzle1_2"",""name_2"":""Rajouri""},{""gid_2"":""Z01.14.17_1"",""migration_date"":""2025-12-20"",""migration_method"":""puzzle1_2"",""name_2"":""Ramban""},{""gid_2"":""Z01.14.18_1"",""migration_date"":""2025-12-20"",""migration_method"":""puzzle1_2"",""name_2"":""Reasi""},{""gid_2"":""Z01.14.19_1"",""migration_date"":""2025-12-20"",""migration_method"":""puzzle1_2"",""name_2"":""Samba""},{""gid_2"":""Z01.14.21_1"",""migration_date"":""2025-12-20"",""migration_method"":""puzzle1_2"",""name_2"":""Srinagar""},{""gid_2"":""Z01.14.22_1"",""migration_date"":""2025-12-20"",""migration_method"":""puzzle1_2"",""name_2"":""Udhampur""},{""gid_2"":""Z01.14.2_1"",""migration_date"":""2025-12-20"",""migration_method"":""puzzle1_2"",""name_2"":""Badgam""},{""gid_2"":""Z01.14.3_1"",""migration_date"":""2025-12-20"",""migration_method"":""puzzle1_2"",""name_2"":""Bandipore""},{""gid_2"":""Z01.14.4_1"",""migration_date"":""2025-12-20"",""migration_method"":""puzzle1_2"",""name_2"":""Baramulla""},{""gid_2"":""Z01.14.5_1"",""migration_date"":""2025-12-20"",""migration_method"":""puzzle1_2"",""name_2"":""Doda""},{""gid_2"":""Z01.14.6_1"",""migration_date"":""2025-12-20"",""migration_method"":""puzzle1_2"",""name_2"":""Ganderbal""},{""gid_2"":""Z01.14.7_1"",""migration_date"":""2025-12-20"",""migration_method"":""puzzle1_2"",""name_2"":""Jammu""},{""gid_2"":""Z01.14.9_1"",""migration_date"":""2025-12-20"",""migration_method"":""puzzle1_2"",""name_2"":""Kathua""}]",2003-09-05,2025-12-20,2003-02-19,2003-02-19
2003-0134-IND,No,Natural,Meteorological,Storm,Hail,NULL,IND,India,Southern Asia,Asia,"Bankura, Hugli, Haora districts (West Bengal province)",NULL,NULL,No,NULL,NULL,Kph,NULL,NULL,NULL,30.0,500.0,294765.0,190645.0,485910.0,NULL,NULL,16000.0,28001.0,57.14003527,"[{""adm2_code"":17945,""adm2_name"":""Bankura""},{""adm2_code"":17949,""adm2_name"":""Haora""},{""adm2_code"":17950,""adm2_name"":""Hugli""}]","[{""gid_2"":""IND.36.2_1"",""migration_date"":""2025-12-20"",""migration_method"":""jaccard2"",""name_2"":""Bankura""},{""gid_2"":""IND.36.7_1"",""migration_date"":""2025-12-20"",""migration_method"":""jaccard2"",""name_2"":""Haora""},{""gid_2"":""IND.36.8_1"",""migration_date"":""2025-12-20"",""migration_method"":""jaccard2"",""name_2"":""Hugli""}]",2003-10-03,2025-12-20,2003-03-12,2003-03-12
2003-0234-IND,No,Natural,Meteorological,Storm,Tropical cyclone,NULL,IND,India,Southern Asia,Asia,"Mekhliganj, Haldibari, Fukaldabri, Nijtaraf, Kasiabari, Bholarhat, Beltali areas (Kochbihar district, West Bengal province)",NULL,NULL,No,NULL,NULL,Kph,NULL,NULL,NULL,NULL,60.0,NULL,400.0,460.0,NULL,NULL,NULL,NULL,57.14003527,"[{""adm2_code"":17952,""adm2_name"":""Kochbihar""}]","[{""gid_2"":""IND.36.10_1"",""migration_date"":""2025-12-20"",""migration_method"":""jaccard2"",""name_2"":""Koch Bihar""}]",2003-10-08,2025-12-20,2003-04-12,2003-04-12
2003-0683-IND,No,Natural,Hydrological,Flood,Riverine flood,NULL,IND,India,Southern Asia,Asia,"Cuttack, Jagatsinghpur, Kendrapara, Jajpur, Puri, Bolangir, Sonepur, Kalahandi, Rayagada, Gajapati, Baragarh, Koraput, Nayagarh, Ganjam, Angul districts (Orissa province)",Monsoonal rain,NULL,No,NULL,117900.0,Km2,NULL,NULL,"Mahanadi and tributaries, Naraj river delta",67.0,NULL,3000000.0,NULL,3000000.0,NULL,NULL,169000.0,295765.0,57.14003527,"[{""adm2_code"":17809,""adm2_name"":""Cuttack""},{""adm2_code"":17811,""adm2_name"":""Ganjam""},{""adm2_code"":17812,""adm2_name"":""Kalahandi""},{""adm2_code"":17814,""adm2_name"":""Koraput""},{""adm2_code"":17818,""adm2_name"":""Puri""},{""adm2_code"":70206,""adm2_name"":""Angul""},{""adm2_code"":70208,""adm2_name"":""Baragarh""},{""adm2_code"":70210,""adm2_name"":""Bolangir""},{""adm2_code"":70213,""adm2_name"":""Gajapati""},{""adm2_code"":70214,""adm2_name"":""Jagatsinghpur""},{""adm2_code"":70215,""adm2_name"":""Jajpur""},{""adm2_code"":70218,""adm2_name"":""Kendrapara""},{""adm2_code"":70222,""adm2_name"":""Nayagarh""},{""adm2_code"":70224,""adm2_name"":""Rayagada""},{""adm2_code"":70225,""adm2_name"":""Sonepur""}]","[{""gid_2"":""IND.26.10_1"",""migration_date"":""2025-12-20"",""migration_method"":""jaccard2"",""name_2"":""Gajapati""},{""gid_2"":""IND.26.11_1"",""migration_date"":""2025-12-20"",""migration_method"":""jaccard2"",""name_2"":""Ganjam""},{""gid_2"":""IND.26.12_1"",""migration_date"":""2025-12-20"",""migration_method"":""jaccard2"",""name_2"":""Jagatsinghapur""},{""gid_2"":""IND.26.13_1"",""migration_date"":""2025-12-20"",""migration_method"":""jaccard2"",""name_2"":""Jajapur""},{""gid_2"":""IND.26.15_1"",""migration_date"":""2025-12-20"",""migration_method"":""jaccard2"",""name_2"":""Kalahandi""},{""gid_2"":""IND.26.17_1"",""migration_date"":""2025-12-20"",""migration_method"":""jaccard2"",""name_2"":""Kendrapara""},{""gid_2"":""IND.26.1_1"",""migration_date"":""2025-12-20"",""migration_method"":""jaccard2"",""name_2"":""Anugul""},{""gid_2"":""IND.26.20_1"",""migration_date"":""2025-12-20"",""migration_method"":""jaccard2"",""name_2"":""Koraput""},{""gid_2"":""IND.26.24_1"",""migration_date"":""2025-12-20"",""migration_method"":""jaccard2"",""name_2"":""Nayagarh""},{""gid_2"":""IND.26.26_1"",""migration_date"":""2025-12-20"",""migration_method"":""jaccard2"",""name_2"":""Puri""},{""gid_2"":""IND.26.27_1"",""migration_date"":""2025-12-20"",""migration_method"":""jaccard2"",""name_2"":""Rayagada""},{""gid_2"":""IND.26.29_1"",""migration_date"":""2025-12-20"",""migration_method"":""jaccard2"",""name_2"":""Subarnapur""},{""gid_2"":""IND.26.2_1"",""migration_date"":""2025-12-20"",""migration_method"":""jaccard2"",""name_2"":""Balangir""},{""gid_2"":""IND.26.4_1"",""migration_date"":""2025-12-20"",""migration_method"":""jaccard2"",""name_2"":""Bargarh""},{""gid_2"":""IND.26.7_1"",""migration_date"":""2025-12-20"",""migration_method"":""jaccard2"",""name_2"":""Cuttack""}]",2004-02-11,2025-12-20,2003-08-27,2003-10-20
2003-0719-IND,No,Natural,Hydrological,Flood,Flash flood,NULL,IND,India,Southern Asia,Asia,Kullu district (Himachal Pradesh province),Torrential rain,NULL,No,NULL,NULL,Km2,NULL,NULL,Parvati,150.0,30.0,NULL,NULL,30.0,NULL,NULL,NULL,NULL,57.14003527,"[{""adm2_code"":17671,""adm2_name"":""Kullu""}]","[{""gid_2"":""IND.13.6_1"",""migration_date"":""2025-12-20"",""migration_method"":""jaccard2"",""name_2"":""Kullu""}]",2004-02-18,2025-12-20,2003-07-16,2003-07-16
2003-0720-IND,No,Natural,Hydrological,Flood,Flash flood,NULL,IND,India,Southern Asia,Asia,"Solang village (Kullu district, Himachal Pradesh)",NULL,"Slide (land, mud, snow, rock)",No,NULL,NULL,Km2,NULL,NULL,NULL,43.0,15.0,NULL,NULL,15.0,NULL,NULL,NULL,NULL,57.14003527,"[{""adm2_code"":17671,""adm2_name"":""Kullu""}]","[{""gid_2"":""IND.13.6_1"",""migration_date"":""2025-12-20"",""migration_method"":""jaccard2"",""name_2"":""Kullu""}]",2004-02-18,2025-12-20,2003-08-07,2003-08-07
2004-0298-IND,No,Natural,Hydrological,Flood,Riverine flood,NULL,IND,India,Southern Asia,Asia,"Darbhanga, Madhubani, Sitamarhi, Banka, Bhagalpur, Muzaffarpur, Sheohar districts (Bihar province), West Tripura, South Tripura districts (Tripura province), Kamrup, Nalbari, Darrang, Sonitpur, Dhemaji, Lakhimpur districts (Assam province), Gujarat, Jammu and Kashmir provinces",Monsoonal rain,NULL,No,3470.0,NULL,Km2,NULL,NULL,"Chanan, Gerua, Cheer, Kiul, Bagmati, Lakhandai, Sakri, Bhutahi Balan, Kosi, Gandak, Burhi, Brahmaputra, Howrah, Khowai",900.0,NULL,33000000.0,NULL,33000000.0,NULL,NULL,2500000.0,4261135.0,58.66980929,"[{""adm1_code"":1491,""adm1_name"":""Gujarat""},{""adm1_code"":40422,""adm1_name"":""Administrative unit not available""},{""adm1_code"":40423,""adm1_name"":""Administrative unit not available""},{""adm1_code"":40424,""adm1_name"":""Administrative unit not available""},{""adm1_code"":40425,""adm1_name"":""Administrative unit not available""},{""adm1_code"":40426,""adm1_name"":""Administrative unit not available""},{""adm1_code"":40427,""adm1_name"":""Administrative unit not available""},{""adm1_code"":40428,""adm1_name"":""Administrative unit not available""},{""adm1_code"":40429,""adm1_name"":""Administrative unit not available""},{""adm1_code"":40430,""adm1_name"":""Administrative unit not available""},{""adm1_code"":40431,""adm1_name"":""Administrative unit not available""},{""adm2_code"":17578,""adm2_name"":""Darrang""},{""adm2_code"":17583,""adm2_name"":""Kamrup""},{""adm2_code"":17590,""adm2_name"":""Nalbari""},{""adm2_code"":17593,""adm2_name"":""Sonitpur""},{""adm2_code"":70087,""adm2_name"":""Dhemaji""},{""adm2_code"":70091,""adm2_name"":""Lakhimpur""},{""adm2_code"":17886,""adm2_name"":""South Tripura""},{""adm2_code"":17887,""adm2_name"":""West Tripura""},{""adm2_code"":17596,""adm2_name"":""Bhagalpur""},{""adm2_code"":17598,""adm2_name"":""Darbhanga""},{""adm2_code"":17611,""adm2_name"":""Madhubani""},{""adm2_code"":17613,""adm2_name"":""Muzaffarpur""},{""adm2_code"":17630,""adm2_name"":""Sitamarhi""},{""adm2_code"":70095,""adm2_name"":""Banka""},{""adm2_code"":70103,""adm2_name"":""Sheohar""}]","[{""gid_1"":""IND.11_1"",""migration_date"":""2025-12-20"",""migration_method"":""jaccard1"",""name_1"":""Gujarat""},{""gid_1"":""IND.4_1"",""migration_date"":""2025-12-20"",""migration_method"":""parent2_1"",""name_1"":""Assam""},{""gid_2"":""IND.33.2_1"",""migration_date"":""2025-12-20"",""migration_method"":""puzzle2_2"",""name_2"":""Gomati""},{""gid_2"":""IND.33.3_1"",""migration_date"":""2025-12-20"",""migration_method"":""puzzle2_2"",""name_2"":""Khowai""},{""gid_2"":""IND.33.5_1"",""migration_date"":""2025-12-20"",""migration_method"":""puzzle2_2"",""name_2"":""Sipahijala""},{""gid_2"":""IND.33.6_1"",""migration_date"":""2025-12-20"",""migration_method"":""puzzle2_2"",""name_2"":""South Tripura""},{""gid_2"":""IND.33.8_1"",""migration_date"":""2025-12-20"",""migration_method"":""puzzle2_2"",""name_2"":""West Tripura""},{""gid_2"":""IND.5.20_1"",""migration_date"":""2025-12-20"",""migration_method"":""jaccard2"",""name_2"":""Madhubani""},{""gid_2"":""IND.5.22_1"",""migration_date"":""2025-12-20"",""migration_method"":""jaccard2"",""name_2"":""Muzaffarpur""},{""gid_2"":""IND.5.34_1"",""migration_date"":""2025-12-20"",""migration_method"":""jaccard2"",""name_2"":""Sheohar""},{""gid_2"":""IND.5.35_1"",""migration_date"":""2025-12-20"",""migration_method"":""jaccard2"",""name_2"":""Sitamarhi""},{""gid_2"":""IND.5.4_1"",""migration_date"":""2025-12-20"",""migration_method"":""jaccard2"",""name_2"":""Banka""},{""gid_2"":""IND.5.6_1"",""migration_date"":""2025-12-20"",""migration_method"":""jaccard2"",""name_2"":""Bhagalpur""},{""gid_2"":""IND.5.9_1"",""migration_date"":""2025-12-20"",""migration_method"":""jaccard2"",""name_2"":""Darbhanga""},{""gid_2"":""Z01.14.10_1"",""migration_date"":""2025-12-20"",""migration_method"":""puzzle1_2"",""name_2"":""Kishtwar""},{""gid_2"":""Z01.14.12_1"",""migration_date"":""2025-12-20"",""migration_method"":""puzzle1_2"",""name_2"":""Kupwara""},{""gid_2"":""Z01.14.13_1"",""migration_date"":""2025-12-20"",""migration_method"":""puzzle1_2"",""name_2"":""Leh (Ladakh)""},{""gid_2"":""Z01.14.14_1"",""migration_date"":""2025-12-20"",""migration_method"":""puzzle1_2"",""name_2"":""Poonch""},{""gid_2"":""Z01.14.16_1"",""migration_date"":""2025-12-20"",""migration_method"":""puzzle1_2"",""name_2"":""Rajouri""},{""gid_2"":""Z01.14.17_1"",""migration_date"":""2025-12-20"",""migration_method"":""puzzle1_2"",""name_2"":""Ramban""},{""gid_2"":""Z01.14.18_1"",""migration_date"":""2025-12-20"",""migration_method"":""puzzle1_2"",""name_2"":""Reasi""},{""gid_2"":""Z01.14.19_1"",""migration_date"":""2025-12-20"",""migration_method"":""puzzle1_2"",""name_2"":""Samba""},{""gid_2"":""Z01.14.21_1"",""migration_date"":""2025-12-20"",""migration_method"":""puzzle1_2"",""name_2"":""Srinagar""},{""gid_2"":""Z01.14.22_1"",""migration_date"":""2025-12-20"",""migration_method"":""puzzle1_2"",""name_2"":""Udhampur""},{""gid_2"":""Z01.14.2_1"",""migration_date"":""2025-12-20"",""migration_method"":""puzzle1_2"",""name_2"":""Badgam""},{""gid_2"":""Z01.14.3_1"",""migration_date"":""2025-12-20"",""migration_method"":""puzzle1_2"",""name_2"":""Bandipore""},{""gid_2"":""Z01.14.4_1"",""migration_date"":""2025-12-20"",""migration_method"":""puzzle1_2"",""name_2"":""Baramulla""},{""gid_2"":""Z01.14.5_1"",""migration_date"":""2025-12-20"",""migration_method"":""puzzle1_2"",""name_2"":""Doda""},{""gid_2"":""Z01.14.6_1"",""migration_date"":""2025-12-20"",""migration_method"":""puzzle1_2"",""name_2"":""Ganderbal""},{""gid_2"":""Z01.14.7_1"",""migration_date"":""2025-12-20"",""migration_method"":""puzzle1_2"",""name_2"":""Jammu""},{""gid_2"":""Z01.14.8_1"",""migration_date"":""2025-12-20"",""migration_method"":""puzzle1_2"",""name_2"":""Kargil""},{""gid_2"":""Z01.14.9_1"",""migration_date"":""2025-12-20"",""migration_method"":""puzzle1_2"",""name_2"":""Kathua""}]",2005-12-01,2025-12-20,2004-06-20,2004-08-01
2004-0509-IND,No,Natural,Hydrological,Flood,Flash flood,NULL,IND,India,Southern Asia,Asia,"Goalpara district (Assam province), Meghalaya, Arunachal Pradesh, West Bengal provinces",Heavy rains,"Rain|Slide (land, mud, snow, rock)",No,NULL,NULL,Km2,NULL,NULL,"Krishnai, Rongjuli and Dudhnoi, Hugli",160.0,NULL,NULL,100000.0,100000.0,NULL,NULL,NULL,NULL,58.66980929,"[{""adm1_code"":1501,""adm1_name"":""Meghalaya""},{""adm1_code"":1511,""adm1_name"":""West Bengal""},{""adm1_code"":70072,""adm1_name"":""Arunachal Pradesh""},{""adm2_code"":17581,""adm2_name"":""Goalpara""}]","[{""gid_1"":""IND.22_1"",""migration_date"":""2025-12-20"",""migration_method"":""jaccard1"",""name_1"":""Meghalaya""},{""gid_1"":""IND.36_1"",""migration_date"":""2025-12-20"",""migration_method"":""jaccard1"",""name_1"":""West Bengal""},{""gid_1"":""IND.3_1"",""migration_date"":""2025-12-20"",""migration_method"":""jaccard1"",""name_1"":""Arunachal Pradesh""},{""gid_2"":""IND.4.11_1"",""migration_date"":""2025-12-20"",""migration_method"":""jaccard2"",""name_2"":""Goalpara""}]",2004-11-02,2025-12-20,2004-10-07,2004-10-18
2004-0659-IND,No,Natural,Geophysical,Earthquake,Tsunami,NULL,IND,India,Southern Asia,Asia,"Kancheepuram, Villupuram, Nagapattinam, Thoothukudi, Tirunelveli Kattabo, Kanniyakumari, Chennai, Thiruvallur, Cuddalore, Pudukkottai, Ramanathapuram, Sivaganga, Thanjavur districts (Tamil Nadu province), Vishakhapatnam, East Godavari, West Godavari, Krishna, Guntur, Prakasam, Nellore districts (Andhra Pradesh province), Kollam, Alappuzha, Ernakulam districts (Kerala province), Puducherry, Karaikal district (Puducherry province), Andaman and Nicobar province",Earthquake,NULL,Yes,NULL,9.1,Moment Magnitude,3.295,95.982,NULL,16389.0,6913.0,647599.0,NULL,654512.0,5000.0,8522.0,1022800.0,1743316.0,58.66980929,"[{""adm1_code"":1484,""adm1_name"":""Andaman and Nicobar""},{""adm2_code"":17551,""adm2_name"":""East Godavari""},{""adm2_code"":17552,""adm2_name"":""Guntur""},{""adm2_code"":17556,""adm2_name"":""Krishna""},{""adm2_code"":17561,""adm2_name"":""Nellore""},{""adm2_code"":17563,""adm2_name"":""Prakasam""},{""adm2_code"":17566,""adm2_name"":""Vishakhapatnam""},{""adm2_code"":17569,""adm2_name"":""West Godavari""},{""adm2_code"":17699,""adm2_name"":""Ernakulam""},{""adm2_code"":17707,""adm2_name"":""Kollam""},{""adm2_code"":70298,""adm2_name"":""Alappuzha""},{""adm2_code"":17866,""adm2_name"":""Thoothukudi""},{""adm2_code"":17870,""adm2_name"":""Kanniyakumari""},{""adm2_code"":17876,""adm2_name"":""Pudukkottai""},{""adm2_code"":17878,""adm2_name"":""Ramanathapuram""},{""adm2_code"":17881,""adm2_name"":""Thanjavur""},{""adm2_code"":17882,""adm2_name"":""Sivaganga""},{""adm2_code"":17884,""adm2_name"":""Tirunelveli Kattabo""},{""adm2_code"":70242,""adm2_name"":""Chennai""},{""adm2_code"":70243,""adm2_name"":""Cuddalore""},{""adm2_code"":70244,""adm2_name"":""Kancheepuram""},{""adm2_code"":70247,""adm2_name"":""Nagapattinam""},{""adm2_code"":70251,""adm2_name"":""Thiruvallur""},{""adm2_code"":70255,""adm2_name"":""Villupuram""},{""adm2_code"":70226,""adm2_name"":""Karaikal""},{""adm2_code"":70228,""adm2_name"":""Puducherry""}]","[{""gid_1"":""IND.1_1"",""migration_date"":""2025-12-20"",""migration_method"":""jaccard1"",""name_1"":""Andaman and Nicobar""},{""gid_2"":""IND.17.1_1"",""migration_date"":""2025-12-20"",""migration_method"":""jaccard2"",""name_2"":""Alappuzha""},{""gid_2"":""IND.17.2_1"",""migration_date"":""2025-12-20"",""migration_method"":""jaccard2"",""name_2"":""Ernakulam""},{""gid_2"":""IND.17.6_1"",""migration_date"":""2025-12-20"",""migration_method"":""jaccard2"",""name_2"":""Kollam""},{""gid_2"":""IND.2.10_1"",""migration_date"":""2025-12-20"",""migration_method"":""jaccard2"",""name_2"":""Visakhapatnam""},{""gid_2"":""IND.2.12_1"",""migration_date"":""2025-12-20"",""migration_method"":""jaccard2"",""name_2"":""West Godavari""},{""gid_2"":""IND.2.3_1"",""migration_date"":""2025-12-20"",""migration_method"":""jaccard2"",""name_2"":""East Godavari""},{""gid_2"":""IND.2.4_1"",""migration_date"":""2025-12-20"",""migration_method"":""jaccard2"",""name_2"":""Guntur""},{""gid_2"":""IND.2.5_1"",""migration_date"":""2025-12-20"",""migration_method"":""jaccard2"",""name_2"":""Krishna""},{""gid_2"":""IND.2.7_1"",""migration_date"":""2025-12-20"",""migration_method"":""jaccard2"",""name_2"":""Nellore""},{""gid_2"":""IND.2.8_1"",""migration_date"":""2025-12-20"",""migration_method"":""jaccard2"",""name_2"":""Prakasam""},{""gid_2"":""IND.27.1_1"",""migration_date"":""2025-12-20"",""migration_method"":""jaccard2"",""name_2"":""Karaikal""},{""gid_2"":""IND.27.3_1"",""migration_date"":""2025-12-20"",""migration_method"":""jaccard2"",""name_2"":""Puducherry""},{""gid_2"":""IND.31.13_1"",""migration_date"":""2025-12-20"",""migration_method"":""puzzle2_2"",""name_2"":""Nagappattinam""},{""gid_2"":""IND.31.16_1"",""migration_date"":""2025-12-20"",""migration_method"":""jaccard2"",""name_2"":""Pudukkottai""},{""gid_2"":""IND.31.17_1"",""migration_date"":""2025-12-20"",""migration_method"":""jaccard2"",""name_2"":""Ramanathapuram""},{""gid_2"":""IND.31.19_1"",""migration_date"":""2025-12-20"",""migration_method"":""jaccard2"",""name_2"":""Sivaganga""},{""gid_2"":""IND.31.20_1"",""migration_date"":""2025-12-20"",""migration_method"":""jaccard2"",""name_2"":""Thanjavur""},{""gid_2"":""IND.31.23_1"",""migration_date"":""2025-12-20"",""migration_method"":""jaccard2"",""name_2"":""Thiruvallur""},{""gid_2"":""IND.31.24_1"",""migration_date"":""2025-12-20"",""migration_method"":""puzzle2_2"",""name_2"":""Thiruvarur""},{""gid_2"":""IND.31.25_1"",""migration_date"":""2025-12-20"",""migration_method"":""jaccard2"",""name_2"":""Thoothukkudi""},{""gid_2"":""IND.31.27_1"",""migration_date"":""2025-12-20"",""migration_method"":""jaccard2"",""name_2"":""Tirunelveli""},{""gid_2"":""IND.31.2_1"",""migration_date"":""2025-12-20"",""migration_method"":""jaccard2"",""name_2"":""Chennai""},{""gid_2"":""IND.31.31_1"",""migration_date"":""2025-12-20"",""migration_method"":""jaccard2"",""name_2"":""Viluppuram""},{""gid_2"":""IND.31.4_1"",""migration_date"":""2025-12-20"",""migration_method"":""jaccard2"",""name_2"":""Cuddalore""},{""gid_2"":""IND.31.8_1"",""migration_date"":""2025-12-20"",""migration_method"":""jaccard2"",""name_2"":""Kancheepuram""},{""gid_2"":""IND.31.9_1"",""migration_date"":""2025-12-20"",""migration_method"":""jaccard2"",""name_2"":""Kanniyakumari""}]",2014-03-27,2026-01-25,2004-12-26,2004-12-26
2004-0734-IND,No,Natural,Hydrological,Flood,Riverine flood,NULL,IND,India,Southern Asia,Asia,"Uttarakhand, Gujarat, Maharashtra, Punjab, Haryana, Rajasthan provinces",Monsoonal rain,NULL,No,NULL,NULL,Km2,NULL,NULL,"Narmada, Mahi, Kailash, Bayal, Punjab, Ghaggar River",210.0,NULL,100000.0,NULL,100000.0,NULL,NULL,276000.0,470429.0,58.66980929,"[{""adm1_code"":1491,""adm1_name"":""Gujarat""},{""adm1_code"":1492,""adm1_name"":""Haryana""},{""adm1_code"":1498,""adm1_name"":""Maharashtra""},{""adm1_code"":1505,""adm1_name"":""Punjab""},{""adm1_code"":1506,""adm1_name"":""Rajasthan""},{""adm1_code"":70082,""adm1_name"":""Uttarakhand""}]","[{""gid_1"":""IND.11_1"",""migration_date"":""2025-12-20"",""migration_method"":""jaccard1"",""name_1"":""Gujarat""},{""gid_1"":""IND.12_1"",""migration_date"":""2025-12-20"",""migration_method"":""jaccard1"",""name_1"":""Haryana""},{""gid_1"":""IND.20_1"",""migration_date"":""2025-12-20"",""migration_method"":""jaccard1"",""name_1"":""Maharashtra""},{""gid_1"":""IND.28_1"",""migration_date"":""2025-12-20"",""migration_method"":""jaccard1"",""name_1"":""Punjab""},{""gid_1"":""IND.29_1"",""migration_date"":""2025-12-20"",""migration_method"":""jaccard1"",""name_1"":""Rajasthan""},{""gid_1"":""IND.35_1"",""migration_date"":""2025-12-20"",""migration_method"":""jaccard1"",""name_1"":""Uttarakhand""}]",2005-03-25,2025-12-20,2004-08-01,2004-09-08
2005-0191-IND,No,Natural,Meteorological,Storm,Storm (General),NULL,IND,India,Southern Asia,Asia,"Barddhaman, North 24 Parganas, South 24 Parganas districts (West Bengal province)",NULL,Hail|Rain,No,NULL,NULL,Kph,NULL,NULL,NULL,18.0,50.0,NULL,7500.0,7550.0,NULL,NULL,NULL,NULL,60.66033175,"[{""adm2_code"":17946,""adm2_name"":""Barddhaman""},{""adm2_code"":70293,""adm2_name"":""North 24 Parganas""},{""adm2_code"":70294,""adm2_name"":""South 24 Parganas""}]","[{""gid_2"":""IND.36.15_1"",""migration_date"":""2025-12-20"",""migration_method"":""jaccard2"",""name_2"":""North 24 Parganas""},{""gid_2"":""IND.36.19_1"",""migration_date"":""2025-12-20"",""migration_method"":""jaccard2"",""name_2"":""South 24 Parganas""},{""gid_2"":""IND.36.3_1"",""migration_date"":""2025-12-20"",""migration_method"":""jaccard2"",""name_2"":""Barddhaman""}]",2005-04-11,2025-12-20,2005-03-23,2005-03-24
2005-0323-IND,No,Natural,Meteorological,Extreme temperature,Heat wave,NULL,IND,India,Southern Asia,Asia,"Uttar Pradesh, Bihar, West Bengal, Orissa, Maharashtra, Andhra Pradesh provinces",NULL,NULL,No,NULL,49.0,°C,NULL,NULL,NULL,329.0,NULL,NULL,NULL,NULL,NULL,NULL,NULL,NULL,60.66033175,"[{""adm1_code"":1485,""adm1_name"":""Andhra Pradesh""},{""adm1_code"":1498,""adm1_name"":""Maharashtra""},{""adm1_code"":1504,""adm1_name"":""Orissa""},{""adm1_code"":1511,""adm1_name"":""West Bengal""},{""adm1_code"":70073,""adm1_name"":""Bihar""},{""adm1_code"":70081,""adm1_name"":""Uttar Pradesh""}]","[{""gid_1"":""IND.20_1"",""migration_date"":""2025-12-20"",""migration_method"":""jaccard1"",""name_1"":""Maharashtra""},{""gid_1"":""IND.26_1"",""migration_date"":""2025-12-20"",""migration_method"":""jaccard1"",""name_1"":""Odisha""},{""gid_1"":""IND.2_1"",""migration_date"":""2025-12-20"",""migration_method"":""puzzle1_1"",""name_1"":""Andhra Pradesh""},{""gid_1"":""IND.32_1"",""migration_date"":""2025-12-20"",""migration_method"":""puzzle1_1"",""name_1"":""Telangana""},{""gid_1"":""IND.34_1"",""migration_date"":""2025-12-20"",""migration_method"":""jaccard1"",""name_1"":""Uttar Pradesh""},{""gid_1"":""IND.36_1"",""migration_date"":""2025-12-20"",""migration_method"":""jaccard1"",""name_1"":""West Bengal""},{""gid_1"":""IND.5_1"",""migration_date"":""2025-12-20"",""migration_method"":""jaccard1"",""name_1"":""Bihar""}]",2006-03-07,2025-12-20,2005-06-01,2005-06-01
2005-0335-IND,No,Natural,Hydrological,Flood,Riverine flood,NULL,IND,India,Southern Asia,Asia,"Surat, Valsad, Navsari, Bharuch, Vadodara, Surendranagar, The Dangs, Ahmedabad, Anand, Kheda, Amreli, Bhavnagar, Junagadh, Rajkot, Narmada, Jamnagar, Gandhinagar, Sabarkantha districts (Gujarat province)",Heavy rains,NULL,No,NULL,NULL,Km2,NULL,NULL,"Vishwamitry, Purnea, Auranga, Wanki, Ambika, Kaveri, Kharera",239.0,NULL,405000.0,NULL,405000.0,156000.0,257170.0,2300000.0,3791605.0,60.66033175,"[{""adm2_code"":17635,""adm2_name"":""Ahmadabad""},{""adm2_code"":17636,""adm2_name"":""Amreli""},{""adm2_code"":17638,""adm2_name"":""Bharuch""},{""adm2_code"":17639,""adm2_name"":""Bhavnagar""},{""adm2_code"":17640,""adm2_name"":""Gandhinagar""},{""adm2_code"":17641,""adm2_name"":""Jamnagar""},{""adm2_code"":17642,""adm2_name"":""Junagadh""},{""adm2_code"":17644,""adm2_name"":""Kheda""},{""adm2_code"":17647,""adm2_name"":""Rajkot""},{""adm2_code"":17648,""adm2_name"":""Sabar Kantha""},{""adm2_code"":17649,""adm2_name"":""Surat""},{""adm2_code"":17650,""adm2_name"":""Surendranagar""},{""adm2_code"":17651,""adm2_name"":""The Dangs""},{""adm2_code"":17652,""adm2_name"":""Vadodara""},{""adm2_code"":17653,""adm2_name"":""Valsad""},{""adm2_code"":70124,""adm2_name"":""Anand""},{""adm2_code"":70126,""adm2_name"":""Narmada""},{""adm2_code"":70127,""adm2_name"":""Navsari""}]","[{""gid_2"":""IND.11.11_1"",""migration_date"":""2025-12-20"",""migration_method"":""puzzle2_2"",""name_2"":""Devbhumi Dwarka""},{""gid_2"":""IND.11.12_1"",""migration_date"":""2025-12-20"",""migration_method"":""jaccard2"",""name_2"":""Gandhinagar""},{""gid_2"":""IND.11.13_1"",""migration_date"":""2025-12-20"",""migration_method"":""puzzle2_2"",""name_2"":""Gir Somnath""},{""gid_2"":""IND.11.14_1"",""migration_date"":""2025-12-20"",""migration_method"":""puzzle2_2"",""name_2"":""Jamnagar""},{""gid_2"":""IND.11.15_1"",""migration_date"":""2025-12-20"",""migration_method"":""puzzle2_2"",""name_2"":""Junagadh""},{""gid_2"":""IND.11.17_1"",""migration_date"":""2025-12-20"",""migration_method"":""jaccard2"",""name_2"":""Kheda""},{""gid_2"":""IND.11.1_1"",""migration_date"":""2025-12-20"",""migration_method"":""jaccard2"",""name_2"":""Ahmadabad""},{""gid_2"":""IND.11.20_1"",""migration_date"":""2025-12-20"",""migration_method"":""puzzle2_2"",""name_2"":""Morbi""},{""gid_2"":""IND.11.21_1"",""migration_date"":""2025-12-20"",""migration_method"":""jaccard2"",""name_2"":""Narmada""},{""gid_2"":""IND.11.22_1"",""migration_date"":""2025-12-20"",""migration_method"":""jaccard2"",""name_2"":""Navsari""},{""gid_2"":""IND.11.26_1"",""migration_date"":""2025-12-20"",""migration_method"":""puzzle2_2"",""name_2"":""Rajkot""},{""gid_2"":""IND.11.27_1"",""migration_date"":""2025-12-20"",""migration_method"":""puzzle2_2"",""name_2"":""Sabar Kantha""},{""gid_2"":""IND.11.28_1"",""migration_date"":""2025-12-20"",""migration_method"":""puzzle2_2"",""name_2"":""Surat""},{""gid_2"":""IND.11.29_1"",""migration_date"":""2025-12-20"",""migration_method"":""jaccard2"",""name_2"":""Surendranagar""},{""gid_2"":""IND.11.2_1"",""migration_date"":""2025-12-20"",""migration_method"":""jaccard2"",""name_2"":""Amreli""},{""gid_2"":""IND.11.30_1"",""migration_date"":""2025-12-20"",""migration_method"":""puzzle2_2"",""name_2"":""Tapi""},{""gid_2"":""IND.11.31_1"",""migration_date"":""2025-12-20"",""migration_method"":""jaccard2"",""name_2"":""The Dangs""},{""gid_2"":""IND.11.32_1"",""migration_date"":""2025-12-20"",""migration_method"":""puzzle2_2"",""name_2"":""Vadodara""},{""gid_2"":""IND.11.33_1"",""migration_date"":""2025-12-20"",""migration_method"":""jaccard2"",""name_2"":""Valsad""},{""gid_2"":""IND.11.3_1"",""migration_date"":""2025-12-20"",""migration_method"":""jaccard2"",""name_2"":""Anand""},{""gid_2"":""IND.11.4_1"",""migration_date"":""2025-12-20"",""migration_method"":""puzzle2_2"",""name_2"":""Aravalli""},{""gid_2"":""IND.11.6_1"",""migration_date"":""2025-12-20"",""migration_method"":""jaccard2"",""name_2"":""Bharuch""},{""gid_2"":""IND.11.7_1"",""migration_date"":""2025-12-20"",""migration_method"":""puzzle2_2"",""name_2"":""Bhavnagar""},{""gid_2"":""IND.11.8_1"",""migration_date"":""2025-12-20"",""migration_method"":""puzzle2_2"",""name_2"":""Botad""},{""gid_2"":""IND.11.9_1"",""migration_date"":""2025-12-20"",""migration_method"":""puzzle2_2"",""name_2"":""Chhota Udaipur""}]",2006-01-18,2025-12-20,2005-06-28,2005-07-15
2005-0457-IND,No,Natural,Hydrological,Mass movement (wet),Landslide (wet),NULL,IND,India,Southern Asia,Asia,"Guwahati city (Kamrup district, Assam province)",Monsoonal rain,NULL,No,NULL,NULL,NULL,NULL,NULL,NULL,12.0,20.0,NULL,NULL,20.0,NULL,NULL,NULL,NULL,60.66033175,"[{""adm2_code"":17583,""adm2_name"":""Kamrup""}]","[{""gid_2"":""IND.4.15_1"",""migration_date"":""2025-12-20"",""migration_method"":""puzzle2_2"",""name_2"":""Kamrup Metropolitan""},{""gid_2"":""IND.4.16_1"",""migration_date"":""2025-12-20"",""migration_method"":""puzzle2_2"",""name_2"":""Kamrup""}]",2005-09-06,2025-12-20,2005-08-24,2005-08-25
2005-0479-IND,No,Natural,Biological,Epidemic,Viral disease,Japanese encephalitis,IND,India,Southern Asia,Asia,"Uttar Pradesh, Bihar",NULL,NULL,No,NULL,300000.0,Vaccinated,NULL,NULL,NULL,296.0,NULL,939.0,NULL,939.0,NULL,NULL,NULL,NULL,60.66033175,NULL,NULL,2005-10-24,2023-09-25,2005-07-29,2005-09-13
2005-0481-IND,No,Natural,Biological,Epidemic,Bacterial disease,Leptospirosis,IND,India,Southern Asia,Asia,Maharashtra state,NULL,NULL,No,NULL,NULL,NULL,NULL,NULL,NULL,110.0,NULL,1743.0,NULL,1743.0,NULL,NULL,NULL,NULL,60.66033175,NULL,NULL,2005-09-07,2024-08-29,2005-08-28,2005-08-30
2005-0631-IND,No,Natural,Biological,Epidemic,Viral disease,Japanese encephalitis,IND,India,Southern Asia,Asia,Uttar Pradesh and Bihar states,NULL,NULL,No,NULL,NULL,Vaccinated,NULL,NULL,NULL,296.0,NULL,1145.0,NULL,1145.0,NULL,NULL,NULL,NULL,60.66033175,NULL,NULL,2005-11-17,2023-09-25,2005-07-01,2005-11-10
2006-0342-IND,No,Natural,Hydrological,Flood,Riverine flood,NULL,IND,India,Southern Asia,Asia,"Ballia, Chandauli districts (Uttar Pradesh province)",Monsoonal rain,NULL,No,NULL,13110.0,Km2,25.62,83.67,Ganges and tributaries,130.0,NULL,300000.0,NULL,300000.0,NULL,NULL,NULL,NULL,62.61719478,"[{""adm2_code"":17894,""adm2_name"":""Ballia""},{""adm2_code"":70262,""adm2_name"":""Chandauli""}]","[{""gid_2"":""IND.34.11_1"",""migration_date"":""2025-12-20"",""migration_method"":""jaccard2"",""name_2"":""Ballia""},{""gid_2"":""IND.34.20_1"",""migration_date"":""2025-12-20"",""migration_method"":""jaccard2"",""name_2"":""Chandauli""}]",2007-01-06,2025-12-20,2006-06-24,2006-06-27
2006-0369-IND,No,Natural,Hydrological,Flood,Riverine flood,NULL,IND,India,Southern Asia,Asia,"Navsari, The Dangs districts (Gujarat)",Heavy rain,NULL,No,NULL,170100.0,Km2,22.41,71.31,NULL,24.0,NULL,8400.0,NULL,8400.0,NULL,NULL,NULL,NULL,62.61719478,"[{""adm2_code"":17651,""adm2_name"":""The Dangs""},{""adm2_code"":70127,""adm2_name"":""Navsari""}]","[{""gid_2"":""IND.11.22_1"",""migration_date"":""2025-12-20"",""migration_method"":""jaccard2"",""name_2"":""Navsari""},{""gid_2"":""IND.11.31_1"",""migration_date"":""2025-12-20"",""migration_method"":""jaccard2"",""name_2"":""The Dangs""}]",2007-01-06,2025-12-20,2006-07-04,2006-07-07
2006-0389-IND,No,Natural,Hydrological,Flood,Riverine flood,NULL,IND,India,Southern Asia,Asia,Jammu and Kashmir provinces,Monsoonal rain,NULL,No,NULL,NULL,Km2,34.61,73.2,"Jelum, Chenab",15.0,NULL,800.0,NULL,800.0,NULL,NULL,NULL,NULL,62.61719478,"[{""adm1_code"":40422,""adm1_name"":""Administrative unit not available""},{""adm1_code"":40423,""adm1_name"":""Administrative unit not available""},{""adm1_code"":40424,""adm1_name"":""Administrative unit not available""},{""adm1_code"":40425,""adm1_name"":""Administrative unit not available""},{""adm1_code"":40426,""adm1_name"":""Administrative unit not available""},{""adm1_code"":40427,""adm1_name"":""Administrative unit not available""},{""adm1_code"":40428,""adm1_name"":""Administrative unit not available""},{""adm1_code"":40429,""adm1_name"":""Administrative unit not available""},{""adm1_code"":40430,""adm1_name"":""Administrative unit not available""},{""adm1_code"":40431,""adm1_name"":""Administrative unit not available""}]","[{""gid_2"":""Z01.14.10_1"",""migration_date"":""2025-12-20"",""migration_method"":""puzzle1_2"",""name_2"":""Kishtwar""},{""gid_2"":""Z01.14.12_1"",""migration_date"":""2025-12-20"",""migration_method"":""puzzle1_2"",""name_2"":""Kupwara""},{""gid_2"":""Z01.14.13_1"",""migration_date"":""2025-12-20"",""migration_method"":""puzzle1_2"",""name_2"":""Leh (Ladakh)""},{""gid_2"":""Z01.14.14_1"",""migration_date"":""2025-12-20"",""migration_method"":""puzzle1_2"",""name_2"":""Poonch""},{""gid_2"":""Z01.14.16_1"",""migration_date"":""2025-12-20"",""migration_method"":""puzzle1_2"",""name_2"":""Rajouri""},{""gid_2"":""Z01.14.17_1"",""migration_date"":""2025-12-20"",""migration_method"":""puzzle1_2"",""name_2"":""Ramban""},{""gid_2"":""Z01.14.18_1"",""migration_date"":""2025-12-20"",""migration_method"":""puzzle1_2"",""name_2"":""Reasi""},{""gid_2"":""Z01.14.19_1"",""migration_date"":""2025-12-20"",""migration_method"":""puzzle1_2"",""name_2"":""Samba""},{""gid_2"":""Z01.14.21_1"",""migration_date"":""2025-12-20"",""migration_method"":""puzzle1_2"",""name_2"":""Srinagar""},{""gid_2"":""Z01.14.22_1"",""migration_date"":""2025-12-20"",""migration_method"":""puzzle1_2"",""name_2"":""Udhampur""},{""gid_2"":""Z01.14.2_1"",""migration_date"":""2025-12-20"",""migration_method"":""puzzle1_2"",""name_2"":""Badgam""},{""gid_2"":""Z01.14.3_1"",""migration_date"":""2025-12-20"",""migration_method"":""puzzle1_2"",""name_2"":""Bandipore""},{""gid_2"":""Z01.14.4_1"",""migration_date"":""2025-12-20"",""migration_method"":""puzzle1_2"",""name_2"":""Baramulla""},{""gid_2"":""Z01.14.5_1"",""migration_date"":""2025-12-20"",""migration_method"":""puzzle1_2"",""name_2"":""Doda""},{""gid_2"":""Z01.14.6_1"",""migration_date"":""2025-12-20"",""migration_method"":""puzzle1_2"",""name_2"":""Ganderbal""},{""gid_2"":""Z01.14.7_1"",""migration_date"":""2025-12-20"",""migration_method"":""puzzle1_2"",""name_2"":""Jammu""},{""gid_2"":""Z01.14.8_1"",""migration_date"":""2025-12-20"",""migration_method"":""puzzle1_2"",""name_2"":""Kargil""},{""gid_2"":""Z01.14.9_1"",""migration_date"":""2025-12-20"",""migration_method"":""puzzle1_2"",""name_2"":""Kathua""}]",2007-01-06,2025-12-20,2006-07-24,2006-08-22
2006-0712-IND,No,Natural,Hydrological,Flood,Riverine flood,NULL,IND,India,Southern Asia,Asia,"Orissa, Andhra Pradesh, Chhattisgarh provinces",Monsoonal rain,NULL,No,NULL,302800.0,Km2,18.1,81.53,NULL,185.0,NULL,2000000.0,NULL,2000000.0,NULL,NULL,NULL,NULL,62.61719478,"[{""adm1_code"":1485,""adm1_name"":""Andhra Pradesh""},{""adm1_code"":1504,""adm1_name"":""Orissa""},{""adm1_code"":70075,""adm1_name"":""Chhattisgarh""}]","[{""gid_1"":""IND.26_1"",""migration_date"":""2025-12-20"",""migration_method"":""jaccard1"",""name_1"":""Odisha""},{""gid_1"":""IND.2_1"",""migration_date"":""2025-12-20"",""migration_method"":""puzzle1_1"",""name_1"":""Andhra Pradesh""},{""gid_1"":""IND.32_1"",""migration_date"":""2025-12-20"",""migration_method"":""puzzle1_1"",""name_1"":""Telangana""},{""gid_1"":""IND.7_1"",""migration_date"":""2025-12-20"",""migration_method"":""jaccard1"",""name_1"":""Chhattisgarh""}]",2007-01-08,2025-12-20,2006-08-01,2006-09-10
2006-0731-IND,No,Natural,Hydrological,Flood,Riverine flood,NULL,IND,India,Southern Asia,Asia,"Madhya Pradesh, Maharashtra, Rajasthan provinces",Heavy rains and hailstorms,NULL,No,NULL,NULL,Km2,NULL,NULL,NULL,61.0,113.0,NULL,NULL,113.0,NULL,NULL,NULL,NULL,62.61719478,"[{""adm1_code"":1498,""adm1_name"":""Maharashtra""},{""adm1_code"":1506,""adm1_name"":""Rajasthan""},{""adm1_code"":70079,""adm1_name"":""Madhya Pradesh""}]","[{""gid_1"":""IND.19_1"",""migration_date"":""2025-12-20"",""migration_method"":""jaccard1"",""name_1"":""Madhya Pradesh""},{""gid_1"":""IND.20_1"",""migration_date"":""2025-12-20"",""migration_method"":""jaccard1"",""name_1"":""Maharashtra""},{""gid_1"":""IND.29_1"",""migration_date"":""2025-12-20"",""migration_method"":""jaccard1"",""name_1"":""Rajasthan""}]",2007-03-08,2025-12-20,2006-03-09,2006-03-10
2006-0734-IND,No,Natural,Hydrological,Flood,Flash flood,NULL,IND,India,Southern Asia,Asia,Madhya Pradesh province,NULL,NULL,No,NULL,NULL,Km2,NULL,NULL,NULL,39.0,NULL,NULL,NULL,NULL,NULL,NULL,NULL,NULL,62.61719478,"[{""adm1_code"":70079,""adm1_name"":""Madhya Pradesh""}]","[{""gid_1"":""IND.19_1"",""migration_date"":""2025-12-20"",""migration_method"":""jaccard1"",""name_1"":""Madhya Pradesh""}]",2007-03-09,2025-12-20,2006-10-01,2006-10-01
2007-0238-IND,No,Natural,Hydrological,Flood,Riverine flood,NULL,IND,India,Southern Asia,Asia,"Junagadh district (Daman and Diu province), Amreli, Bhavnagar, Jamnagar, Junagadh, Porbandar, Rajkot, Surendranagar districts (Gujarat province), Rajasthan, Madhya Pradesh",Monsoonal rain,NULL,No,NULL,61700.0,Km2,22.02,72.25,Pooma,225.0,NULL,63000.0,NULL,63000.0,NULL,NULL,NULL,NULL,64.40346368,"[{""adm1_code"":1506,""adm1_name"":""Rajasthan""},{""adm1_code"":70079,""adm1_name"":""Madhya Pradesh""},{""adm2_code"":17636,""adm2_name"":""Amreli""},{""adm2_code"":17639,""adm2_name"":""Bhavnagar""},{""adm2_code"":17641,""adm2_name"":""Jamnagar""},{""adm2_code"":17642,""adm2_name"":""Junagadh""},{""adm2_code"":17647,""adm2_name"":""Rajkot""},{""adm2_code"":17650,""adm2_name"":""Surendranagar""},{""adm2_code"":70130,""adm2_name"":""Porbandar""},{""adm2_code"":70121,""adm2_name"":""Junagadh""}]","[{""gid_1"":""IND.19_1"",""migration_date"":""2025-12-20"",""migration_method"":""jaccard1"",""name_1"":""Madhya Pradesh""},{""gid_1"":""IND.29_1"",""migration_date"":""2025-12-20"",""migration_method"":""jaccard1"",""name_1"":""Rajasthan""},{""gid_2"":""IND.11.11_1"",""migration_date"":""2025-12-20"",""migration_method"":""puzzle2_2"",""name_2"":""Devbhumi Dwarka""},{""gid_2"":""IND.11.13_1"",""migration_date"":""2025-12-20"",""migration_method"":""puzzle2_2"",""name_2"":""Gir Somnath""},{""gid_2"":""IND.11.13_1"",""migration_date"":""2025-12-20"",""migration_method"":""bufhaus2"",""name_2"":""Gir Somnath""},{""gid_2"":""IND.11.14_1"",""migration_date"":""2025-12-20"",""migration_method"":""puzzle2_2"",""name_2"":""Jamnagar""},{""gid_2"":""IND.11.15_1"",""migration_date"":""2025-12-20"",""migration_method"":""puzzle2_2"",""name_2"":""Junagadh""},{""gid_2"":""IND.11.20_1"",""migration_date"":""2025-12-20"",""migration_method"":""puzzle2_2"",""name_2"":""Morbi""},{""gid_2"":""IND.11.25_1"",""migration_date"":""2025-12-20"",""migration_method"":""jaccard2"",""name_2"":""Porbandar""},{""gid_2"":""IND.11.26_1"",""migration_date"":""2025-12-20"",""migration_method"":""puzzle2_2"",""name_2"":""Rajkot""},{""gid_2"":""IND.11.29_1"",""migration_date"":""2025-12-20"",""migration_method"":""jaccard2"",""name_2"":""Surendranagar""},{""gid_2"":""IND.11.2_1"",""migration_date"":""2025-12-20"",""migration_method"":""jaccard2"",""name_2"":""Amreli""},{""gid_2"":""IND.11.7_1"",""migration_date"":""2025-12-20"",""migration_method"":""puzzle2_2"",""name_2"":""Bhavnagar""},{""gid_2"":""IND.11.8_1"",""migration_date"":""2025-12-20"",""migration_method"":""puzzle2_2"",""name_2"":""Botad""}]",2007-12-13,2025-12-20,2007-07-01,2007-07-13
2007-0250-IND,No,Natural,Hydrological,Flood,Flash flood,NULL,IND,India,Southern Asia,Asia,"Kurnool, Mahbubnagar, Guntur, Prakasam, East Godavari, West Godavari, Anantapur, Cuddapah districts (Andhra Pradesh province), Thrissur district (Kerala province), Belgaum, Bijapur, Bagalkot, Kodagu, Hassan, Mysore districts (Karnataka province), Mumbai City, Pune districts (Maharashtra province)",Monsoonal rain and tropical cyclone,"Slide (land, mud, snow, rock)",No,NULL,449300.0,Km2,14.94,78.16,"Krishna, Godavari and tributaries",127.0,NULL,200000.0,NULL,200000.0,NULL,NULL,NULL,NULL,64.40346368,"[{""adm2_code"":17548,""adm2_name"":""Anantapur""},{""adm2_code"":17550,""adm2_name"":""Cuddapah""},{""adm2_code"":17551,""adm2_name"":""East Godavari""},{""adm2_code"":17552,""adm2_name"":""Guntur""},{""adm2_code"":17557,""adm2_name"":""Kurnool""},{""adm2_code"":17558,""adm2_name"":""Mahbubnagar""},{""adm2_code"":17563,""adm2_name"":""Prakasam""},{""adm2_code"":17569,""adm2_name"":""West Godavari""},{""adm2_code"":17679,""adm2_name"":""Belgaum""},{""adm2_code"":17682,""adm2_name"":""Bijapur""},{""adm2_code"":17688,""adm2_name"":""Hassan""},{""adm2_code"":17689,""adm2_name"":""Kodagu""},{""adm2_code"":17692,""adm2_name"":""Mysore""},{""adm2_code"":70157,""adm2_name"":""Bagalkot""},{""adm2_code"":17708,""adm2_name"":""Thrissur""},{""adm2_code"":17776,""adm2_name"":""Pune""},{""adm2_code"":70184,""adm2_name"":""Mumbai city""}]","[{""gid_2"":""IND.16.17_1"",""migration_date"":""2025-12-20"",""migration_method"":""jaccard2"",""name_2"":""Hassan""},{""gid_2"":""IND.16.19_1"",""migration_date"":""2025-12-20"",""migration_method"":""jaccard2"",""name_2"":""Kodagu""},{""gid_2"":""IND.16.1_1"",""migration_date"":""2025-12-20"",""migration_method"":""jaccard2"",""name_2"":""Bagalkot""},{""gid_2"":""IND.16.23_1"",""migration_date"":""2025-12-20"",""migration_method"":""jaccard2"",""name_2"":""Mysore""},{""gid_2"":""IND.16.4_1"",""migration_date"":""2025-12-20"",""migration_method"":""jaccard2"",""name_2"":""Belgaum""},{""gid_2"":""IND.16.7_1"",""migration_date"":""2025-12-20"",""migration_method"":""jaccard2"",""name_2"":""Bijapur""},{""gid_2"":""IND.17.13_1"",""migration_date"":""2025-12-20"",""migration_method"":""jaccard2"",""name_2"":""Thrissur""},{""gid_2"":""IND.2.12_1"",""migration_date"":""2025-12-20"",""migration_method"":""jaccard2"",""name_2"":""West Godavari""},{""gid_2"":""IND.2.13_1"",""migration_date"":""2025-12-20"",""migration_method"":""jaccard2"",""name_2"":""Y.S.R.""},{""gid_2"":""IND.2.1_1"",""migration_date"":""2025-12-20"",""migration_method"":""jaccard2"",""name_2"":""Anantapur""},{""gid_2"":""IND.2.3_1"",""migration_date"":""2025-12-20"",""migration_method"":""jaccard2"",""name_2"":""East Godavari""},{""gid_2"":""IND.2.4_1"",""migration_date"":""2025-12-20"",""migration_method"":""jaccard2"",""name_2"":""Guntur""},{""gid_2"":""IND.2.6_1"",""migration_date"":""2025-12-20"",""migration_method"":""jaccard2"",""name_2"":""Kurnool""},{""gid_2"":""IND.2.8_1"",""migration_date"":""2025-12-20"",""migration_method"":""jaccard2"",""name_2"":""Prakasam""},{""gid_2"":""IND.20.17_1"",""migration_date"":""2025-12-20"",""migration_method"":""jaccard2"",""name_2"":""Mumbai City""},{""gid_2"":""IND.20.26_1"",""migration_date"":""2025-12-20"",""migration_method"":""jaccard2"",""name_2"":""Pune""},{""gid_2"":""IND.32.5_1"",""migration_date"":""2025-12-20"",""migration_method"":""jaccard2"",""name_2"":""Mahbubnagar""}]",2008-03-11,2025-12-20,2007-06-22,2007-07-04
2007-0415-IND,No,Natural,Hydrological,Flood,Riverine flood,NULL,IND,India,Southern Asia,Asia,Gujarat province,Monsoonal rain,NULL,No,NULL,133800.0,Km2,22.68,70.93,NULL,16.0,NULL,NULL,NULL,NULL,NULL,NULL,NULL,NULL,64.40346368,"[{""adm1_code"":1491,""adm1_name"":""Gujarat""}]","[{""gid_1"":""IND.11_1"",""migration_date"":""2025-12-20"",""migration_method"":""jaccard1"",""name_1"":""Gujarat""}]",2007-12-14,2025-12-20,2007-08-08,2007-08-15
2007-0469-IND,No,Natural,Hydrological,Flood,Riverine flood,NULL,IND,India,Southern Asia,Asia,"Kurnool, Cuddapah, Warangal, Nalgonda, Karimnagar, Mahbubnagar, Anantapur, Nellore, Krishna districts (Andhra Pradesh province), Gadag district (Karnataka province)",Monsoonal rain,NULL,No,NULL,90280.0,Km2,15.71,79.88,"Tungabhadra, Pennar, Hundri, Kundu",94.0,NULL,20000.0,NULL,20000.0,NULL,NULL,NULL,NULL,64.40346368,"[{""adm2_code"":17548,""adm2_name"":""Anantapur""},{""adm2_code"":17550,""adm2_name"":""Cuddapah""},{""adm2_code"":17554,""adm2_name"":""Karimnagar""},{""adm2_code"":17556,""adm2_name"":""Krishna""},{""adm2_code"":17557,""adm2_name"":""Kurnool""},{""adm2_code"":17558,""adm2_name"":""Mahbubnagar""},{""adm2_code"":17560,""adm2_name"":""Nalgonda""},{""adm2_code"":17561,""adm2_name"":""Nellore""},{""adm2_code"":17568,""adm2_name"":""Warangal""},{""adm2_code"":70163,""adm2_name"":""Gadag""}]","[{""gid_2"":""IND.16.15_1"",""migration_date"":""2025-12-20"",""migration_method"":""jaccard2"",""name_2"":""Gadag""},{""gid_2"":""IND.2.13_1"",""migration_date"":""2025-12-20"",""migration_method"":""jaccard2"",""name_2"":""Y.S.R.""},{""gid_2"":""IND.2.1_1"",""migration_date"":""2025-12-20"",""migration_method"":""jaccard2"",""name_2"":""Anantapur""},{""gid_2"":""IND.2.5_1"",""migration_date"":""2025-12-20"",""migration_method"":""jaccard2"",""name_2"":""Krishna""},{""gid_2"":""IND.2.6_1"",""migration_date"":""2025-12-20"",""migration_method"":""jaccard2"",""name_2"":""Kurnool""},{""gid_2"":""IND.2.7_1"",""migration_date"":""2025-12-20"",""migration_method"":""jaccard2"",""name_2"":""Nellore""},{""gid_2"":""IND.32.10_1"",""migration_date"":""2025-12-20"",""migration_method"":""jaccard2"",""name_2"":""Warangal""},{""gid_2"":""IND.32.3_1"",""migration_date"":""2025-12-20"",""migration_method"":""jaccard2"",""name_2"":""Karimnagar""},{""gid_2"":""IND.32.5_1"",""migration_date"":""2025-12-20"",""migration_method"":""jaccard2"",""name_2"":""Mahbubnagar""},{""gid_2"":""IND.32.7_1"",""migration_date"":""2025-12-20"",""migration_method"":""jaccard2"",""name_2"":""Nalgonda""}]",2007-12-15,2025-12-20,2007-09-16,2007-10-07
2007-0674-IND,No,Natural,Meteorological,Extreme temperature,Cold wave,NULL,IND,India,Southern Asia,Asia,"Uttar Pradesh, Jammu and Kashmir, Gujarat provinces",NULL,NULL,No,NULL,1.9,°C,NULL,NULL,NULL,47.0,NULL,NULL,NULL,NULL,NULL,NULL,NULL,NULL,64.40346368,"[{""adm1_code"":1491,""adm1_name"":""Gujarat""},{""adm1_code"":40408,""adm1_name"":""Administrative unit not available""},{""adm1_code"":40409,""adm1_name"":""Administrative unit not available""},{""adm1_code"":40422,""adm1_name"":""Administrative unit not available""},{""adm1_code"":40423,""adm1_name"":""Administrative unit not available""},{""adm1_code"":40424,""adm1_name"":""Administrative unit not available""},{""adm1_code"":40425,""adm1_name"":""Administrative unit not available""},{""adm1_code"":40426,""adm1_name"":""Administrative unit not available""},{""adm1_code"":40427,""adm1_name"":""Administrative unit not available""},{""adm1_code"":40428,""adm1_name"":""Administrative unit not available""},{""adm1_code"":40429,""adm1_name"":""Administrative unit not available""},{""adm1_code"":40430,""adm1_name"":""Administrative unit not available""},{""adm1_code"":40431,""adm1_name"":""Administrative unit not available""},{""adm1_code"":70081,""adm1_name"":""Uttar Pradesh""}]","[{""gid_1"":""IND.11_1"",""migration_date"":""2025-12-20"",""migration_method"":""jaccard1"",""name_1"":""Gujarat""},{""gid_1"":""IND.34_1"",""migration_date"":""2025-12-20"",""migration_method"":""jaccard1"",""name_1"":""Uttar Pradesh""},{""gid_1"":""Z06.1_1"",""migration_date"":""2025-12-20"",""migration_method"":""jaccard1"",""name_1"":""Azad Kashmir""},{""gid_1"":""Z06.6_1"",""migration_date"":""2025-12-20"",""migration_method"":""jaccard1"",""name_1"":""Gilgit-Baltistan""},{""gid_2"":""Z01.14.10_1"",""migration_date"":""2025-12-20"",""migration_method"":""puzzle1_2"",""name_2"":""Kishtwar""},{""gid_2"":""Z01.14.12_1"",""migration_date"":""2025-12-20"",""migration_method"":""puzzle1_2"",""name_2"":""Kupwara""},{""gid_2"":""Z01.14.13_1"",""migration_date"":""2025-12-20"",""migration_method"":""puzzle1_2"",""name_2"":""Leh (Ladakh)""},{""gid_2"":""Z01.14.14_1"",""migration_date"":""2025-12-20"",""migration_method"":""puzzle1_2"",""name_2"":""Poonch""},{""gid_2"":""Z01.14.16_1"",""migration_date"":""2025-12-20"",""migration_method"":""puzzle1_2"",""name_2"":""Rajouri""},{""gid_2"":""Z01.14.17_1"",""migration_date"":""2025-12-20"",""migration_method"":""puzzle1_2"",""name_2"":""Ramban""},{""gid_2"":""Z01.14.18_1"",""migration_date"":""2025-12-20"",""migration_method"":""puzzle1_2"",""name_2"":""Reasi""},{""gid_2"":""Z01.14.19_1"",""migration_date"":""2025-12-20"",""migration_method"":""puzzle1_2"",""name_2"":""Samba""},{""gid_2"":""Z01.14.21_1"",""migration_date"":""2025-12-20"",""migration_method"":""puzzle1_2"",""name_2"":""Srinagar""},{""gid_2"":""Z01.14.22_1"",""migration_date"":""2025-12-20"",""migration_method"":""puzzle1_2"",""name_2"":""Udhampur""},{""gid_2"":""Z01.14.2_1"",""migration_date"":""2025-12-20"",""migration_method"":""puzzle1_2"",""name_2"":""Badgam""},{""gid_2"":""Z01.14.3_1"",""migration_date"":""2025-12-20"",""migration_method"":""puzzle1_2"",""name_2"":""Bandipore""},{""gid_2"":""Z01.14.4_1"",""migration_date"":""2025-12-20"",""migration_method"":""puzzle1_2"",""name_2"":""Baramulla""},{""gid_2"":""Z01.14.5_1"",""migration_date"":""2025-12-20"",""migration_method"":""puzzle1_2"",""name_2"":""Doda""},{""gid_2"":""Z01.14.6_1"",""migration_date"":""2025-12-20"",""migration_method"":""puzzle1_2"",""name_2"":""Ganderbal""},{""gid_2"":""Z01.14.7_1"",""migration_date"":""2025-12-20"",""migration_method"":""puzzle1_2"",""name_2"":""Jammu""},{""gid_2"":""Z01.14.8_1"",""migration_date"":""2025-12-20"",""migration_method"":""puzzle1_2"",""name_2"":""Kargil""},{""gid_2"":""Z01.14.9_1"",""migration_date"":""2025-12-20"",""migration_method"":""puzzle1_2"",""name_2"":""Kathua""}]",2009-03-19,2025-12-20,2007-12-01,2008-01-01
2008-0246-IND,No,Natural,Hydrological,Flood,Flash flood,NULL,IND,India,Southern Asia,Asia,"Lakhimpu, Dhemaji, Sonitpur districts (Assam province), West Bengal, Orissa, Bihar, Gujarat, Goa, Haryana, Kerala, Karnataka, Maharastra, Madhya Pradesh, Punjab, Rajasthan, Uttar Pradesh, Tamil Nadu, Arunachal Pradesh, Uttarakhand, Jharkhand provinces",Monsoonal rain,"Slide (land, mud, snow, rock)",No,1948.0,350600.0,Km2,25.18,91.54,Kelegai river,1063.0,NULL,7900000.0,NULL,7900000.0,NULL,NULL,123000.0,183923.0,66.87597418,"[{""adm1_code"":1490,""adm1_name"":""Goa""},{""adm1_code"":1491,""adm1_name"":""Gujarat""},{""adm1_code"":1492,""adm1_name"":""Haryana""},{""adm1_code"":1494,""adm1_name"":""Karnataka""},{""adm1_code"":1495,""adm1_name"":""Kerala""},{""adm1_code"":1498,""adm1_name"":""Maharashtra""},{""adm1_code"":1504,""adm1_name"":""Orissa""},{""adm1_code"":1505,""adm1_name"":""Punjab""},{""adm1_code"":1506,""adm1_name"":""Rajasthan""},{""adm1_code"":1508,""adm1_name"":""Tamil Nadu""},{""adm1_code"":1511,""adm1_name"":""West Bengal""},{""adm1_code"":70036,""adm1_name"":""Administrative unit not available""},{""adm1_code"":70037,""adm1_name"":""Administrative unit not available""},{""adm1_code"":70072,""adm1_name"":""Arunachal Pradesh""},{""adm1_code"":70073,""adm1_name"":""Bihar""},{""adm1_code"":70078,""adm1_name"":""Jharkhand""},{""adm1_code"":70079,""adm1_name"":""Madhya Pradesh""},{""adm1_code"":70081,""adm1_name"":""Uttar Pradesh""},{""adm1_code"":70082,""adm1_name"":""Uttarakhand""},{""adm2_code"":17593,""adm2_name"":""Sonitpur""},{""adm2_code"":70087,""adm2_name"":""Dhemaji""},{""adm2_code"":70091,""adm2_name"":""Lakhimpur""}]","[{""gid_1"":""IND.10_1"",""migration_date"":""2025-12-20"",""migration_method"":""jaccard1"",""name_1"":""Goa""},{""gid_1"":""IND.11_1"",""migration_date"":""2025-12-20"",""migration_method"":""jaccard1"",""name_1"":""Gujarat""},{""gid_1"":""IND.12_1"",""migration_date"":""2025-12-20"",""migration_method"":""jaccard1"",""name_1"":""Haryana""},{""gid_1"":""IND.15_1"",""migration_date"":""2025-12-20"",""migration_method"":""jaccard1"",""name_1"":""Jharkhand""},{""gid_1"":""IND.16_1"",""migration_date"":""2025-12-20"",""migration_method"":""jaccard1"",""name_1"":""Karnataka""},{""gid_1"":""IND.17_1"",""migration_date"":""2025-12-20"",""migration_method"":""jaccard1"",""name_1"":""Kerala""},{""gid_1"":""IND.19_1"",""migration_date"":""2025-12-20"",""migration_method"":""jaccard1"",""name_1"":""Madhya Pradesh""},{""gid_1"":""IND.20_1"",""migration_date"":""2025-12-20"",""migration_method"":""jaccard1"",""name_1"":""Maharashtra""},{""gid_1"":""IND.26_1"",""migration_date"":""2025-12-20"",""migration_method"":""jaccard1"",""name_1"":""Odisha""},{""gid_1"":""IND.28_1"",""migration_date"":""2025-12-20"",""migration_method"":""jaccard1"",""name_1"":""Punjab""},{""gid_1"":""IND.29_1"",""migration_date"":""2025-12-20"",""migration_method"":""jaccard1"",""name_1"":""Rajasthan""},{""gid_1"":""IND.31_1"",""migration_date"":""2025-12-20"",""migration_method"":""jaccard1"",""name_1"":""Tamil Nadu""},{""gid_1"":""IND.34_1"",""migration_date"":""2025-12-20"",""migration_method"":""jaccard1"",""name_1"":""Uttar Pradesh""},{""gid_1"":""IND.35_1"",""migration_date"":""2025-12-20"",""migration_method"":""jaccard1"",""name_1"":""Uttarakhand""},{""gid_1"":""IND.36_1"",""migration_date"":""2025-12-20"",""migration_method"":""jaccard1"",""name_1"":""West Bengal""},{""gid_1"":""IND.3_1"",""migration_date"":""2025-12-20"",""migration_method"":""jaccard1"",""name_1"":""Arunachal Pradesh""},{""gid_1"":""IND.5_1"",""migration_date"":""2025-12-20"",""migration_method"":""jaccard1"",""name_1"":""Bihar""},{""gid_1"":""Z07.3_1"",""migration_date"":""2025-12-20"",""migration_method"":""jaccard1"",""name_1"":""Arunachal Pradesh""},{""gid_2"":""IND.4.20_1"",""migration_date"":""2025-12-20"",""migration_method"":""jaccard2"",""name_2"":""Lakhimpur""},{""gid_2"":""IND.4.25_1"",""migration_date"":""2025-12-20"",""migration_method"":""jaccard2"",""name_2"":""Sonitpur""},{""gid_2"":""IND.4.7_1"",""migration_date"":""2025-12-20"",""migration_method"":""jaccard2"",""name_2"":""Dhemaji""}]",2009-03-18,2025-12-20,2008-06-11,2008-07-21
2008-0285-IND,No,Natural,Hydrological,Flood,Riverine flood,NULL,IND,India,Southern Asia,Asia,"Assam, Bihar, Gujarat, Goa, Haryana, Jharkhand, Kerala, Karnataka, Maharashtra, Madhya Pradesh, Punjab, Orissa, Rajasthan, Uttarakhand, Uttar Pradesh, Tamil Nadu, West Bengal provinces",NULL,NULL,No,NULL,NULL,Km2,NULL,NULL,NULL,NULL,NULL,50000.0,NULL,50000.0,NULL,NULL,NULL,NULL,66.87597418,"[{""adm1_code"":1487,""adm1_name"":""Assam""},{""adm1_code"":1490,""adm1_name"":""Goa""},{""adm1_code"":1491,""adm1_name"":""Gujarat""},{""adm1_code"":1492,""adm1_name"":""Haryana""},{""adm1_code"":1494,""adm1_name"":""Karnataka""},{""adm1_code"":1495,""adm1_name"":""Kerala""},{""adm1_code"":1498,""adm1_name"":""Maharashtra""},{""adm1_code"":1504,""adm1_name"":""Orissa""},{""adm1_code"":1505,""adm1_name"":""Punjab""},{""adm1_code"":1506,""adm1_name"":""Rajasthan""},{""adm1_code"":1508,""adm1_name"":""Tamil Nadu""},{""adm1_code"":1511,""adm1_name"":""West Bengal""},{""adm1_code"":70073,""adm1_name"":""Bihar""},{""adm1_code"":70078,""adm1_name"":""Jharkhand""},{""adm1_code"":70079,""adm1_name"":""Madhya Pradesh""},{""adm1_code"":70081,""adm1_name"":""Uttar Pradesh""},{""adm1_code"":70082,""adm1_name"":""Uttarakhand""}]","[{""gid_1"":""IND.10_1"",""migration_date"":""2025-12-20"",""migration_method"":""jaccard1"",""name_1"":""Goa""},{""gid_1"":""IND.11_1"",""migration_date"":""2025-12-20"",""migration_method"":""jaccard1"",""name_1"":""Gujarat""},{""gid_1"":""IND.12_1"",""migration_date"":""2025-12-20"",""migration_method"":""jaccard1"",""name_1"":""Haryana""},{""gid_1"":""IND.15_1"",""migration_date"":""2025-12-20"",""migration_method"":""jaccard1"",""name_1"":""Jharkhand""},{""gid_1"":""IND.16_1"",""migration_date"":""2025-12-20"",""migration_method"":""jaccard1"",""name_1"":""Karnataka""},{""gid_1"":""IND.17_1"",""migration_date"":""2025-12-20"",""migration_method"":""jaccard1"",""name_1"":""Kerala""},{""gid_1"":""IND.19_1"",""migration_date"":""2025-12-20"",""migration_method"":""jaccard1"",""name_1"":""Madhya Pradesh""},{""gid_1"":""IND.20_1"",""migration_date"":""2025-12-20"",""migration_method"":""jaccard1"",""name_1"":""Maharashtra""},{""gid_1"":""IND.26_1"",""migration_date"":""2025-12-20"",""migration_method"":""jaccard1"",""name_1"":""Odisha""},{""gid_1"":""IND.28_1"",""migration_date"":""2025-12-20"",""migration_method"":""jaccard1"",""name_1"":""Punjab""},{""gid_1"":""IND.29_1"",""migration_date"":""2025-12-20"",""migration_method"":""jaccard1"",""name_1"":""Rajasthan""},{""gid_1"":""IND.31_1"",""migration_date"":""2025-12-20"",""migration_method"":""jaccard1"",""name_1"":""Tamil Nadu""},{""gid_1"":""IND.34_1"",""migration_date"":""2025-12-20"",""migration_method"":""jaccard1"",""name_1"":""Uttar Pradesh""},{""gid_1"":""IND.35_1"",""migration_date"":""2025-12-20"",""migration_method"":""jaccard1"",""name_1"":""Uttarakhand""},{""gid_1"":""IND.36_1"",""migration_date"":""2025-12-20"",""migration_method"":""jaccard1"",""name_1"":""West Bengal""},{""gid_1"":""IND.4_1"",""migration_date"":""2025-12-20"",""migration_method"":""jaccard1"",""name_1"":""Assam""},{""gid_1"":""IND.5_1"",""migration_date"":""2025-12-20"",""migration_method"":""jaccard1"",""name_1"":""Bihar""}]",2009-01-12,2025-12-20,2008-07-05,2008-07-14
2008-0415-IND,No,Natural,Hydrological,Flood,Riverine flood,NULL,IND,India,Southern Asia,Asia,"Khammam, West Godavari, Krishna, Guntur districts (Andhra Pradesh province)",Heavy monsoonal rain,NULL,No,NULL,75490.0,Km2,16.65,81.38,Munneru,74.0,NULL,NULL,NULL,NULL,NULL,NULL,NULL,NULL,66.87597418,"[{""adm2_code"":17552,""adm2_name"":""Guntur""},{""adm2_code"":17555,""adm2_name"":""Khammam""},{""adm2_code"":17556,""adm2_name"":""Krishna""},{""adm2_code"":17569,""adm2_name"":""West Godavari""}]","[{""gid_2"":""IND.2.12_1"",""migration_date"":""2025-12-20"",""migration_method"":""jaccard2"",""name_2"":""West Godavari""},{""gid_2"":""IND.2.4_1"",""migration_date"":""2025-12-20"",""migration_method"":""jaccard2"",""name_2"":""Guntur""},{""gid_2"":""IND.2.5_1"",""migration_date"":""2025-12-20"",""migration_method"":""jaccard2"",""name_2"":""Krishna""},{""gid_2"":""IND.32.4_1"",""migration_date"":""2025-12-20"",""migration_method"":""jaccard2"",""name_2"":""Khammam""}]",2008-09-16,2025-12-20,2008-09-05,2008-09-11
2009-0130-IND,No,Natural,Meteorological,Storm,Tornado,NULL,IND,India,Southern Asia,Asia,Kendrapara district (Orissa province),NULL,Hail,No,NULL,NULL,Kph,NULL,NULL,NULL,15.0,50.0,5000.0,4000.0,9050.0,NULL,NULL,NULL,NULL,66.63820107,"[{""adm2_code"":70218,""adm2_name"":""Kendrapara""}]","[{""gid_2"":""IND.26.17_1"",""migration_date"":""2025-12-20"",""migration_method"":""jaccard2"",""name_2"":""Kendrapara""}]",2010-03-05,2025-12-20,2009-03-31,2009-03-31
2009-0315-IND,No,Natural,Hydrological,Mass movement (wet),Landslide (wet),NULL,IND,India,Southern Asia,Asia,Pithoragarh district (Uttarakhand province),Torrential rain,NULL,No,NULL,NULL,NULL,NULL,NULL,NULL,45.0,NULL,NULL,NULL,NULL,NULL,NULL,NULL,NULL,66.63820107,"[{""adm2_code"":17932,""adm2_name"":""Pithoragarh""}]","[{""gid_2"":""IND.35.9_1"",""migration_date"":""2025-12-20"",""migration_method"":""jaccard2"",""name_2"":""Pithoragarh""}]",2010-03-05,2025-12-20,2009-08-08,2009-08-08
2009-0403-IND,No,Natural,Biological,Epidemic,Viral disease,Japanese Encephalitis and Acute Encephalitis Syndrome,IND,India,Southern Asia,Asia,Uttar Pradesh,NULL,NULL,No,NULL,NULL,Vaccinated,NULL,NULL,NULL,311.0,NULL,1521.0,NULL,1521.0,NULL,NULL,NULL,NULL,66.63820107,NULL,NULL,2010-01-06,2023-09-25,2009-01-01,2009-10-01
2009-0175-IND,No,Natural,Meteorological,Extreme temperature,Heat wave,NULL,IND,India,Southern Asia,Asia,"Orissa, West Bengal, Bihar, Uttar Pradesh, Jharkhand, Andhra Pradesh provinces",NULL,NULL,No,NULL,48.0,°C,NULL,NULL,NULL,120.0,25.0,NULL,NULL,25.0,NULL,NULL,NULL,NULL,66.63820107,"[{""adm1_code"":1485,""adm1_name"":""Andhra Pradesh""},{""adm1_code"":1504,""adm1_name"":""Orissa""},{""adm1_code"":1511,""adm1_name"":""West Bengal""},{""adm1_code"":70073,""adm1_name"":""Bihar""},{""adm1_code"":70078,""adm1_name"":""Jharkhand""},{""adm1_code"":70081,""adm1_name"":""Uttar Pradesh""}]","[{""gid_1"":""IND.15_1"",""migration_date"":""2025-12-20"",""migration_method"":""jaccard1"",""name_1"":""Jharkhand""},{""gid_1"":""IND.26_1"",""migration_date"":""2025-12-20"",""migration_method"":""jaccard1"",""name_1"":""Odisha""},{""gid_1"":""IND.2_1"",""migration_date"":""2025-12-20"",""migration_method"":""puzzle1_1"",""name_1"":""Andhra Pradesh""},{""gid_1"":""IND.32_1"",""migration_date"":""2025-12-20"",""migration_method"":""puzzle1_1"",""name_1"":""Telangana""},{""gid_1"":""IND.34_1"",""migration_date"":""2025-12-20"",""migration_method"":""jaccard1"",""name_1"":""Uttar Pradesh""},{""gid_1"":""IND.36_1"",""migration_date"":""2025-12-20"",""migration_method"":""jaccard1"",""name_1"":""West Bengal""},{""gid_1"":""IND.5_1"",""migration_date"":""2025-12-20"",""migration_method"":""jaccard1"",""name_1"":""Bihar""}]",2010-03-07,2025-12-20,2009-04-14,2009-06-26
2009-0409-IND,No,Natural,Hydrological,Flood,Riverine flood,NULL,IND,India,Southern Asia,Asia,"Bihar, Orissa, West Bengal, Assam, Kerala, Gujarat, Karnataka provinces",Monsoon rain,NULL,No,NULL,NULL,Km2,NULL,NULL,NULL,992.0,NULL,1886000.0,NULL,1886000.0,NULL,NULL,220000.0,330141.0,66.63820107,"[{""adm1_code"":1487,""adm1_name"":""Assam""},{""adm1_code"":1491,""adm1_name"":""Gujarat""},{""adm1_code"":1494,""adm1_name"":""Karnataka""},{""adm1_code"":1495,""adm1_name"":""Kerala""},{""adm1_code"":1504,""adm1_name"":""Orissa""},{""adm1_code"":1511,""adm1_name"":""West Bengal""},{""adm1_code"":70073,""adm1_name"":""Bihar""}]","[{""gid_1"":""IND.11_1"",""migration_date"":""2025-12-20"",""migration_method"":""jaccard1"",""name_1"":""Gujarat""},{""gid_1"":""IND.16_1"",""migration_date"":""2025-12-20"",""migration_method"":""jaccard1"",""name_1"":""Karnataka""},{""gid_1"":""IND.17_1"",""migration_date"":""2025-12-20"",""migration_method"":""jaccard1"",""name_1"":""Kerala""},{""gid_1"":""IND.26_1"",""migration_date"":""2025-12-20"",""migration_method"":""jaccard1"",""name_1"":""Odisha""},{""gid_1"":""IND.36_1"",""migration_date"":""2025-12-20"",""migration_method"":""jaccard1"",""name_1"":""West Bengal""},{""gid_1"":""IND.4_1"",""migration_date"":""2025-12-20"",""migration_method"":""jaccard1"",""name_1"":""Assam""},{""gid_1"":""IND.5_1"",""migration_date"":""2025-12-20"",""migration_method"":""jaccard1"",""name_1"":""Bihar""}]",2010-03-05,2025-12-20,2009-07-01,2009-09-01
2009-0638-IND,No,Natural,Hydrological,Flood,Riverine flood,NULL,IND,India,Southern Asia,Asia,"Darbhanga, Purnia, Sitamarhi, Saharsa, Madhubani districts (Bihar province)",Heavy rains,NULL,No,NULL,NULL,Km2,NULL,NULL,NULL,52.0,NULL,NULL,NULL,NULL,NULL,NULL,NULL,NULL,66.63820107,"[{""adm2_code"":17598,""adm2_name"":""Darbhanga""},{""adm2_code"":17611,""adm2_name"":""Madhubani""},{""adm2_code"":17621,""adm2_name"":""Purnia""},{""adm2_code"":17624,""adm2_name"":""Saharsa""},{""adm2_code"":17630,""adm2_name"":""Sitamarhi""}]","[{""gid_2"":""IND.5.20_1"",""migration_date"":""2025-12-20"",""migration_method"":""jaccard2"",""name_2"":""Madhubani""},{""gid_2"":""IND.5.28_1"",""migration_date"":""2025-12-20"",""migration_method"":""jaccard2"",""name_2"":""Purnia""},{""gid_2"":""IND.5.30_1"",""migration_date"":""2025-12-20"",""migration_method"":""jaccard2"",""name_2"":""Saharsa""},{""gid_2"":""IND.5.35_1"",""migration_date"":""2025-12-20"",""migration_method"":""jaccard2"",""name_2"":""Sitamarhi""},{""gid_2"":""IND.5.9_1"",""migration_date"":""2025-12-20"",""migration_method"":""jaccard2"",""name_2"":""Darbhanga""}]",2010-03-05,2025-12-20,2009-08-26,2009-08-28
2010-0052-IND,No,Natural,Hydrological,Mass movement (wet),Avalanche (wet),NULL,IND,India,Southern Asia,Asia,Administrative unit not available district (Jammu and Kashmir province),NULL,NULL,No,NULL,NULL,NULL,NULL,NULL,NULL,17.0,NULL,NULL,NULL,NULL,NULL,NULL,NULL,NULL,67.73109453,"[{""adm2_code"":72789,""adm2_name"":""Administrative unit not available""}]",NULL,2010-02-10,2023-09-25,2010-02-08,2010-02-08
2010-0321-IND,No,Natural,Hydrological,Flood,Riverine flood,NULL,IND,India,Southern Asia,Asia,Delhi province,Heavy rains,NULL,No,NULL,NULL,Km2,NULL,NULL,NULL,11.0,NULL,NULL,NULL,NULL,NULL,NULL,NULL,NULL,67.73109453,"[{""adm1_code"":1489,""adm1_name"":""Delhi""}]","[{""gid_1"":""IND.25_1"",""migration_date"":""2025-12-20"",""migration_method"":""jaccard1"",""name_1"":""NCT of Delhi""}]",2010-07-27,2025-12-20,2010-07-13,2010-07-13
2010-0276-IND,No,Natural,Hydrological,Flood,Riverine flood,NULL,IND,India,Southern Asia,Asia,"Ambala, Kurukshetra districts (Haryana province), Punjab, Kerala provinces",Monsoonal rains,NULL,No,NULL,147437.0,Km2,30.18,74.77,NULL,53.0,NULL,NULL,400000.0,400000.0,NULL,NULL,447000.0,659963.0,67.73109453,"[{""adm1_code"":1495,""adm1_name"":""Kerala""},{""adm1_code"":1505,""adm1_name"":""Punjab""},{""adm2_code"":17654,""adm2_name"":""Ambala""},{""adm2_code"":17661,""adm2_name"":""Kurukshetra""}]","[{""gid_1"":""IND.17_1"",""migration_date"":""2025-12-20"",""migration_method"":""jaccard1"",""name_1"":""Kerala""},{""gid_1"":""IND.28_1"",""migration_date"":""2025-12-20"",""migration_method"":""jaccard1"",""name_1"":""Punjab""},{""gid_2"":""IND.12.11_1"",""migration_date"":""2025-12-20"",""migration_method"":""jaccard2"",""name_2"":""Kurukshetra""},{""gid_2"":""IND.12.1_1"",""migration_date"":""2025-12-20"",""migration_method"":""jaccard2"",""name_2"":""Ambala""}]",2011-03-15,2025-12-20,2010-07-05,2010-07-15
2010-0283-IND,No,Natural,Hydrological,Flood,Riverine flood,NULL,IND,India,Southern Asia,Asia,Andhra Pradesh province,NULL,NULL,No,NULL,63170.0,Km2,15.22,79.48,NULL,27.0,NULL,50000.0,NULL,50000.0,NULL,NULL,NULL,NULL,67.73109453,"[{""adm1_code"":1485,""adm1_name"":""Andhra Pradesh""}]","[{""gid_1"":""IND.2_1"",""migration_date"":""2025-12-20"",""migration_method"":""puzzle1_1"",""name_1"":""Andhra Pradesh""},{""gid_1"":""IND.32_1"",""migration_date"":""2025-12-20"",""migration_method"":""puzzle1_1"",""name_1"":""Telangana""}]",2010-07-15,2025-12-20,2010-05-18,2010-05-24
2010-0493-IND,No,Natural,Hydrological,Flood,Riverine flood,NULL,IND,India,Southern Asia,Asia,"Punjab, Haryana, Uttar Pradesh provinces",Monsoonal rains,NULL,No,NULL,10843.0,Km2,25.965,76.05,Ganges,NULL,NULL,12500.0,NULL,12500.0,NULL,NULL,NULL,NULL,67.73109453,"[{""adm1_code"":1492,""adm1_name"":""Haryana""},{""adm1_code"":1505,""adm1_name"":""Punjab""},{""adm1_code"":70081,""adm1_name"":""Uttar Pradesh""}]","[{""gid_1"":""IND.12_1"",""migration_date"":""2025-12-20"",""migration_method"":""jaccard1"",""name_1"":""Haryana""},{""gid_1"":""IND.28_1"",""migration_date"":""2025-12-20"",""migration_method"":""jaccard1"",""name_1"":""Punjab""},{""gid_1"":""IND.34_1"",""migration_date"":""2025-12-20"",""migration_method"":""jaccard1"",""name_1"":""Uttar Pradesh""}]",2010-10-06,2025-12-20,2010-09-09,2010-09-09
2010-0492-IND,No,Natural,Hydrological,Flood,Riverine flood,NULL,IND,India,Southern Asia,Asia,"Almora, Naini Tal districts (Uttarakhand province), Bihar, Uttar Pradesh provinces",Monsoonal rains,"Slide (land, mud, snow, rock)",No,NULL,38537.0,Km2,26.73,82.84,NULL,200.0,NULL,3267183.0,NULL,3267183.0,NULL,NULL,1680000.0,2480397.0,67.73109453,"[{""adm1_code"":70073,""adm1_name"":""Bihar""},{""adm1_code"":70081,""adm1_name"":""Uttar Pradesh""},{""adm2_code"":70280,""adm2_name"":""Almora""},{""adm2_code"":70285,""adm2_name"":""Naini Tal""}]","[{""gid_1"":""IND.34_1"",""migration_date"":""2025-12-20"",""migration_method"":""jaccard1"",""name_1"":""Uttar Pradesh""},{""gid_1"":""IND.5_1"",""migration_date"":""2025-12-20"",""migration_method"":""jaccard1"",""name_1"":""Bihar""},{""gid_2"":""IND.35.1_1"",""migration_date"":""2025-12-20"",""migration_method"":""jaccard2"",""name_2"":""Almora""},{""gid_2"":""IND.35.8_1"",""migration_date"":""2025-12-20"",""migration_method"":""jaccard2"",""name_2"":""Nainital""}]",2010-10-06,2025-12-20,2010-09-18,2010-09-30
2011-0176-IND,No,Natural,Meteorological,Storm,Lightning/Thunderstorms,NULL,IND,India,Southern Asia,Asia,Uttar Pradesh province,NULL,NULL,No,NULL,NULL,Kph,NULL,NULL,NULL,42.0,50.0,NULL,NULL,50.0,NULL,NULL,NULL,NULL,69.86926351,"[{""adm1_code"":70081,""adm1_name"":""Uttar Pradesh""}]","[{""gid_1"":""IND.34_1"",""migration_date"":""2025-12-20"",""migration_method"":""jaccard1"",""name_1"":""Uttar Pradesh""}]",2011-05-24,2025-12-20,2011-05-20,2011-05-20
2012-0354-IND,No,Natural,Hydrological,Flood,Riverine flood,NULL,IND,India,Southern Asia,Asia,"Rudra Prayag, Bageshwar districts (Uttarakhand province)",Heavy rains,"Slide (land, mud, snow, rock)",No,NULL,37710.0,Km2,31.3,76.85,NULL,45.0,NULL,200.0,NULL,200.0,NULL,NULL,20000.0,28045.0,71.31508773,"[{""adm2_code"":70281,""adm2_name"":""Bageshwar""},{""adm2_code"":70286,""adm2_name"":""Rudra Prayag""}]","[{""gid_2"":""IND.35.10_1"",""migration_date"":""2025-12-20"",""migration_method"":""jaccard2"",""name_2"":""Rudraprayag""},{""gid_2"":""IND.35.2_1"",""migration_date"":""2025-12-20"",""migration_method"":""jaccard2"",""name_2"":""Bageshwar""}]",2012-11-22,2025-12-20,2012-09-16,2012-09-18
2013-0345-IND,No,Natural,Hydrological,Flood,Riverine flood,NULL,IND,India,Southern Asia,Asia,"Bhopal, Hoshangabad, Seoni, Narsinghpur, Jabalpur districts (Madhya Pradesh province), Uttar Pradesh, Assam provinces",Monsoon rains,NULL,No,NULL,NULL,Km2,NULL,NULL,Narmada and Betwa rivers,73.0,NULL,40000.0,NULL,40000.0,NULL,NULL,NULL,NULL,72.35973748,"[{""adm1_code"":1487,""adm1_name"":""Assam""},{""adm1_code"":70081,""adm1_name"":""Uttar Pradesh""},{""adm2_code"":17716,""adm2_name"":""Bhopal""},{""adm2_code"":17728,""adm2_name"":""Hoshangabad""},{""adm2_code"":17730,""adm2_name"":""Jabalpur""},{""adm2_code"":17735,""adm2_name"":""Narsinghpur""},{""adm2_code"":17747,""adm2_name"":""Seoni""}]","[{""gid_1"":""IND.34_1"",""migration_date"":""2025-12-20"",""migration_method"":""jaccard1"",""name_1"":""Uttar Pradesh""},{""gid_1"":""IND.4_1"",""migration_date"":""2025-12-20"",""migration_method"":""jaccard1"",""name_1"":""Assam""},{""gid_2"":""IND.19.22_1"",""migration_date"":""2025-12-20"",""migration_method"":""jaccard2"",""name_2"":""Hoshangabad""},{""gid_2"":""IND.19.24_1"",""migration_date"":""2025-12-20"",""migration_method"":""jaccard2"",""name_2"":""Jabalpur""},{""gid_2"":""IND.19.30_1"",""migration_date"":""2025-12-20"",""migration_method"":""jaccard2"",""name_2"":""Narsimhapur""},{""gid_2"":""IND.19.40_1"",""migration_date"":""2025-12-20"",""migration_method"":""jaccard2"",""name_2"":""Seoni""},{""gid_2"":""IND.19.9_1"",""migration_date"":""2025-12-20"",""migration_method"":""jaccard2"",""name_2"":""Bhopal""}]",2014-03-20,2025-12-20,2013-08-22,2013-08-27
2014-0047-IND,No,Natural,Meteorological,Extreme temperature,Cold wave,NULL,IND,India,Southern Asia,Asia,"Uttar Pradesh, Jammu and Kashmir, Uttarakhand, Delhi provinces",NULL,Fog,No,NULL,-9.0,°C,NULL,NULL,NULL,24.0,NULL,NULL,NULL,NULL,NULL,NULL,NULL,NULL,73.53357701,"[{""adm1_code"":1489,""adm1_name"":""Delhi""},{""adm1_code"":40408,""adm1_name"":""Administrative unit not available""},{""adm1_code"":40409,""adm1_name"":""Administrative unit not available""},{""adm1_code"":40422,""adm1_name"":""Administrative unit not available""},{""adm1_code"":40423,""adm1_name"":""Administrative unit not available""},{""adm1_code"":40424,""adm1_name"":""Administrative unit not available""},{""adm1_code"":40425,""adm1_name"":""Administrative unit not available""},{""adm1_code"":40426,""adm1_name"":""Administrative unit not available""},{""adm1_code"":40427,""adm1_name"":""Administrative unit not available""},{""adm1_code"":40428,""adm1_name"":""Administrative unit not available""},{""adm1_code"":40429,""adm1_name"":""Administrative unit not available""},{""adm1_code"":40430,""adm1_name"":""Administrative unit not available""},{""adm1_code"":40431,""adm1_name"":""Administrative unit not available""},{""adm1_code"":70081,""adm1_name"":""Uttar Pradesh""},{""adm1_code"":70082,""adm1_name"":""Uttarakhand""}]","[{""gid_1"":""IND.25_1"",""migration_date"":""2025-12-20"",""migration_method"":""jaccard1"",""name_1"":""NCT of Delhi""},{""gid_1"":""IND.34_1"",""migration_date"":""2025-12-20"",""migration_method"":""jaccard1"",""name_1"":""Uttar Pradesh""},{""gid_1"":""IND.35_1"",""migration_date"":""2025-12-20"",""migration_method"":""jaccard1"",""name_1"":""Uttarakhand""},{""gid_1"":""Z06.1_1"",""migration_date"":""2025-12-20"",""migration_method"":""jaccard1"",""name_1"":""Azad Kashmir""},{""gid_1"":""Z06.6_1"",""migration_date"":""2025-12-20"",""migration_method"":""jaccard1"",""name_1"":""Gilgit-Baltistan""},{""gid_2"":""Z01.14.10_1"",""migration_date"":""2025-12-20"",""migration_method"":""puzzle1_2"",""name_2"":""Kishtwar""},{""gid_2"":""Z01.14.12_1"",""migration_date"":""2025-12-20"",""migration_method"":""puzzle1_2"",""name_2"":""Kupwara""},{""gid_2"":""Z01.14.13_1"",""migration_date"":""2025-12-20"",""migration_method"":""puzzle1_2"",""name_2"":""Leh (Ladakh)""},{""gid_2"":""Z01.14.14_1"",""migration_date"":""2025-12-20"",""migration_method"":""puzzle1_2"",""name_2"":""Poonch""},{""gid_2"":""Z01.14.16_1"",""migration_date"":""2025-12-20"",""migration_method"":""puzzle1_2"",""name_2"":""Rajouri""},{""gid_2"":""Z01.14.17_1"",""migration_date"":""2025-12-20"",""migration_method"":""puzzle1_2"",""name_2"":""Ramban""},{""gid_2"":""Z01.14.18_1"",""migration_date"":""2025-12-20"",""migration_method"":""puzzle1_2"",""name_2"":""Reasi""},{""gid_2"":""Z01.14.19_1"",""migration_date"":""2025-12-20"",""migration_method"":""puzzle1_2"",""name_2"":""Samba""},{""gid_2"":""Z01.14.21_1"",""migration_date"":""2025-12-20"",""migration_method"":""puzzle1_2"",""name_2"":""Srinagar""},{""gid_2"":""Z01.14.22_1"",""migration_date"":""2025-12-20"",""migration_method"":""puzzle1_2"",""name_2"":""Udhampur""},{""gid_2"":""Z01.14.2_1"",""migration_date"":""2025-12-20"",""migration_method"":""puzzle1_2"",""name_2"":""Badgam""},{""gid_2"":""Z01.14.3_1"",""migration_date"":""2025-12-20"",""migration_method"":""puzzle1_2"",""name_2"":""Bandipore""},{""gid_2"":""Z01.14.4_1"",""migration_date"":""2025-12-20"",""migration_method"":""puzzle1_2"",""name_2"":""Baramulla""},{""gid_2"":""Z01.14.5_1"",""migration_date"":""2025-12-20"",""migration_method"":""puzzle1_2"",""name_2"":""Doda""},{""gid_2"":""Z01.14.6_1"",""migration_date"":""2025-12-20"",""migration_method"":""puzzle1_2"",""name_2"":""Ganderbal""},{""gid_2"":""Z01.14.7_1"",""migration_date"":""2025-12-20"",""migration_method"":""puzzle1_2"",""name_2"":""Jammu""},{""gid_2"":""Z01.14.8_1"",""migration_date"":""2025-12-20"",""migration_method"":""puzzle1_2"",""name_2"":""Kargil""},{""gid_2"":""Z01.14.9_1"",""migration_date"":""2025-12-20"",""migration_method"":""puzzle1_2"",""name_2"":""Kathua""}]",2014-02-06,2025-12-20,2014-01-20,2014-01-24
2014-0106-IND,No,Natural,Meteorological,Storm,Blizzard/Winter storm,NULL,IND,India,Southern Asia,Asia,"Doda, Bhaderwah, Thathri, Gandoh, Bhallessa villages (Kishtwar (72809) district, Jammu and Kashmir (40427) province), Kora Pani, Tangdhar villages (Kupwara (72786) district, Jumma and Kashmir (40431) province)",NULL,"Rain|Slide (land, mud, snow, rock)",No,NULL,NULL,Kph,NULL,NULL,NULL,17.0,NULL,9610.0,NULL,9610.0,NULL,NULL,NULL,NULL,73.53357701,"[{""adm2_code"":72809,""adm2_name"":""Administrative unit not available""},{""adm2_code"":72786,""adm2_name"":""Administrative unit not available""}]","[{""gid_2"":""Z01.14.10_1"",""migration_date"":""2025-12-20"",""migration_method"":""puzzle2_2"",""name_2"":""Kishtwar""},{""gid_2"":""Z01.14.12_1"",""migration_date"":""2025-12-20"",""migration_method"":""jaccard2"",""name_2"":""Kupwara""},{""gid_2"":""Z01.14.5_1"",""migration_date"":""2025-12-20"",""migration_method"":""puzzle2_2"",""name_2"":""Doda""}]",2014-07-29,2025-12-20,2014-03-10,2014-03-12
2014-0270-IND,No,Natural,Hydrological,Mass movement (wet),Landslide (wet),NULL,IND,India,Southern Asia,Asia,"Malin village (Pune district, Maharashtra province)",Monsoonal rains,NULL,No,NULL,NULL,NULL,NULL,NULL,NULL,151.0,NULL,NULL,200.0,200.0,NULL,NULL,NULL,NULL,73.53357701,"[{""adm2_code"":17776,""adm2_name"":""Pune""}]","[{""gid_2"":""IND.20.26_1"",""migration_date"":""2025-12-20"",""migration_method"":""jaccard2"",""name_2"":""Pune""}]",2014-08-28,2025-12-20,2014-07-30,2014-07-30
2014-0392-IND,No,Natural,Meteorological,Storm,Tropical cyclone,Cyclone Hudhud,IND,India,Southern Asia,Asia,"Vishakhapatnam, Gangavaram towns (Vishakhapatnam district, Andhra Pradesh province), Baragarh, Bolangir, Boudh, Gajapati, Ganjam, Kalahandi, Kandhamal, Khordha, Koraput, Malkangiri, Nabarangpur, Nayagarh, Nuapada, Puri, Rayagada, Sonepur districts (Orissa province), Chhattisgarh province",NULL,Surge,Yes,NULL,215.0,Kph,NULL,NULL,NULL,53.0,NULL,920000.0,NULL,920000.0,530000.0,720759.0,7000000.0,9519461.0,73.53357701,"[{""adm1_code"":70075,""adm1_name"":""Chhattisgarh""},{""adm2_code"":17566,""adm2_name"":""Vishakhapatnam""},{""adm2_code"":17811,""adm2_name"":""Ganjam""},{""adm2_code"":17812,""adm2_name"":""Kalahandi""},{""adm2_code"":17814,""adm2_name"":""Koraput""},{""adm2_code"":17818,""adm2_name"":""Puri""},{""adm2_code"":70208,""adm2_name"":""Baragarh""},{""adm2_code"":70210,""adm2_name"":""Bolangir""},{""adm2_code"":70211,""adm2_name"":""Boudh""},{""adm2_code"":70213,""adm2_name"":""Gajapati""},{""adm2_code"":70217,""adm2_name"":""Kandhamal""},{""adm2_code"":70219,""adm2_name"":""Khordha""},{""adm2_code"":70220,""adm2_name"":""Malkangiri""},{""adm2_code"":70221,""adm2_name"":""Nabarangpur""},{""adm2_code"":70222,""adm2_name"":""Nayagarh""},{""adm2_code"":70223,""adm2_name"":""Nuapada""},{""adm2_code"":70224,""adm2_name"":""Rayagada""},{""adm2_code"":70225,""adm2_name"":""Sonepur""}]","[{""gid_1"":""IND.7_1"",""migration_date"":""2025-12-20"",""migration_method"":""jaccard1"",""name_1"":""Chhattisgarh""},{""gid_2"":""IND.2.10_1"",""migration_date"":""2025-12-20"",""migration_method"":""jaccard2"",""name_2"":""Visakhapatnam""},{""gid_2"":""IND.26.10_1"",""migration_date"":""2025-12-20"",""migration_method"":""jaccard2"",""name_2"":""Gajapati""},{""gid_2"":""IND.26.11_1"",""migration_date"":""2025-12-20"",""migration_method"":""jaccard2"",""name_2"":""Ganjam""},{""gid_2"":""IND.26.15_1"",""migration_date"":""2025-12-20"",""migration_method"":""jaccard2"",""name_2"":""Kalahandi""},{""gid_2"":""IND.26.16_1"",""migration_date"":""2025-12-20"",""migration_method"":""jaccard2"",""name_2"":""Kandhamal""},{""gid_2"":""IND.26.19_1"",""migration_date"":""2025-12-20"",""migration_method"":""jaccard2"",""name_2"":""Khordha""},{""gid_2"":""IND.26.20_1"",""migration_date"":""2025-12-20"",""migration_method"":""jaccard2"",""name_2"":""Koraput""},{""gid_2"":""IND.26.21_1"",""migration_date"":""2025-12-20"",""migration_method"":""jaccard2"",""name_2"":""Malkangiri""},{""gid_2"":""IND.26.23_1"",""migration_date"":""2025-12-20"",""migration_method"":""jaccard2"",""name_2"":""Nabarangapur""},{""gid_2"":""IND.26.24_1"",""migration_date"":""2025-12-20"",""migration_method"":""jaccard2"",""name_2"":""Nayagarh""},{""gid_2"":""IND.26.25_1"",""migration_date"":""2025-12-20"",""migration_method"":""jaccard2"",""name_2"":""Nuapada""},{""gid_2"":""IND.26.26_1"",""migration_date"":""2025-12-20"",""migration_method"":""jaccard2"",""name_2"":""Puri""},{""gid_2"":""IND.26.27_1"",""migration_date"":""2025-12-20"",""migration_method"":""jaccard2"",""name_2"":""Rayagada""},{""gid_2"":""IND.26.29_1"",""migration_date"":""2025-12-20"",""migration_method"":""jaccard2"",""name_2"":""Subarnapur""},{""gid_2"":""IND.26.2_1"",""migration_date"":""2025-12-20"",""migration_method"":""jaccard2"",""name_2"":""Balangir""},{""gid_2"":""IND.26.4_1"",""migration_date"":""2025-12-20"",""migration_method"":""jaccard2"",""name_2"":""Bargarh""},{""gid_2"":""IND.26.5_1"",""migration_date"":""2025-12-20"",""migration_method"":""jaccard2"",""name_2"":""Bauda""}]",2014-10-14,2025-12-20,2014-10-12,2014-10-12
2014-0551-IND,No,Natural,Meteorological,Storm,Lightning/Thunderstorms,NULL,IND,India,Southern Asia,Asia,Hyderabad district (Andhra Pradesh province),NULL,Flood|Hail,No,NULL,NULL,Kph,NULL,NULL,NULL,7.0,58.0,1870.0,NULL,1928.0,NULL,NULL,NULL,NULL,73.53357701,"[{""adm2_code"":17553,""adm2_name"":""Hyderabad""}]","[{""gid_2"":""IND.32.2_1"",""migration_date"":""2025-12-20"",""migration_method"":""jaccard2"",""name_2"":""Hyderabad""}]",2015-03-27,2025-12-20,2014-03-06,2014-03-07
2014-0520-IND,No,Natural,Meteorological,Extreme temperature,Cold wave,NULL,IND,India,Southern Asia,Asia,Muzaffarnagar district (Uttar Pradesh province),NULL,NULL,No,NULL,3.1,°C,NULL,NULL,NULL,16.0,NULL,NULL,NULL,NULL,NULL,NULL,NULL,NULL,73.53357701,"[{""adm2_code"":17929,""adm2_name"":""Muzaffarnagar""}]","[{""gid_2"":""IND.34.58_1"",""migration_date"":""2025-12-20"",""migration_method"":""puzzle2_2"",""name_2"":""Muzaffarnagar""},{""gid_2"":""IND.34.68_1"",""migration_date"":""2025-12-20"",""migration_method"":""puzzle2_2"",""name_2"":""Shamli""}]",2015-01-14,2025-12-20,2014-12-07,2014-12-09
2015-0175-IND,No,Natural,Geophysical,Earthquake,Ground movement,NULL,IND,India,Southern Asia,Asia,Bihar province,NULL,NULL,No,NULL,7.3,Moment Magnitude,27.8087,86.0655,NULL,20.0,NULL,NULL,NULL,NULL,NULL,NULL,NULL,NULL,73.62080294,"[{""adm1_code"":70073,""adm1_name"":""Bihar""}]","[{""gid_1"":""IND.5_1"",""migration_date"":""2025-12-20"",""migration_method"":""jaccard1"",""name_1"":""Bihar""}]",2015-05-21,2025-12-20,2015-05-12,2015-05-12
2015-0253-IND,No,Natural,Hydrological,Flood,Riverine flood,NULL,IND,India,Southern Asia,Asia,"Mirik, Kalimpong, Darjeeling villages (Darjiling district, West Bengal province),",NULL,"Slide (land, mud, snow, rock)",No,NULL,NULL,Km2,NULL,NULL,NULL,40.0,NULL,NULL,1000.0,1000.0,NULL,NULL,NULL,NULL,73.62080294,"[{""adm2_code"":17948,""adm2_name"":""Darjiling""}]","[{""gid_2"":""IND.36.6_1"",""migration_date"":""2025-12-20"",""migration_method"":""jaccard2"",""name_2"":""Darjiling""}]",2015-07-15,2025-12-20,2015-06-23,2015-06-30
2015-0504-IND,No,Natural,Hydrological,Flood,Flood (General),NULL,IND,India,Southern Asia,Asia,"Chittoor, Cuddapah, Prakasam, Nellore districts (Andhra Pradesh province), Chennai, Cuddalore, Nagapattinam, Kancheepuram, Thiruvallur, Villupuram districts (Tamil Nadu province), Puducherry province",Tropical depression 'Rovan',NULL,No,NULL,93202.05,Km2,11.828,78.855,NULL,325.0,1000.0,1800000.0,NULL,1801000.0,755000.0,1025525.0,2200000.0,2988286.0,73.62080294,"[{""adm1_code"":70080,""adm1_name"":""Puducherry""},{""adm2_code"":17549,""adm2_name"":""Chittoor""},{""adm2_code"":17550,""adm2_name"":""Cuddapah""},{""adm2_code"":17561,""adm2_name"":""Nellore""},{""adm2_code"":17563,""adm2_name"":""Prakasam""},{""adm2_code"":70242,""adm2_name"":""Chennai""},{""adm2_code"":70243,""adm2_name"":""Cuddalore""},{""adm2_code"":70244,""adm2_name"":""Kancheepuram""},{""adm2_code"":70247,""adm2_name"":""Nagapattinam""},{""adm2_code"":70251,""adm2_name"":""Thiruvallur""},{""adm2_code"":70255,""adm2_name"":""Villupuram""}]","[{""gid_1"":""IND.27_1"",""migration_date"":""2025-12-20"",""migration_method"":""jaccard1"",""name_1"":""Puducherry""},{""gid_2"":""IND.2.13_1"",""migration_date"":""2025-12-20"",""migration_method"":""jaccard2"",""name_2"":""Y.S.R.""},{""gid_2"":""IND.2.2_1"",""migration_date"":""2025-12-20"",""migration_method"":""jaccard2"",""name_2"":""Chittoor""},{""gid_2"":""IND.2.7_1"",""migration_date"":""2025-12-20"",""migration_method"":""jaccard2"",""name_2"":""Nellore""},{""gid_2"":""IND.2.8_1"",""migration_date"":""2025-12-20"",""migration_method"":""jaccard2"",""name_2"":""Prakasam""},{""gid_2"":""IND.31.13_1"",""migration_date"":""2025-12-20"",""migration_method"":""puzzle2_2"",""name_2"":""Nagappattinam""},{""gid_2"":""IND.31.23_1"",""migration_date"":""2025-12-20"",""migration_method"":""jaccard2"",""name_2"":""Thiruvallur""},{""gid_2"":""IND.31.24_1"",""migration_date"":""2025-12-20"",""migration_method"":""puzzle2_2"",""name_2"":""Thiruvarur""},{""gid_2"":""IND.31.2_1"",""migration_date"":""2025-12-20"",""migration_method"":""jaccard2"",""name_2"":""Chennai""},{""gid_2"":""IND.31.31_1"",""migration_date"":""2025-12-20"",""migration_method"":""jaccard2"",""name_2"":""Viluppuram""},{""gid_2"":""IND.31.4_1"",""migration_date"":""2025-12-20"",""migration_method"":""jaccard2"",""name_2"":""Cuddalore""},{""gid_2"":""IND.31.8_1"",""migration_date"":""2025-12-20"",""migration_method"":""jaccard2"",""name_2"":""Kancheepuram""}]",2015-11-16,2025-12-20,2015-11-08,2015-12-04
2016-0267-IND,No,Natural,Hydrological,Flood,Flash flood,NULL,IND,India,Southern Asia,Asia,"Lakhimpur, Golaghat, Jorhat, Barpeta, Bongaigaon, Goalpara, Dhubri, Marigaon, Darrang, Nalbari districts (Assam province)",Monsoonal rain,NULL,No,NULL,NULL,Km2,NULL,NULL,"Brahmaputra, Barak Rivers",50.0,NULL,NULL,2000000.0,2000000.0,NULL,NULL,150000.0,201208.0,74.54960299,"[{""adm2_code"":17576,""adm2_name"":""Barpeta""},{""adm2_code"":17578,""adm2_name"":""Darrang""},{""adm2_code"":17579,""adm2_name"":""Dhuburi""},{""adm2_code"":17581,""adm2_name"":""Goalpara""},{""adm2_code"":17582,""adm2_name"":""Golaghat""},{""adm2_code"":17590,""adm2_name"":""Nalbari""},{""adm2_code"":70086,""adm2_name"":""Bongaigaon""},{""adm2_code"":70089,""adm2_name"":""Jorhat""},{""adm2_code"":70091,""adm2_name"":""Lakhimpur""},{""adm2_code"":70092,""adm2_name"":""Marigaon""}]","[{""gid_1"":""IND.4_1"",""migration_date"":""2025-12-20"",""migration_method"":""parent2_1"",""name_1"":""Assam""}]",2016-08-04,2025-12-20,2016-07-28,2016-07-30
2016-0485-IND,No,Natural,Meteorological,Storm,Tropical cyclone,Cyclone 'Vardah',IND,India,Southern Asia,Asia,Chennai district (Tamil Nadu province); Andhra Pradesh,NULL,Flood,No,NULL,140.0,Kph,NULL,NULL,NULL,24.0,NULL,NULL,NULL,NULL,200000.0,268278.0,1000000.0,1341389.0,74.54960299,"[{""adm1_code"":1485,""adm1_name"":""Andhra Pradesh""},{""adm2_code"":70242,""adm2_name"":""Chennai""}]","[{""gid_1"":""IND.2_1"",""migration_date"":""2025-12-20"",""migration_method"":""puzzle1_1"",""name_1"":""Andhra Pradesh""},{""gid_1"":""IND.32_1"",""migration_date"":""2025-12-20"",""migration_method"":""puzzle1_1"",""name_1"":""Telangana""},{""gid_2"":""IND.31.2_1"",""migration_date"":""2025-12-20"",""migration_method"":""jaccard2"",""name_2"":""Chennai""}]",2016-12-13,2025-12-20,2016-12-12,2016-12-14
2017-0046-IND,No,Natural,Hydrological,Mass movement (wet),Avalanche (wet),NULL,IND,India,Southern Asia,Asia,"Sonamanrg (Ganderbal district), Gurez Valleys (Jammu and Kashmir state)",Heavy snow,NULL,No,NULL,NULL,NULL,NULL,NULL,NULL,28.0,NULL,NULL,NULL,NULL,NULL,NULL,NULL,NULL,76.13760371,"[{""adm1_code"":40424,""adm1_name"":""Administrative unit not available""},{""adm1_code"":40431,""adm1_name"":""Administrative unit not available""}]","[{""gid_2"":""Z01.14.12_1"",""migration_date"":""2025-12-20"",""migration_method"":""puzzle1_2"",""name_2"":""Kupwara""},{""gid_2"":""Z01.14.14_1"",""migration_date"":""2025-12-20"",""migration_method"":""puzzle1_2"",""name_2"":""Poonch""},{""gid_2"":""Z01.14.16_1"",""migration_date"":""2025-12-20"",""migration_method"":""puzzle1_2"",""name_2"":""Rajouri""},{""gid_2"":""Z01.14.18_1"",""migration_date"":""2025-12-20"",""migration_method"":""puzzle1_2"",""name_2"":""Reasi""},{""gid_2"":""Z01.14.21_1"",""migration_date"":""2025-12-20"",""migration_method"":""puzzle1_2"",""name_2"":""Srinagar""},{""gid_2"":""Z01.14.22_1"",""migration_date"":""2025-12-20"",""migration_method"":""puzzle1_2"",""name_2"":""Udhampur""},{""gid_2"":""Z01.14.2_1"",""migration_date"":""2025-12-20"",""migration_method"":""puzzle1_2"",""name_2"":""Badgam""},{""gid_2"":""Z01.14.3_1"",""migration_date"":""2025-12-20"",""migration_method"":""puzzle1_2"",""name_2"":""Bandipore""},{""gid_2"":""Z01.14.4_1"",""migration_date"":""2025-12-20"",""migration_method"":""puzzle1_2"",""name_2"":""Baramulla""},{""gid_2"":""Z01.14.6_1"",""migration_date"":""2025-12-20"",""migration_method"":""puzzle1_2"",""name_2"":""Ganderbal""}]",2017-02-09,2025-12-20,2017-01-25,2017-01-26
2017-0364-IND,No,Natural,Hydrological,Flood,Flash flood,NULL,IND,India,Southern Asia,Asia,"Mumbai (Dadar, Khar, Bandra, Lalbaug, Kalina, Sion, Byculla, Matunga, Wadala, Parel, Khar-Danda, Pali Hill, Carter Road, Bandra, Ghatkopar, Bhandup, Mulund, and Santacruz), Thane (Maharashtra)",Torrential rains,NULL,No,NULL,NULL,Km2,NULL,NULL,NULL,14.0,12.0,NULL,NULL,12.0,78000.0,102446.0,300000.0,394023.0,76.13760371,"[{""adm2_code"":17783,""adm2_name"":""Thane""},{""adm2_code"":70183,""adm2_name"":""Mumbai Suburban""},{""adm2_code"":70184,""adm2_name"":""Mumbai city""}]","[{""gid_2"":""IND.20.17_1"",""migration_date"":""2025-12-20"",""migration_method"":""jaccard2"",""name_2"":""Mumbai City""},{""gid_2"":""IND.20.18_1"",""migration_date"":""2025-12-20"",""migration_method"":""jaccard2"",""name_2"":""Mumbai Suburban""},{""gid_2"":""IND.20.24_1"",""migration_date"":""2025-12-20"",""migration_method"":""puzzle2_2"",""name_2"":""Palghar""},{""gid_2"":""IND.20.33_1"",""migration_date"":""2025-12-20"",""migration_method"":""puzzle2_2"",""name_2"":""Thane""}]",2017-08-29,2025-12-20,2017-08-29,2017-08-29
2017-0569-IND,No,Natural,Meteorological,Storm,Lightning/Thunderstorms,NULL,IND,India,Southern Asia,Asia,"Jamui, Champaran, Vaishali, Samastipur, Bihar",NULL,NULL,No,NULL,NULL,Kph,NULL,NULL,NULL,29.0,NULL,1250.0,NULL,1250.0,NULL,NULL,NULL,NULL,76.13760371,"[{""adm2_code"":17618,""adm2_name"":""Pashchim Champaran""},{""adm2_code"":17620,""adm2_name"":""Purba Champaran""},{""adm2_code"":17626,""adm2_name"":""Samastipur""},{""adm2_code"":17632,""adm2_name"":""Vaishali""},{""adm2_code"":70099,""adm2_name"":""Jamui""}]","[{""gid_2"":""IND.5.12_1"",""migration_date"":""2025-12-20"",""migration_method"":""jaccard2"",""name_2"":""Jamui""},{""gid_2"":""IND.5.25_1"",""migration_date"":""2025-12-20"",""migration_method"":""jaccard2"",""name_2"":""Pashchim Champaran""},{""gid_2"":""IND.5.27_1"",""migration_date"":""2025-12-20"",""migration_method"":""jaccard2"",""name_2"":""Purba Champaran""},{""gid_2"":""IND.5.31_1"",""migration_date"":""2025-12-20"",""migration_method"":""jaccard2"",""name_2"":""Samastipur""},{""gid_2"":""IND.5.38_1"",""migration_date"":""2025-12-20"",""migration_method"":""jaccard2"",""name_2"":""Vaishali""}]",2018-04-12,2025-12-20,2017-05-28,2017-05-28
2018-0049-IND,No,Natural,Meteorological,Extreme temperature,Cold wave,NULL,IND,India,Southern Asia,Asia,New Delhi,NULL,Fog,No,NULL,4.2,°C,NULL,NULL,NULL,44.0,NULL,NULL,NULL,NULL,NULL,NULL,NULL,NULL,77.99726519,"[{""adm2_code"":17633,""adm2_name"":""Delhi""}]","[{""gid_2"":""IND.25.1_1"",""migration_date"":""2025-12-20"",""migration_method"":""jaccard2"",""name_2"":""West""}]",2018-02-27,2025-12-20,2018-01-01,2018-02-07
2018-0137-IND,No,Natural,Meteorological,Storm,Lightning/Thunderstorms,NULL,IND,India,Southern Asia,Asia,"Uttar Pradesh, Rajasthan",NULL,NULL,No,NULL,NULL,Kph,NULL,NULL,NULL,42.0,200.0,NULL,NULL,200.0,NULL,NULL,100000.0,128210.0,77.99726519,"[{""adm1_code"":1506,""adm1_name"":""Rajasthan""},{""adm1_code"":70081,""adm1_name"":""Uttar Pradesh""}]","[{""gid_1"":""IND.29_1"",""migration_date"":""2025-12-20"",""migration_method"":""jaccard1"",""name_1"":""Rajasthan""},{""gid_1"":""IND.34_1"",""migration_date"":""2025-12-20"",""migration_method"":""jaccard1"",""name_1"":""Uttar Pradesh""}]",2018-05-11,2025-12-20,2018-04-11,2018-04-11
2018-0138-IND,No,Natural,Meteorological,Storm,Lightning/Thunderstorms,NULL,IND,India,Southern Asia,Asia,Kolkata,NULL,NULL,No,NULL,NULL,Kph,NULL,NULL,NULL,18.0,50.0,22000.0,NULL,22050.0,NULL,NULL,100000.0,128210.0,77.99726519,"[{""adm2_code"":70292,""adm2_name"":""Kolkata""}]","[{""gid_2"":""IND.36.11_1"",""migration_date"":""2025-12-20"",""migration_method"":""jaccard2"",""name_2"":""Kolkata""}]",2018-05-11,2025-12-20,2018-04-17,2018-04-17
2018-0199-IND,No,Natural,Meteorological,Storm,Lightning/Thunderstorms,NULL,IND,India,Southern Asia,Asia,"Uttar Pradesh, Kerala, Maharashtra, Mizoram, Rajasthan",NULL,"Slide (land, mud, snow, rock)",No,NULL,100.0,Kph,NULL,NULL,NULL,42.0,NULL,NULL,NULL,NULL,NULL,NULL,NULL,NULL,77.99726519,"[{""adm1_code"":1495,""adm1_name"":""Kerala""},{""adm1_code"":1498,""adm1_name"":""Maharashtra""},{""adm1_code"":1502,""adm1_name"":""Mizoram""},{""adm1_code"":1506,""adm1_name"":""Rajasthan""},{""adm1_code"":70081,""adm1_name"":""Uttar Pradesh""}]","[{""gid_1"":""IND.17_1"",""migration_date"":""2025-12-20"",""migration_method"":""jaccard1"",""name_1"":""Kerala""},{""gid_1"":""IND.20_1"",""migration_date"":""2025-12-20"",""migration_method"":""jaccard1"",""name_1"":""Maharashtra""},{""gid_1"":""IND.23_1"",""migration_date"":""2025-12-20"",""migration_method"":""jaccard1"",""name_1"":""Mizoram""},{""gid_1"":""IND.29_1"",""migration_date"":""2025-12-20"",""migration_method"":""jaccard1"",""name_1"":""Rajasthan""},{""gid_1"":""IND.34_1"",""migration_date"":""2025-12-20"",""migration_method"":""jaccard1"",""name_1"":""Uttar Pradesh""}]",2018-07-19,2025-12-20,2018-06-01,2018-06-06
2018-0202-IND,No,Natural,Meteorological,Storm,Storm (General),NULL,IND,India,Southern Asia,Asia,"Uttar Pradesh, West Bengal, Assam, Tripura, Manipur, Mizoram",NULL,"Flood|Slide (land, mud, snow, rock)",No,NULL,NULL,Kph,NULL,NULL,NULL,61.0,NULL,NULL,NULL,NULL,NULL,NULL,50000.0,64105.0,77.99726519,"[{""adm1_code"":1487,""adm1_name"":""Assam""},{""adm1_code"":1500,""adm1_name"":""Manipur""},{""adm1_code"":1502,""adm1_name"":""Mizoram""},{""adm1_code"":1509,""adm1_name"":""Tripura""},{""adm1_code"":1511,""adm1_name"":""West Bengal""},{""adm1_code"":70081,""adm1_name"":""Uttar Pradesh""}]","[{""gid_1"":""IND.21_1"",""migration_date"":""2025-12-20"",""migration_method"":""jaccard1"",""name_1"":""Manipur""},{""gid_1"":""IND.23_1"",""migration_date"":""2025-12-20"",""migration_method"":""jaccard1"",""name_1"":""Mizoram""},{""gid_1"":""IND.33_1"",""migration_date"":""2025-12-20"",""migration_method"":""jaccard1"",""name_1"":""Tripura""},{""gid_1"":""IND.34_1"",""migration_date"":""2025-12-20"",""migration_method"":""jaccard1"",""name_1"":""Uttar Pradesh""},{""gid_1"":""IND.36_1"",""migration_date"":""2025-12-20"",""migration_method"":""jaccard1"",""name_1"":""West Bengal""},{""gid_1"":""IND.4_1"",""migration_date"":""2025-12-20"",""migration_method"":""jaccard1"",""name_1"":""Assam""}]",2018-07-19,2025-12-20,2018-06-08,2018-06-12
2018-0205-IND,No,Natural,Hydrological,Flood,Flood (General),NULL,IND,India,Southern Asia,Asia,"Assam, Maharashtra, Gujarat",Monsoonal rain,NULL,No,NULL,NULL,Km2,NULL,NULL,NULL,52.0,NULL,NULL,NULL,NULL,NULL,NULL,NULL,NULL,77.99726519,"[{""adm1_code"":1487,""adm1_name"":""Assam""},{""adm1_code"":1491,""adm1_name"":""Gujarat""},{""adm1_code"":1498,""adm1_name"":""Maharashtra""}]","[{""gid_1"":""IND.11_1"",""migration_date"":""2025-12-20"",""migration_method"":""jaccard1"",""name_1"":""Gujarat""},{""gid_1"":""IND.20_1"",""migration_date"":""2025-12-20"",""migration_method"":""jaccard1"",""name_1"":""Maharashtra""},{""gid_1"":""IND.4_1"",""migration_date"":""2025-12-20"",""migration_method"":""jaccard1"",""name_1"":""Assam""}]",2018-07-19,2025-12-20,2018-06-22,2018-07-03
2018-0213-IND,No,Natural,Hydrological,Flood,Flash flood,NULL,IND,India,Southern Asia,Asia,Tripura state,Heavy rains,NULL,No,NULL,NULL,Km2,NULL,NULL,NULL,15.0,24.0,11704.0,NULL,11728.0,NULL,NULL,10000.0,12821.0,77.99726519,"[{""adm1_code"":1509,""adm1_name"":""Tripura""}]","[{""gid_1"":""IND.33_1"",""migration_date"":""2025-12-20"",""migration_method"":""jaccard1"",""name_1"":""Tripura""}]",2018-07-20,2025-12-20,2018-05-17,2018-05-20
2018-0295-IND,No,Natural,Hydrological,Flood,Flash flood,NULL,IND,India,Southern Asia,Asia,"Thrissur, Chengannur (Kerala state); West Bengal, Odisha, Assam, Nagaland, Uttar Pradesh, Himachal Pradesh, Maharashtra states",Monsoonal rains,"Broken Dam/Burst bank|Slide (land, mud, snow, rock)",No,NULL,NULL,Km2,NULL,NULL,NULL,504.0,NULL,23000000.0,220000.0,23220000.0,NULL,NULL,2852480.0,3657154.0,77.99726519,"[{""adm1_code"":1487,""adm1_name"":""Assam""},{""adm1_code"":1493,""adm1_name"":""Himachal Pradesh""},{""adm1_code"":1498,""adm1_name"":""Maharashtra""},{""adm1_code"":1503,""adm1_name"":""Nagaland""},{""adm1_code"":1504,""adm1_name"":""Orissa""},{""adm1_code"":1511,""adm1_name"":""West Bengal""},{""adm1_code"":70081,""adm1_name"":""Uttar Pradesh""},{""adm2_code"":17708,""adm2_name"":""Thrissur""},{""adm2_code"":70298,""adm2_name"":""Alappuzha""}]","[{""gid_1"":""IND.13_1"",""migration_date"":""2025-12-20"",""migration_method"":""jaccard1"",""name_1"":""Himachal Pradesh""},{""gid_1"":""IND.20_1"",""migration_date"":""2025-12-20"",""migration_method"":""jaccard1"",""name_1"":""Maharashtra""},{""gid_1"":""IND.24_1"",""migration_date"":""2025-12-20"",""migration_method"":""jaccard1"",""name_1"":""Nagaland""},{""gid_1"":""IND.26_1"",""migration_date"":""2025-12-20"",""migration_method"":""jaccard1"",""name_1"":""Odisha""},{""gid_1"":""IND.34_1"",""migration_date"":""2025-12-20"",""migration_method"":""jaccard1"",""name_1"":""Uttar Pradesh""},{""gid_1"":""IND.36_1"",""migration_date"":""2025-12-20"",""migration_method"":""jaccard1"",""name_1"":""West Bengal""},{""gid_1"":""IND.4_1"",""migration_date"":""2025-12-20"",""migration_method"":""jaccard1"",""name_1"":""Assam""},{""gid_2"":""IND.17.13_1"",""migration_date"":""2025-12-20"",""migration_method"":""jaccard2"",""name_2"":""Thrissur""},{""gid_2"":""IND.17.1_1"",""migration_date"":""2025-12-20"",""migration_method"":""jaccard2"",""name_2"":""Alappuzha""}]",2018-08-13,2025-12-20,2018-08-07,2018-08-20
2018-0431-IND,No,Natural,Meteorological,Storm,Tropical cyclone,Cyclone 'Gaja',IND,India,Southern Asia,Asia,"Tamil Nadu, Nagapattinam, Tiruvarur, Thanjavur, Pudukottai, Dindigul and Ramnad, Chennai, Sivaganga, Theni, Madurai districts",NULL,NULL,No,NULL,120.0,Kph,NULL,NULL,NULL,45.0,NULL,500000.0,NULL,500000.0,NULL,NULL,775000.0,993625.0,77.99726519,"[{""adm2_code"":17876,""adm2_name"":""Pudukkottai""},{""adm2_code"":17877,""adm2_name"":""Dindigul""},{""adm2_code"":17878,""adm2_name"":""Ramanathapuram""},{""adm2_code"":17881,""adm2_name"":""Thanjavur""},{""adm2_code"":17882,""adm2_name"":""Sivaganga""},{""adm2_code"":70242,""adm2_name"":""Chennai""},{""adm2_code"":70246,""adm2_name"":""Madurai""},{""adm2_code"":70247,""adm2_name"":""Nagapattinam""},{""adm2_code"":70250,""adm2_name"":""Theni""},{""adm2_code"":70251,""adm2_name"":""Thiruvallur""},{""adm2_code"":70253,""adm2_name"":""Tiruvannamalai""}]","[{""gid_2"":""IND.31.12_1"",""migration_date"":""2025-12-20"",""migration_method"":""jaccard2"",""name_2"":""Madurai""},{""gid_2"":""IND.31.13_1"",""migration_date"":""2025-12-20"",""migration_method"":""puzzle2_2"",""name_2"":""Nagappattinam""},{""gid_2"":""IND.31.16_1"",""migration_date"":""2025-12-20"",""migration_method"":""jaccard2"",""name_2"":""Pudukkottai""},{""gid_2"":""IND.31.17_1"",""migration_date"":""2025-12-20"",""migration_method"":""jaccard2"",""name_2"":""Ramanathapuram""},{""gid_2"":""IND.31.19_1"",""migration_date"":""2025-12-20"",""migration_method"":""jaccard2"",""name_2"":""Sivaganga""},{""gid_2"":""IND.31.20_1"",""migration_date"":""2025-12-20"",""migration_method"":""jaccard2"",""name_2"":""Thanjavur""},{""gid_2"":""IND.31.22_1"",""migration_date"":""2025-12-20"",""migration_method"":""jaccard2"",""name_2"":""Theni""},{""gid_2"":""IND.31.23_1"",""migration_date"":""2025-12-20"",""migration_method"":""jaccard2"",""name_2"":""Thiruvallur""},{""gid_2"":""IND.31.24_1"",""migration_date"":""2025-12-20"",""migration_method"":""puzzle2_2"",""name_2"":""Thiruvarur""},{""gid_2"":""IND.31.29_1"",""migration_date"":""2025-12-20"",""migration_method"":""jaccard2"",""name_2"":""Tiruvannamalai""},{""gid_2"":""IND.31.2_1"",""migration_date"":""2025-12-20"",""migration_method"":""jaccard2"",""name_2"":""Chennai""},{""gid_2"":""IND.31.6_1"",""migration_date"":""2025-12-20"",""migration_method"":""jaccard2"",""name_2"":""Dindigul""}]",2018-11-27,2025-12-20,2018-11-16,2018-11-16
2019-0288-IND,No,Natural,Hydrological,Flood,Flood (General),NULL,IND,India,Southern Asia,Asia,"Mumbai, Pune, Ratnagiri Districts (Maharashtra State)",Monsoon,Broken Dam/Burst bank,No,NULL,NULL,Km2,NULL,NULL,NULL,52.0,60.0,NULL,NULL,60.0,NULL,NULL,NULL,NULL,79.4107846,"[{""adm2_code"":17776,""adm2_name"":""Pune""},{""adm2_code"":17778,""adm2_name"":""Ratnagiri""},{""adm2_code"":70184,""adm2_name"":""Mumbai city""}]","[{""gid_2"":""IND.20.17_1"",""migration_date"":""2025-12-20"",""migration_method"":""jaccard2"",""name_2"":""Mumbai City""},{""gid_2"":""IND.20.26_1"",""migration_date"":""2025-12-20"",""migration_method"":""jaccard2"",""name_2"":""Pune""},{""gid_2"":""IND.20.28_1"",""migration_date"":""2025-12-20"",""migration_method"":""jaccard2"",""name_2"":""Ratnagiri""}]",2019-07-05,2025-12-20,2019-06-28,2019-07-04
2019-0499-IND,No,Natural,Hydrological,Flood,Flood (General),NULL,IND,India,Southern Asia,Asia,"Belagavi, Gadag, Koppal districts (Karnataka); Kerala, Tamil Nadu states",Monsoon rain,"Slide (land, mud, snow, rock)",No,NULL,NULL,Km2,NULL,NULL,NULL,12.0,NULL,27500.0,NULL,27500.0,NULL,NULL,NULL,NULL,79.4107846,"[{""adm1_code"":1495,""adm1_name"":""Kerala""},{""adm1_code"":1508,""adm1_name"":""Tamil Nadu""},{""adm2_code"":17679,""adm2_name"":""Belgaum""},{""adm2_code"":70163,""adm2_name"":""Gadag""},{""adm2_code"":70165,""adm2_name"":""Koppal""}]","[{""gid_1"":""IND.17_1"",""migration_date"":""2025-12-20"",""migration_method"":""jaccard1"",""name_1"":""Kerala""},{""gid_1"":""IND.31_1"",""migration_date"":""2025-12-20"",""migration_method"":""jaccard1"",""name_1"":""Tamil Nadu""},{""gid_2"":""IND.16.15_1"",""migration_date"":""2025-12-20"",""migration_method"":""jaccard2"",""name_2"":""Gadag""},{""gid_2"":""IND.16.21_1"",""migration_date"":""2025-12-20"",""migration_method"":""jaccard2"",""name_2"":""Koppal""},{""gid_2"":""IND.16.4_1"",""migration_date"":""2025-12-20"",""migration_method"":""jaccard2"",""name_2"":""Belgaum""}]",2019-10-24,2025-12-20,2019-10-19,2019-10-23
2019-0574-IND,No,Natural,Hydrological,Flood,Flood (General),NULL,IND,India,Southern Asia,Asia,"Coimbatore, Cuddalore, Nagapattinam, Thoothukkudi Districts (Tamil Nadu); Pudducherry",Heavy rains,NULL,No,NULL,NULL,Km2,NULL,NULL,NULL,27.0,NULL,25000.0,NULL,25000.0,NULL,NULL,NULL,NULL,79.4107846,"[{""adm1_code"":70080,""adm1_name"":""Puducherry""},{""adm2_code"":17866,""adm2_name"":""Thoothukudi""},{""adm2_code"":17867,""adm2_name"":""Coimbatore""},{""adm2_code"":70243,""adm2_name"":""Cuddalore""},{""adm2_code"":70247,""adm2_name"":""Nagapattinam""}]","[{""gid_1"":""IND.27_1"",""migration_date"":""2025-12-20"",""migration_method"":""jaccard1"",""name_1"":""Puducherry""},{""gid_2"":""IND.31.13_1"",""migration_date"":""2025-12-20"",""migration_method"":""puzzle2_2"",""name_2"":""Nagappattinam""},{""gid_2"":""IND.31.24_1"",""migration_date"":""2025-12-20"",""migration_method"":""puzzle2_2"",""name_2"":""Thiruvarur""},{""gid_2"":""IND.31.25_1"",""migration_date"":""2025-12-20"",""migration_method"":""jaccard2"",""name_2"":""Thoothukkudi""},{""gid_2"":""IND.31.28_1"",""migration_date"":""2025-12-20"",""migration_method"":""puzzle2_2"",""name_2"":""Tiruppur""},{""gid_2"":""IND.31.3_1"",""migration_date"":""2025-12-20"",""migration_method"":""puzzle2_2"",""name_2"":""Coimbatore""},{""gid_2"":""IND.31.4_1"",""migration_date"":""2025-12-20"",""migration_method"":""jaccard2"",""name_2"":""Cuddalore""}]",2019-12-04,2025-12-20,2019-11-29,2019-12-04
2020-0057-IND,No,Natural,Meteorological,Storm,Blizzard/Winter storm,NULL,IND,India,Southern Asia,Asia,Jammu & Kashmir state,NULL,"Avalanche (Snow, Debris)",No,NULL,NULL,Kph,NULL,NULL,NULL,11.0,NULL,NULL,NULL,NULL,NULL,NULL,NULL,NULL,80.39038301,"[{""adm1_code"":40408,""adm1_name"":""Administrative unit not available""},{""adm1_code"":40409,""adm1_name"":""Administrative unit not available""},{""adm1_code"":40422,""adm1_name"":""Administrative unit not available""},{""adm1_code"":40423,""adm1_name"":""Administrative unit not available""},{""adm1_code"":40424,""adm1_name"":""Administrative unit not available""},{""adm1_code"":40425,""adm1_name"":""Administrative unit not available""},{""adm1_code"":40426,""adm1_name"":""Administrative unit not available""},{""adm1_code"":40427,""adm1_name"":""Administrative unit not available""},{""adm1_code"":40428,""adm1_name"":""Administrative unit not available""},{""adm1_code"":40429,""adm1_name"":""Administrative unit not available""},{""adm1_code"":40430,""adm1_name"":""Administrative unit not available""},{""adm1_code"":40431,""adm1_name"":""Administrative unit not available""}]","[{""gid_1"":""Z06.1_1"",""migration_date"":""2025-12-20"",""migration_method"":""jaccard1"",""name_1"":""Azad Kashmir""},{""gid_1"":""Z06.6_1"",""migration_date"":""2025-12-20"",""migration_method"":""jaccard1"",""name_1"":""Gilgit-Baltistan""},{""gid_2"":""Z01.14.10_1"",""migration_date"":""2025-12-20"",""migration_method"":""puzzle1_2"",""name_2"":""Kishtwar""},{""gid_2"":""Z01.14.12_1"",""migration_date"":""2025-12-20"",""migration_method"":""puzzle1_2"",""name_2"":""Kupwara""},{""gid_2"":""Z01.14.13_1"",""migration_date"":""2025-12-20"",""migration_method"":""puzzle1_2"",""name_2"":""Leh (Ladakh)""},{""gid_2"":""Z01.14.14_1"",""migration_date"":""2025-12-20"",""migration_method"":""puzzle1_2"",""name_2"":""Poonch""},{""gid_2"":""Z01.14.16_1"",""migration_date"":""2025-12-20"",""migration_method"":""puzzle1_2"",""name_2"":""Rajouri""},{""gid_2"":""Z01.14.17_1"",""migration_date"":""2025-12-20"",""migration_method"":""puzzle1_2"",""name_2"":""Ramban""},{""gid_2"":""Z01.14.18_1"",""migration_date"":""2025-12-20"",""migration_method"":""puzzle1_2"",""name_2"":""Reasi""},{""gid_2"":""Z01.14.19_1"",""migration_date"":""2025-12-20"",""migration_method"":""puzzle1_2"",""name_2"":""Samba""},{""gid_2"":""Z01.14.21_1"",""migration_date"":""2025-12-20"",""migration_method"":""puzzle1_2"",""name_2"":""Srinagar""},{""gid_2"":""Z01.14.22_1"",""migration_date"":""2025-12-20"",""migration_method"":""puzzle1_2"",""name_2"":""Udhampur""},{""gid_2"":""Z01.14.2_1"",""migration_date"":""2025-12-20"",""migration_method"":""puzzle1_2"",""name_2"":""Badgam""},{""gid_2"":""Z01.14.3_1"",""migration_date"":""2025-12-20"",""migration_method"":""puzzle1_2"",""name_2"":""Bandipore""},{""gid_2"":""Z01.14.4_1"",""migration_date"":""2025-12-20"",""migration_method"":""puzzle1_2"",""name_2"":""Baramulla""},{""gid_2"":""Z01.14.5_1"",""migration_date"":""2025-12-20"",""migration_method"":""puzzle1_2"",""name_2"":""Doda""},{""gid_2"":""Z01.14.6_1"",""migration_date"":""2025-12-20"",""migration_method"":""puzzle1_2"",""name_2"":""Ganderbal""},{""gid_2"":""Z01.14.7_1"",""migration_date"":""2025-12-20"",""migration_method"":""puzzle1_2"",""name_2"":""Jammu""},{""gid_2"":""Z01.14.8_1"",""migration_date"":""2025-12-20"",""migration_method"":""puzzle1_2"",""name_2"":""Kargil""},{""gid_2"":""Z01.14.9_1"",""migration_date"":""2025-12-20"",""migration_method"":""puzzle1_2"",""name_2"":""Kathua""}]",2020-02-12,2025-12-20,2020-01-11,2020-01-14
2020-0198-IND,No,Natural,Hydrological,Flood,Flood (General),NULL,IND,India,Southern Asia,Asia,Uttar Pradesh State,Heavy rains,NULL,No,NULL,NULL,Km2,NULL,NULL,NULL,29.0,NULL,NULL,NULL,NULL,NULL,NULL,10000.0,12439.0,80.39038301,"[{""adm1_code"":70081,""adm1_name"":""Uttar Pradesh""}]","[{""gid_1"":""IND.34_1"",""migration_date"":""2025-12-20"",""migration_method"":""jaccard1"",""name_1"":""Uttar Pradesh""}]",2020-05-13,2025-12-20,2020-05-10,2020-05-13
2020-0211-IND,No,Natural,Meteorological,Storm,Tropical cyclone,Cyclone 'Amphan',IND,India,Southern Asia,Asia,"Balasore (Baleshwar) , Bhadrak, Kendrapada and Jagatsinghpur (Odisha); East Midunapur, West Midhunapur, North24 Parganas, South24 Parganas, Nadia, Howrah, Kolkata and Hoogli (West Bengal)",NULL,NULL,No,NULL,185.0,Kph,NULL,NULL,NULL,90.0,NULL,18000000.0,NULL,18000000.0,NULL,NULL,13500000.0,16793053.0,80.39038301,"[{""adm2_code"":70207,""adm2_name"":""Baleshwar""},{""adm2_code"":70209,""adm2_name"":""Bhadrak""},{""adm2_code"":70214,""adm2_name"":""Jagatsinghpur""},{""adm2_code"":70218,""adm2_name"":""Kendrapara""},{""adm2_code"":17949,""adm2_name"":""Haora""},{""adm2_code"":17950,""adm2_name"":""Hugli""},{""adm2_code"":17956,""adm2_name"":""Nadia""},{""adm2_code"":70291,""adm2_name"":""East Midnapore""},{""adm2_code"":70292,""adm2_name"":""Kolkata""},{""adm2_code"":70293,""adm2_name"":""North 24 Parganas""},{""adm2_code"":70294,""adm2_name"":""South 24 Parganas""},{""adm2_code"":70296,""adm2_name"":""West Midnapore""}]","[{""gid_2"":""IND.26.12_1"",""migration_date"":""2025-12-20"",""migration_method"":""jaccard2"",""name_2"":""Jagatsinghapur""},{""gid_2"":""IND.26.17_1"",""migration_date"":""2025-12-20"",""migration_method"":""jaccard2"",""name_2"":""Kendrapara""},{""gid_2"":""IND.26.3_1"",""migration_date"":""2025-12-20"",""migration_method"":""jaccard2"",""name_2"":""Baleshwar""},{""gid_2"":""IND.26.6_1"",""migration_date"":""2025-12-20"",""migration_method"":""jaccard2"",""name_2"":""Bhadrak""},{""gid_2"":""IND.36.11_1"",""migration_date"":""2025-12-20"",""migration_method"":""jaccard2"",""name_2"":""Kolkata""},{""gid_2"":""IND.36.14_1"",""migration_date"":""2025-12-20"",""migration_method"":""jaccard2"",""name_2"":""Nadia""},{""gid_2"":""IND.36.15_1"",""migration_date"":""2025-12-20"",""migration_method"":""jaccard2"",""name_2"":""North 24 Parganas""},{""gid_2"":""IND.36.16_1"",""migration_date"":""2025-12-20"",""migration_method"":""jaccard2"",""name_2"":""Pashchim Medinipur""},{""gid_2"":""IND.36.17_1"",""migration_date"":""2025-12-20"",""migration_method"":""jaccard2"",""name_2"":""Purba Medinipur""},{""gid_2"":""IND.36.19_1"",""migration_date"":""2025-12-20"",""migration_method"":""jaccard2"",""name_2"":""South 24 Parganas""},{""gid_2"":""IND.36.7_1"",""migration_date"":""2025-12-20"",""migration_method"":""jaccard2"",""name_2"":""Haora""},{""gid_2"":""IND.36.8_1"",""migration_date"":""2025-12-20"",""migration_method"":""jaccard2"",""name_2"":""Hugli""}]",2020-05-27,2025-12-20,2020-05-20,2020-05-20
2020-0217-IND,No,Natural,Meteorological,Storm,Tropical cyclone,Cyclone 'Nisarga',IND,India,Southern Asia,Asia,"Raigad, Pune Districts (Maharashtra State)",NULL,NULL,No,NULL,120.0,Kph,NULL,NULL,NULL,6.0,NULL,7500.0,NULL,7500.0,NULL,NULL,820000.0,1020023.0,80.39038301,"[{""adm2_code"":17776,""adm2_name"":""Pune""},{""adm2_code"":17777,""adm2_name"":""Raigarh""}]","[{""gid_2"":""IND.20.26_1"",""migration_date"":""2025-12-20"",""migration_method"":""jaccard2"",""name_2"":""Pune""},{""gid_2"":""IND.20.27_1"",""migration_date"":""2025-12-20"",""migration_method"":""jaccard2"",""name_2"":""Raigarh""}]",2020-06-05,2025-12-20,2020-06-03,2020-06-03
2020-0220-IND,No,Natural,Hydrological,Mass movement (wet),Landslide (wet),NULL,IND,India,Southern Asia,Asia,"Barak Valley Region (southern Assam State, north-east India); Hailakandi ; Cachar; Karimganj Districts",Heavy ran,NULL,No,NULL,NULL,NULL,NULL,NULL,NULL,21.0,NULL,155850.0,NULL,155850.0,NULL,NULL,NULL,NULL,80.39038301,"[{""adm2_code"":17577,""adm2_name"":""Cachar""},{""adm2_code"":17585,""adm2_name"":""Karimganj""},{""adm2_code"":70088,""adm2_name"":""Hailakandi""}]","[{""gid_2"":""IND.4.13_1"",""migration_date"":""2025-12-20"",""migration_method"":""jaccard2"",""name_2"":""Hailakandi""},{""gid_2"":""IND.4.18_1"",""migration_date"":""2025-12-20"",""migration_method"":""jaccard2"",""name_2"":""Karimganj""},{""gid_2"":""IND.4.4_1"",""migration_date"":""2025-12-20"",""migration_method"":""jaccard2"",""name_2"":""Cachar""}]",2020-06-05,2025-12-20,2020-05-27,2020-06-02
2020-0304-IND,No,Natural,Hydrological,Flood,Flood (General),NULL,IND,India,Southern Asia,Asia,"Assam, Bihar, Gujarat, Chhattisgarh, Kerala, Karnataka, Madhya Pradesh, Odisha, Uttar Pradesh, West Bengal, Arunachal Pradesh, Maharashtraa.",Monsoon rain,"Slide (land, mud, snow, rock)",No,NULL,NULL,Km2,NULL,NULL,NULL,1922.0,NULL,1300000.0,NULL,1300000.0,800000.0,995144.0,7500000.0,9329474.0,80.39038301,"[{""adm1_code"":1487,""adm1_name"":""Assam""},{""adm1_code"":1491,""adm1_name"":""Gujarat""},{""adm1_code"":1494,""adm1_name"":""Karnataka""},{""adm1_code"":1495,""adm1_name"":""Kerala""},{""adm1_code"":1498,""adm1_name"":""Maharashtra""},{""adm1_code"":1504,""adm1_name"":""Orissa""},{""adm1_code"":1511,""adm1_name"":""West Bengal""},{""adm1_code"":70072,""adm1_name"":""Arunachal Pradesh""},{""adm1_code"":70073,""adm1_name"":""Bihar""},{""adm1_code"":70075,""adm1_name"":""Chhattisgarh""},{""adm1_code"":70079,""adm1_name"":""Madhya Pradesh""},{""adm1_code"":70081,""adm1_name"":""Uttar Pradesh""}]","[{""gid_1"":""IND.11_1"",""migration_date"":""2025-12-20"",""migration_method"":""jaccard1"",""name_1"":""Gujarat""},{""gid_1"":""IND.16_1"",""migration_date"":""2025-12-20"",""migration_method"":""jaccard1"",""name_1"":""Karnataka""},{""gid_1"":""IND.17_1"",""migration_date"":""2025-12-20"",""migration_method"":""jaccard1"",""name_1"":""Kerala""},{""gid_1"":""IND.19_1"",""migration_date"":""2025-12-20"",""migration_method"":""jaccard1"",""name_1"":""Madhya Pradesh""},{""gid_1"":""IND.20_1"",""migration_date"":""2025-12-20"",""migration_method"":""jaccard1"",""name_1"":""Maharashtra""},{""gid_1"":""IND.26_1"",""migration_date"":""2025-12-20"",""migration_method"":""jaccard1"",""name_1"":""Odisha""},{""gid_1"":""IND.34_1"",""migration_date"":""2025-12-20"",""migration_method"":""jaccard1"",""name_1"":""Uttar Pradesh""},{""gid_1"":""IND.36_1"",""migration_date"":""2025-12-20"",""migration_method"":""jaccard1"",""name_1"":""West Bengal""},{""gid_1"":""IND.3_1"",""migration_date"":""2025-12-20"",""migration_method"":""jaccard1"",""name_1"":""Arunachal Pradesh""},{""gid_1"":""IND.4_1"",""migration_date"":""2025-12-20"",""migration_method"":""jaccard1"",""name_1"":""Assam""},{""gid_1"":""IND.5_1"",""migration_date"":""2025-12-20"",""migration_method"":""jaccard1"",""name_1"":""Bihar""},{""gid_1"":""IND.7_1"",""migration_date"":""2025-12-20"",""migration_method"":""jaccard1"",""name_1"":""Chhattisgarh""}]",2020-08-04,2025-12-20,2020-06-01,2020-08-16
2020-0524-IND,No,Natural,Meteorological,Storm,Tropical cyclone,Cyclone Nivar,IND,India,Southern Asia,Asia,Tamil Nadu and Puducherry,NULL,Flood,No,NULL,NULL,Kph,NULL,NULL,NULL,14.0,NULL,NULL,NULL,NULL,NULL,NULL,600000.0,746358.0,80.39038301,"[{""adm1_code"":1508,""adm1_name"":""Tamil Nadu""},{""adm1_code"":70080,""adm1_name"":""Puducherry""}]","[{""gid_1"":""IND.27_1"",""migration_date"":""2025-12-20"",""migration_method"":""jaccard1"",""name_1"":""Puducherry""},{""gid_1"":""IND.31_1"",""migration_date"":""2025-12-20"",""migration_method"":""jaccard1"",""name_1"":""Tamil Nadu""}]",2020-12-01,2025-12-20,2020-11-25,2020-11-26
2021-0225-IND,No,Natural,Geophysical,Earthquake,Ground movement,NULL,IND,India,Southern Asia,Asia,"Kamrup and Nagaon (Sonitpur District, northern Assam State)",NULL,NULL,No,NULL,6.4,Moment Magnitude,26.781,92.457,NULL,2.0,10.0,3000.0,NULL,3010.0,NULL,NULL,NULL,NULL,84.16698296,"[{""adm2_code"":17593,""adm2_name"":""Sonitpur""}]","[{""gid_2"":""IND.4.25_1"",""migration_date"":""2025-12-20"",""migration_method"":""jaccard2"",""name_2"":""Sonitpur""}]",2021-04-29,2025-12-20,2021-04-28,2021-04-28
2021-0316-IND,No,Natural,Hydrological,Flood,Flood (General),NULL,IND,India,Southern Asia,Asia,"Bihar, Uttar Pradesh, Gujarat, Kerala, Karnataka, Uttarakhand, Maharashtra, Chhattisgarh, West Bengal, and Tripura states",Heavy rains,NULL,No,NULL,NULL,Km2,NULL,NULL,NULL,59.0,NULL,1000.0,NULL,1000.0,NULL,NULL,100000.0,118811.0,84.16698296,"[{""adm1_code"":1491,""adm1_name"":""Gujarat""},{""adm1_code"":1494,""adm1_name"":""Karnataka""},{""adm1_code"":1495,""adm1_name"":""Kerala""},{""adm1_code"":1498,""adm1_name"":""Maharashtra""},{""adm1_code"":1509,""adm1_name"":""Tripura""},{""adm1_code"":1511,""adm1_name"":""West Bengal""},{""adm1_code"":70073,""adm1_name"":""Bihar""},{""adm1_code"":70075,""adm1_name"":""Chhattisgarh""},{""adm1_code"":70081,""adm1_name"":""Uttar Pradesh""},{""adm1_code"":70082,""adm1_name"":""Uttarakhand""}]","[{""gid_1"":""IND.11_1"",""migration_date"":""2025-12-20"",""migration_method"":""jaccard1"",""name_1"":""Gujarat""},{""gid_1"":""IND.16_1"",""migration_date"":""2025-12-20"",""migration_method"":""jaccard1"",""name_1"":""Karnataka""},{""gid_1"":""IND.17_1"",""migration_date"":""2025-12-20"",""migration_method"":""jaccard1"",""name_1"":""Kerala""},{""gid_1"":""IND.20_1"",""migration_date"":""2025-12-20"",""migration_method"":""jaccard1"",""name_1"":""Maharashtra""},{""gid_1"":""IND.33_1"",""migration_date"":""2025-12-20"",""migration_method"":""jaccard1"",""name_1"":""Tripura""},{""gid_1"":""IND.34_1"",""migration_date"":""2025-12-20"",""migration_method"":""jaccard1"",""name_1"":""Uttar Pradesh""},{""gid_1"":""IND.35_1"",""migration_date"":""2025-12-20"",""migration_method"":""jaccard1"",""name_1"":""Uttarakhand""},{""gid_1"":""IND.36_1"",""migration_date"":""2025-12-20"",""migration_method"":""jaccard1"",""name_1"":""West Bengal""},{""gid_1"":""IND.5_1"",""migration_date"":""2025-12-20"",""migration_method"":""jaccard1"",""name_1"":""Bihar""},{""gid_1"":""IND.7_1"",""migration_date"":""2025-12-20"",""migration_method"":""jaccard1"",""name_1"":""Chhattisgarh""}]",2021-06-22,2025-12-20,2021-06-01,2021-06-30
2021-0585-IND,No,Natural,Hydrological,Flood,Flood (General),NULL,IND,India,Southern Asia,Asia,"Rajkot, Jamnagar, Porbandar, Valsad, Junagadh districts (Gujarat state)",Heavy rains,Broken Dam/Burst bank,No,NULL,NULL,Km2,NULL,NULL,NULL,7.0,NULL,850000.0,NULL,850000.0,NULL,NULL,NULL,NULL,84.16698296,"[{""adm2_code"":17641,""adm2_name"":""Jamnagar""},{""adm2_code"":17642,""adm2_name"":""Junagadh""},{""adm2_code"":17647,""adm2_name"":""Rajkot""},{""adm2_code"":17653,""adm2_name"":""Valsad""},{""adm2_code"":70130,""adm2_name"":""Porbandar""}]","[{""gid_2"":""IND.11.11_1"",""migration_date"":""2025-12-20"",""migration_method"":""puzzle2_2"",""name_2"":""Devbhumi Dwarka""},{""gid_2"":""IND.11.13_1"",""migration_date"":""2025-12-20"",""migration_method"":""puzzle2_2"",""name_2"":""Gir Somnath""},{""gid_2"":""IND.11.14_1"",""migration_date"":""2025-12-20"",""migration_method"":""puzzle2_2"",""name_2"":""Jamnagar""},{""gid_2"":""IND.11.15_1"",""migration_date"":""2025-12-20"",""migration_method"":""puzzle2_2"",""name_2"":""Junagadh""},{""gid_2"":""IND.11.20_1"",""migration_date"":""2025-12-20"",""migration_method"":""puzzle2_2"",""name_2"":""Morbi""},{""gid_2"":""IND.11.25_1"",""migration_date"":""2025-12-20"",""migration_method"":""jaccard2"",""name_2"":""Porbandar""},{""gid_2"":""IND.11.26_1"",""migration_date"":""2025-12-20"",""migration_method"":""puzzle2_2"",""name_2"":""Rajkot""},{""gid_2"":""IND.11.33_1"",""migration_date"":""2025-12-20"",""migration_method"":""jaccard2"",""name_2"":""Valsad""}]",2021-09-15,2025-12-20,2021-09-13,2021-09-15
2021-0645-IND,No,Natural,Meteorological,Storm,Tropical cyclone,Cyclone 'Shaheen',IND,India,Southern Asia,Asia,"Koraput and Malkangiri (Odisha); Srikakulam, Vizianagaram, Visakhapatnam districts (Andhra Pradesh); Telengana, Maharashtra, Gujarta",NULL,NULL,No,NULL,NULL,Kph,NULL,NULL,NULL,7.0,NULL,179000.0,NULL,179000.0,NULL,NULL,NULL,NULL,84.16698296,"[{""adm1_code"":1491,""adm1_name"":""Gujarat""},{""adm1_code"":1498,""adm1_name"":""Maharashtra""},{""adm2_code"":17547,""adm2_name"":""Adilabad""},{""adm2_code"":17553,""adm2_name"":""Hyderabad""},{""adm2_code"":17554,""adm2_name"":""Karimnagar""},{""adm2_code"":17558,""adm2_name"":""Mahbubnagar""},{""adm2_code"":17559,""adm2_name"":""Medak""},{""adm2_code"":17560,""adm2_name"":""Nalgonda""},{""adm2_code"":17562,""adm2_name"":""Nizamabad""},{""adm2_code"":17564,""adm2_name"":""Rangareddi""},{""adm2_code"":17565,""adm2_name"":""Srikakulam""},{""adm2_code"":17566,""adm2_name"":""Vishakhapatnam""},{""adm2_code"":17567,""adm2_name"":""Vizianagaram""},{""adm2_code"":17568,""adm2_name"":""Warangal""},{""adm2_code"":17814,""adm2_name"":""Koraput""},{""adm2_code"":70220,""adm2_name"":""Malkangiri""}]","[{""gid_1"":""IND.11_1"",""migration_date"":""2025-12-20"",""migration_method"":""jaccard1"",""name_1"":""Gujarat""},{""gid_1"":""IND.20_1"",""migration_date"":""2025-12-20"",""migration_method"":""jaccard1"",""name_1"":""Maharashtra""},{""gid_2"":""IND.2.10_1"",""migration_date"":""2025-12-20"",""migration_method"":""jaccard2"",""name_2"":""Visakhapatnam""},{""gid_2"":""IND.2.11_1"",""migration_date"":""2025-12-20"",""migration_method"":""jaccard2"",""name_2"":""Vizianagaram""},{""gid_2"":""IND.2.9_1"",""migration_date"":""2025-12-20"",""migration_method"":""jaccard2"",""name_2"":""Srikakulam""},{""gid_2"":""IND.26.20_1"",""migration_date"":""2025-12-20"",""migration_method"":""jaccard2"",""name_2"":""Koraput""},{""gid_2"":""IND.26.21_1"",""migration_date"":""2025-12-20"",""migration_method"":""jaccard2"",""name_2"":""Malkangiri""},{""gid_2"":""IND.32.10_1"",""migration_date"":""2025-12-20"",""migration_method"":""jaccard2"",""name_2"":""Warangal""},{""gid_2"":""IND.32.1_1"",""migration_date"":""2025-12-20"",""migration_method"":""jaccard2"",""name_2"":""Adilabad""},{""gid_2"":""IND.32.2_1"",""migration_date"":""2025-12-20"",""migration_method"":""jaccard2"",""name_2"":""Hyderabad""},{""gid_2"":""IND.32.3_1"",""migration_date"":""2025-12-20"",""migration_method"":""jaccard2"",""name_2"":""Karimnagar""},{""gid_2"":""IND.32.5_1"",""migration_date"":""2025-12-20"",""migration_method"":""jaccard2"",""name_2"":""Mahbubnagar""},{""gid_2"":""IND.32.6_1"",""migration_date"":""2025-12-20"",""migration_method"":""jaccard2"",""name_2"":""Medak""},{""gid_2"":""IND.32.7_1"",""migration_date"":""2025-12-20"",""migration_method"":""jaccard2"",""name_2"":""Nalgonda""},{""gid_2"":""IND.32.8_1"",""migration_date"":""2025-12-20"",""migration_method"":""jaccard2"",""name_2"":""Nizamabad""},{""gid_2"":""IND.32.9_1"",""migration_date"":""2025-12-20"",""migration_method"":""jaccard2"",""name_2"":""Ranga Reddy""}]",2021-11-05,2025-12-20,2021-10-03,2021-10-03
2021-0722-IND,No,Natural,Hydrological,Flood,Flood (General),NULL,IND,India,Southern Asia,Asia,Tamil Nadu,Heavy rains,NULL,No,NULL,NULL,Km2,NULL,NULL,NULL,14.0,NULL,11000.0,NULL,11000.0,NULL,NULL,NULL,NULL,84.16698296,"[{""adm1_code"":1508,""adm1_name"":""Tamil Nadu""}]","[{""gid_1"":""IND.31_1"",""migration_date"":""2025-12-20"",""migration_method"":""jaccard1"",""name_1"":""Tamil Nadu""}]",2021-11-08,2025-12-20,2021-11-06,2021-11-08
2021-0748-IND,No,Natural,Hydrological,Flood,Flood (General),NULL,IND,India,Southern Asia,Asia,"Chittoor, Kadapa, Anantapur, Nellore districts (Andhra Pradesh)",Heavy rains,Broken Dam/Burst bank,No,NULL,NULL,Km2,NULL,NULL,NULL,62.0,NULL,74500.0,NULL,74500.0,NULL,NULL,NULL,NULL,84.16698296,"[{""adm2_code"":17548,""adm2_name"":""Anantapur""},{""adm2_code"":17549,""adm2_name"":""Chittoor""},{""adm2_code"":17550,""adm2_name"":""Cuddapah""},{""adm2_code"":17561,""adm2_name"":""Nellore""}]","[{""gid_2"":""IND.2.13_1"",""migration_date"":""2025-12-20"",""migration_method"":""jaccard2"",""name_2"":""Y.S.R.""},{""gid_2"":""IND.2.1_1"",""migration_date"":""2025-12-20"",""migration_method"":""jaccard2"",""name_2"":""Anantapur""},{""gid_2"":""IND.2.2_1"",""migration_date"":""2025-12-20"",""migration_method"":""jaccard2"",""name_2"":""Chittoor""},{""gid_2"":""IND.2.7_1"",""migration_date"":""2025-12-20"",""migration_method"":""jaccard2"",""name_2"":""Nellore""}]",2021-11-23,2025-12-20,2021-11-18,2021-11-19
2022-0395-IND,No,Natural,Hydrological,Mass movement (wet),Landslide (wet),NULL,IND,India,Southern Asia,Asia,"Tapul village (Noney District, Manipur State); Mumbai",Heavy rains,NULL,No,NULL,NULL,NULL,NULL,NULL,NULL,67.0,NULL,NULL,NULL,NULL,NULL,NULL,NULL,NULL,90.90269746,"[{""adm1_code"":1500,""adm1_name"":""Manipur""},{""adm2_code"":70184,""adm2_name"":""Mumbai city""}]","[{""gid_1"":""IND.21_1"",""migration_date"":""2025-12-20"",""migration_method"":""jaccard1"",""name_1"":""Manipur""},{""gid_2"":""IND.20.17_1"",""migration_date"":""2025-12-20"",""migration_method"":""jaccard2"",""name_2"":""Mumbai City""}]",2022-07-05,2025-12-20,2022-06-30,2022-07-06
2020-0332-IND,No,Natural,Hydrological,Mass movement (wet),Landslide (wet),NULL,IND,India,Southern Asia,Asia,Idukki district (Kerala state),Heavy rains,NULL,No,NULL,NULL,NULL,NULL,NULL,NULL,70.0,NULL,NULL,NULL,NULL,NULL,NULL,NULL,NULL,80.39038301,"[{""adm2_code"":17700,""adm2_name"":""Idukki""}]","[{""gid_2"":""IND.17.3_1"",""migration_date"":""2025-12-20"",""migration_method"":""jaccard2"",""name_2"":""Idukki""}]",2020-08-12,2025-12-20,2020-08-07,2020-08-07
2020-0446-IND,No,Natural,Hydrological,Flood,Flood (General),NULL,IND,India,Southern Asia,Asia,"Hyderabad, Telangana, Andhra Pradesh, Karnataka, South Odisha states",Heavy rains,NULL,No,NULL,NULL,Km2,NULL,NULL,NULL,152.0,NULL,150000.0,NULL,150000.0,NULL,NULL,4000000.0,4975720.0,80.39038301,"[{""adm1_code"":1485,""adm1_name"":""Andhra Pradesh""},{""adm1_code"":1494,""adm1_name"":""Karnataka""},{""adm2_code"":17811,""adm2_name"":""Ganjam""},{""adm2_code"":17812,""adm2_name"":""Kalahandi""},{""adm2_code"":17814,""adm2_name"":""Koraput""},{""adm2_code"":70211,""adm2_name"":""Boudh""},{""adm2_code"":70213,""adm2_name"":""Gajapati""},{""adm2_code"":70217,""adm2_name"":""Kandhamal""},{""adm2_code"":70220,""adm2_name"":""Malkangiri""},{""adm2_code"":70221,""adm2_name"":""Nabarangpur""},{""adm2_code"":70223,""adm2_name"":""Nuapada""},{""adm2_code"":70224,""adm2_name"":""Rayagada""}]","[{""gid_1"":""IND.16_1"",""migration_date"":""2025-12-20"",""migration_method"":""jaccard1"",""name_1"":""Karnataka""},{""gid_1"":""IND.2_1"",""migration_date"":""2025-12-20"",""migration_method"":""puzzle1_1"",""name_1"":""Andhra Pradesh""},{""gid_1"":""IND.32_1"",""migration_date"":""2025-12-20"",""migration_method"":""puzzle1_1"",""name_1"":""Telangana""},{""gid_2"":""IND.26.10_1"",""migration_date"":""2025-12-20"",""migration_method"":""jaccard2"",""name_2"":""Gajapati""},{""gid_2"":""IND.26.11_1"",""migration_date"":""2025-12-20"",""migration_method"":""jaccard2"",""name_2"":""Ganjam""},{""gid_2"":""IND.26.15_1"",""migration_date"":""2025-12-20"",""migration_method"":""jaccard2"",""name_2"":""Kalahandi""},{""gid_2"":""IND.26.16_1"",""migration_date"":""2025-12-20"",""migration_method"":""jaccard2"",""name_2"":""Kandhamal""},{""gid_2"":""IND.26.20_1"",""migration_date"":""2025-12-20"",""migration_method"":""jaccard2"",""name_2"":""Koraput""},{""gid_2"":""IND.26.21_1"",""migration_date"":""2025-12-20"",""migration_method"":""jaccard2"",""name_2"":""Malkangiri""},{""gid_2"":""IND.26.23_1"",""migration_date"":""2025-12-20"",""migration_method"":""jaccard2"",""name_2"":""Nabarangapur""},{""gid_2"":""IND.26.25_1"",""migration_date"":""2025-12-20"",""migration_method"":""jaccard2"",""name_2"":""Nuapada""},{""gid_2"":""IND.26.27_1"",""migration_date"":""2025-12-20"",""migration_method"":""jaccard2"",""name_2"":""Rayagada""},{""gid_2"":""IND.26.5_1"",""migration_date"":""2025-12-20"",""migration_method"":""jaccard2"",""name_2"":""Bauda""}]",2020-10-16,2025-12-20,2020-10-01,2020-10-26
2021-0366-IND,No,Natural,Hydrological,Flood,Flood (General),NULL,IND,India,Southern Asia,Asia,"Bongaigaon, Dhemaji and Dibrugarh districts (Assam state)",Heavy rains,NULL,No,NULL,NULL,Km2,NULL,NULL,NULL,NULL,NULL,7587.0,NULL,7587.0,NULL,NULL,NULL,NULL,84.16698296,"[{""adm2_code"":17580,""adm2_name"":""Dibrugarh""},{""adm2_code"":70086,""adm2_name"":""Bongaigaon""},{""adm2_code"":70087,""adm2_name"":""Dhemaji""}]","[{""gid_2"":""IND.4.3_1"",""migration_date"":""2025-12-20"",""migration_method"":""puzzle2_2"",""name_2"":""Bongaigaon""},{""gid_2"":""IND.4.5_1"",""migration_date"":""2025-12-20"",""migration_method"":""puzzle2_2"",""name_2"":""Chirang""},{""gid_2"":""IND.4.7_1"",""migration_date"":""2025-12-20"",""migration_method"":""jaccard2"",""name_2"":""Dhemaji""},{""gid_2"":""IND.4.9_1"",""migration_date"":""2025-12-20"",""migration_method"":""jaccard2"",""name_2"":""Dibrugarh""}]",2021-07-01,2025-12-20,2021-07-01,2021-07-01
2021-0458-IND,No,Natural,Hydrological,Flood,Flash flood,NULL,IND,India,Southern Asia,Asia,"Himachal Pradesh, Union Territories of Jammu and Kashmir and Ladakh",NULL,NULL,No,NULL,NULL,Km2,NULL,NULL,NULL,37.0,17.0,105.0,NULL,122.0,NULL,NULL,NULL,NULL,84.16698296,"[{""adm1_code"":1493,""adm1_name"":""Himachal Pradesh""},{""adm1_code"":40422,""adm1_name"":""Administrative unit not available""},{""adm1_code"":40423,""adm1_name"":""Administrative unit not available""}]","[{""gid_1"":""IND.13_1"",""migration_date"":""2025-12-20"",""migration_method"":""jaccard1"",""name_1"":""Himachal Pradesh""},{""gid_2"":""Z01.14.13_1"",""migration_date"":""2025-12-20"",""migration_method"":""puzzle1_2"",""name_2"":""Leh (Ladakh)""},{""gid_2"":""Z01.14.8_1"",""migration_date"":""2025-12-20"",""migration_method"":""puzzle1_2"",""name_2"":""Kargil""}]",2021-07-29,2025-12-20,2021-07-28,2021-07-29
2021-0681-IND,No,Natural,Hydrological,Flood,Flood (General),NULL,IND,India,Southern Asia,Asia,Nainital (Uttarakhand state),Heavy rain,"Slide (land, mud, snow, rock)",No,NULL,NULL,Km2,NULL,NULL,NULL,57.0,17.0,1385.0,NULL,1402.0,NULL,NULL,NULL,NULL,84.16698296,"[{""adm2_code"":70285,""adm2_name"":""Naini Tal""}]","[{""gid_2"":""IND.35.8_1"",""migration_date"":""2025-12-20"",""migration_method"":""jaccard2"",""name_2"":""Nainital""}]",2021-10-21,2025-12-20,2021-10-18,2021-10-19
2022-0248-IND,No,Natural,Meteorological,Extreme temperature,Heat wave,NULL,IND,India,Southern Asia,Asia,"Maharashtra State, West Rajasthan",NULL,NULL,No,NULL,45.0,°C,NULL,NULL,NULL,25.0,NULL,NULL,NULL,NULL,NULL,NULL,NULL,NULL,90.90269746,NULL,NULL,2022-04-29,2025-03-18,2022-03-01,2022-04-01
2024-0561-IND,No,Natural,Hydrological,Flood,Flood (General),NULL,IND,India,Southern Asia,Asia,"Mandi, Kullu, Shimla districts (Himachal Pradesh)",Heavy rains,NULL,No,NULL,NULL,Km2,NULL,NULL,NULL,46.0,NULL,NULL,NULL,NULL,NULL,NULL,NULL,NULL,97.43617562,NULL,NULL,2024-08-01,2025-03-18,2024-07-31,2024-08-23
2022-0539-IND,No,Natural,Hydrological,Flood,Flood (General),NULL,IND,India,Southern Asia,Asia,"Himachal Pradesh, Uttarakhand and Jharkhand States",NULL,"Slide (land, mud, snow, rock)",No,NULL,NULL,Km2,NULL,NULL,NULL,63.0,NULL,800000.0,NULL,800000.0,NULL,NULL,NULL,NULL,90.90269746,"[{""adm1_code"":1493,""adm1_name"":""Himachal Pradesh""},{""adm1_code"":70078,""adm1_name"":""Jharkhand""},{""adm1_code"":70082,""adm1_name"":""Uttarakhand""}]","[{""gid_1"":""IND.13_1"",""migration_date"":""2025-12-20"",""migration_method"":""jaccard1"",""name_1"":""Himachal Pradesh""},{""gid_1"":""IND.15_1"",""migration_date"":""2025-12-20"",""migration_method"":""jaccard1"",""name_1"":""Jharkhand""},{""gid_1"":""IND.35_1"",""migration_date"":""2025-12-20"",""migration_method"":""jaccard1"",""name_1"":""Uttarakhand""}]",2022-08-22,2025-12-20,2022-08-01,2022-08-22
2023-0331-IND,No,Natural,Meteorological,Storm,Tropical cyclone,Cyclone 'Biparjoy',IND,India,Southern Asia,Asia,"Barmer, Jalore, Sirohi, Pali, and Rajmasand (Rajasthan); Gujarat",NULL,"Flood|Slide (land, mud, snow, rock)",No,NULL,125.0,Kph,NULL,NULL,NULL,7.0,NULL,10000.0,NULL,10000.0,NULL,NULL,NULL,NULL,94.64462201,"[{""adm2_code"":17837,""adm2_name"":""Barmer""},{""adm2_code"":17849,""adm2_name"":""Jalor""},{""adm2_code"":17855,""adm2_name"":""Pali""},{""adm2_code"":17858,""adm2_name"":""Sirohi""},{""adm2_code"":70240,""adm2_name"":""Rajsamand""}]","[{""gid_2"":""IND.29.19_1"",""migration_date"":""2025-12-20"",""migration_method"":""jaccard2"",""name_2"":""Jalor""},{""gid_2"":""IND.29.26_1"",""migration_date"":""2025-12-20"",""migration_method"":""jaccard2"",""name_2"":""Pali""},{""gid_2"":""IND.29.28_1"",""migration_date"":""2025-12-20"",""migration_method"":""jaccard2"",""name_2"":""Rajsamand""},{""gid_2"":""IND.29.31_1"",""migration_date"":""2025-12-20"",""migration_method"":""jaccard2"",""name_2"":""Sirohi""},{""gid_2"":""IND.29.5_1"",""migration_date"":""2025-12-20"",""migration_method"":""jaccard2"",""name_2"":""Barmer""}]",2023-06-26,2025-12-20,2023-06-19,2023-06-21
2024-0290-IND,No,Natural,Meteorological,Storm,Severe weather,NULL,IND,India,Southern Asia,Asia,Bombay,NULL,Collapse,No,NULL,NULL,Kph,NULL,NULL,NULL,16.0,75.0,NULL,NULL,75.0,NULL,NULL,NULL,NULL,97.43617562,NULL,NULL,2024-05-14,2025-01-28,2024-05-13,2024-05-13
2024-0246-IND,No,Natural,Meteorological,Extreme temperature,Heat wave,NULL,IND,India,Southern Asia,Asia,"New Delhi; Rajasthan, Bihar, Gujarat, West Rajasthan, Punjab, Haryana, Chandigarh",NULL,NULL,No,NULL,50.5,°C,NULL,NULL,NULL,733.0,25000.0,NULL,NULL,25000.0,NULL,NULL,NULL,NULL,97.43617562,NULL,NULL,2024-06-06,2025-03-18,2024-03-01,2024-06-01
2024-0320-IND,No,Natural,Meteorological,Storm,Tropical cyclone,Cyclone 'Remal',IND,India,Southern Asia,Asia,"Aizawl (Mizoram state); Bengal, Assam, Nagaland, Meghalaya states; West Bengal, Telangana",NULL,"Flood|Industrial accidents|Slide (land, mud, snow, rock)",No,NULL,NULL,Kph,NULL,NULL,NULL,51.0,500.0,2109143.0,NULL,2109643.0,NULL,NULL,NULL,NULL,97.43617562,NULL,NULL,2024-06-06,2024-06-14,2024-05-26,2024-05-30
2024-0481-IND,No,Natural,Hydrological,Flood,Flood (General),NULL,IND,India,Southern Asia,Asia,"Pratapgarh, Sultanpur, Chandauli, Mainpuri, Prayagraj, Auraiya, Deoria, Hathras, Varanasi and Siddharthnagar districts (Uttar Pradesh); Assam",Monsoon rain,Lightening,No,NULL,NULL,Km2,NULL,NULL,NULL,125.0,20.0,1000000.0,NULL,1000020.0,NULL,NULL,NULL,NULL,97.43617562,NULL,NULL,2024-07-15,2024-07-23,2024-07-09,2024-07-15
2024-0624-IND,No,Natural,Hydrological,Flood,Flash flood,NULL,IND,India,Southern Asia,Asia,Tripura state,Heavy rains,NULL,No,NULL,NULL,Km2,NULL,NULL,NULL,26.0,NULL,1700000.0,NULL,1700000.0,NULL,NULL,NULL,NULL,97.43617562,NULL,NULL,2024-08-23,2026-03-12,2024-08-19,2024-08-23
2024-0627-IND,No,Natural,Hydrological,Mass movement (wet),Landslide (wet),NULL,IND,India,Southern Asia,Asia,"Dipu Dara village (Singtam municipality, Gangtok district, Sikkim state)",Heavy rains,NULL,No,NULL,NULL,NULL,NULL,NULL,NULL,10.0,NULL,90.0,NULL,90.0,NULL,NULL,NULL,NULL,97.43617562,NULL,NULL,2024-08-22,2024-08-23,2024-08-22,2024-08-22
2024-0647-IND,No,Natural,Hydrological,Flood,Flood (General),NULL,IND,India,Southern Asia,Asia,"Gujarat, Maharashtra, Tripura States",Monsoon rains,"Slide (land, mud, snow, rock)|Storm",No,NULL,NULL,Km2,NULL,NULL,NULL,25.0,23.0,8007150.0,NULL,8007173.0,NULL,NULL,NULL,NULL,97.43617562,NULL,NULL,2024-08-29,2024-10-22,2024-08-26,2024-08-27
2025-0246-IND,No,Natural,Meteorological,Storm,Severe weather,NULL,IND,India,Southern Asia,Asia,"Bihar state; Firozabad, Siddharth Nagar, and Sitapur (Uttar Pradesh state)",NULL,Flood|Hail|Lightening,No,NULL,NULL,Kph,NULL,NULL,NULL,102.0,NULL,NULL,NULL,NULL,NULL,NULL,NULL,NULL,100.0,NULL,NULL,2025-04-14,2026-02-25,2025-04-04,2025-04-12
2025-0451-IND,No,Natural,Meteorological,Storm,Severe weather,NULL,IND,India,Southern Asia,Asia,"Rajasthan, Madhya Pradesh, Gujarat, Odisha, Uttarakhand",NULL,"Flood|Slide (land, mud, snow, rock)",No,NULL,NULL,Kph,NULL,NULL,NULL,27.0,1.0,33583.0,NULL,33584.0,NULL,NULL,NULL,NULL,100.0,NULL,NULL,2025-07-03,2025-07-14,2025-06-20,2025-06-26
2025-0751-IND,No,Natural,Hydrological,Flood,Flood (General),NULL,IND,India,Southern Asia,Asia,Punjab state,Monsoon rain,"Slide (land, mud, snow, rock)",No,NULL,NULL,Km2,NULL,NULL,NULL,52.0,NULL,400000.0,NULL,400000.0,NULL,NULL,NULL,NULL,100.0,NULL,NULL,2025-09-01,2025-09-26,2025-08-15,2025-09-19
2025-0859-IND,No,Natural,Hydrological,Flood,Flood (General),NULL,IND,India,Southern Asia,Asia,Darjeeling (West Bengal); Bihar states,Heavy rains,"Slide (land, mud, snow, rock)",No,NULL,NULL,Km2,NULL,NULL,NULL,32.0,13.0,NULL,2500.0,2513.0,NULL,NULL,2200.0,2200.0,100.0,NULL,NULL,2025-10-07,2025-10-20,2025-10-03,2025-10-07
2025-0922-IND,No,Natural,Meteorological,Storm,Tropical cyclone,Tropical storm 'Montha',IND,India,Southern Asia,Asia,"Konaseema district (Andhra Pradesh); Odisha, and Telangana states",NULL,NULL,No,NULL,110.0,Kph,NULL,NULL,NULL,8.0,NULL,1800000.0,NULL,1800000.0,NULL,NULL,600000.0,600000.0,100.0,NULL,NULL,2025-10-29,2026-02-04,2025-10-28,2025-10-30
2000-0738-IND,No,Natural,Hydrological,Flood,Flood (General),NULL,IND,India,Southern Asia,Asia,North 24 Parganas district (West Bengal province),NULL,NULL,No,NULL,309.0,Km2,NULL,NULL,NULL,6.0,NULL,534035.0,NULL,534035.0,NULL,NULL,NULL,NULL,53.48773668,"[{""adm2_code"":70293,""adm2_name"":""North 24 Parganas""}]","[{""gid_2"":""IND.36.15_1"",""migration_date"":""2025-12-20"",""migration_method"":""jaccard2"",""name_2"":""North 24 Parganas""}]",2003-07-01,2025-12-20,2000-10-19,2000-10-19
2001-0061-IND,No,Natural,Biological,Epidemic,Infectious disease (General),Unknown,IND,India,Southern Asia,Asia,Siliguri (West Bengal),NULL,NULL,No,NULL,NULL,Vaccinated,NULL,NULL,NULL,28.0,NULL,42.0,NULL,42.0,NULL,NULL,NULL,NULL,54.99938527,NULL,NULL,2003-07-01,2023-09-25,2001-02-01,2001-02-01
2001-0243-IND,No,Natural,Hydrological,Flood,Riverine flood,NULL,IND,India,Southern Asia,Asia,"Silchar city (Cachar district, Assam province), Patharkandi village (Karimganj district, Assam province), West Tripura district (Tripura province)",Moosonal rain,NULL,No,NULL,NULL,Km2,NULL,NULL,NULL,5.0,NULL,700000.0,NULL,700000.0,NULL,NULL,NULL,NULL,54.99938527,"[{""adm2_code"":17577,""adm2_name"":""Cachar""},{""adm2_code"":17585,""adm2_name"":""Karimganj""},{""adm2_code"":17887,""adm2_name"":""West Tripura""}]","[{""gid_2"":""IND.33.3_1"",""migration_date"":""2025-12-20"",""migration_method"":""puzzle2_2"",""name_2"":""Khowai""},{""gid_2"":""IND.33.5_1"",""migration_date"":""2025-12-20"",""migration_method"":""puzzle2_2"",""name_2"":""Sipahijala""},{""gid_2"":""IND.33.8_1"",""migration_date"":""2025-12-20"",""migration_method"":""puzzle2_2"",""name_2"":""West Tripura""},{""gid_2"":""IND.4.18_1"",""migration_date"":""2025-12-20"",""migration_method"":""jaccard2"",""name_2"":""Karimganj""},{""gid_2"":""IND.4.4_1"",""migration_date"":""2025-12-20"",""migration_method"":""jaccard2"",""name_2"":""Cachar""}]",2005-09-19,2025-12-20,2001-06-05,2001-06-22
2001-0337-IND,No,Natural,Meteorological,Storm,Lightning/Thunderstorms,NULL,IND,India,Southern Asia,Asia,Uttar Pradesh province,NULL,NULL,No,NULL,NULL,Kph,NULL,NULL,NULL,21.0,NULL,NULL,NULL,NULL,NULL,NULL,NULL,NULL,54.99938527,"[{""adm1_code"":70081,""adm1_name"":""Uttar Pradesh""}]","[{""gid_1"":""IND.34_1"",""migration_date"":""2025-12-20"",""migration_method"":""jaccard1"",""name_1"":""Uttar Pradesh""}]",2003-07-01,2025-12-20,2001-05-24,2001-05-24
2001-0465-IND,No,Natural,Hydrological,Flood,Riverine flood,NULL,IND,India,Southern Asia,Asia,"Aurangabad, Bhojpur, Gopalganj, Jehanabad, Muzaffarpur, Nalanda, Pashchim Champaran, Patna, Purba Champaran, Rohtas, Saran, Sitamarhi, Siwan, Vaishali districts (Bihar province)",NULL,NULL,No,NULL,NULL,Km2,NULL,NULL,NULL,NULL,NULL,400000.0,NULL,400000.0,NULL,NULL,NULL,NULL,54.99938527,"[{""adm2_code"":17594,""adm2_name"":""Aurangabad""},{""adm2_code"":17604,""adm2_name"":""Gopalganj""},{""adm2_code"":17607,""adm2_name"":""Jehanabad""},{""adm2_code"":17613,""adm2_name"":""Muzaffarpur""},{""adm2_code"":17615,""adm2_name"":""Nalanda""},{""adm2_code"":17618,""adm2_name"":""Pashchim Champaran""},{""adm2_code"":17619,""adm2_name"":""Patna""},{""adm2_code"":17620,""adm2_name"":""Purba Champaran""},{""adm2_code"":17623,""adm2_name"":""Rohtas""},{""adm2_code"":17628,""adm2_name"":""Saran""},{""adm2_code"":17630,""adm2_name"":""Sitamarhi""},{""adm2_code"":17631,""adm2_name"":""Siwan""},{""adm2_code"":17632,""adm2_name"":""Vaishali""},{""adm2_code"":70097,""adm2_name"":""Bhojpur""}]","[{""gid_2"":""IND.5.11_1"",""migration_date"":""2025-12-20"",""migration_method"":""jaccard2"",""name_2"":""Gopalganj""},{""gid_2"":""IND.5.13_1"",""migration_date"":""2025-12-20"",""migration_method"":""puzzle2_2"",""name_2"":""Jehanabad""},{""gid_2"":""IND.5.22_1"",""migration_date"":""2025-12-20"",""migration_method"":""jaccard2"",""name_2"":""Muzaffarpur""},{""gid_2"":""IND.5.23_1"",""migration_date"":""2025-12-20"",""migration_method"":""jaccard2"",""name_2"":""Nalanda""},{""gid_2"":""IND.5.25_1"",""migration_date"":""2025-12-20"",""migration_method"":""jaccard2"",""name_2"":""Pashchim Champaran""},{""gid_2"":""IND.5.26_1"",""migration_date"":""2025-12-20"",""migration_method"":""jaccard2"",""name_2"":""Patna""},{""gid_2"":""IND.5.27_1"",""migration_date"":""2025-12-20"",""migration_method"":""jaccard2"",""name_2"":""Purba Champaran""},{""gid_2"":""IND.5.29_1"",""migration_date"":""2025-12-20"",""migration_method"":""jaccard2"",""name_2"":""Rohtas""},{""gid_2"":""IND.5.2_1"",""migration_date"":""2025-12-20"",""migration_method"":""puzzle2_2"",""name_2"":""Arwal""},{""gid_2"":""IND.5.32_1"",""migration_date"":""2025-12-20"",""migration_method"":""jaccard2"",""name_2"":""Saran""},{""gid_2"":""IND.5.35_1"",""migration_date"":""2025-12-20"",""migration_method"":""jaccard2"",""name_2"":""Sitamarhi""},{""gid_2"":""IND.5.36_1"",""migration_date"":""2025-12-20"",""migration_method"":""jaccard2"",""name_2"":""Siwan""},{""gid_2"":""IND.5.38_1"",""migration_date"":""2025-12-20"",""migration_method"":""jaccard2"",""name_2"":""Vaishali""},{""gid_2"":""IND.5.3_1"",""migration_date"":""2025-12-20"",""migration_method"":""jaccard2"",""name_2"":""Aurangabad""},{""gid_2"":""IND.5.7_1"",""migration_date"":""2025-12-20"",""migration_method"":""jaccard2"",""name_2"":""Bhojpur""}]",2003-07-01,2025-12-20,2001-08-01,2001-08-01
2001-0502-IND,No,Natural,Hydrological,Flood,Flood (General),NULL,IND,India,Southern Asia,Asia,Delhi province,NULL,NULL,No,NULL,NULL,Km2,NULL,NULL,NULL,10.0,36.0,NULL,NULL,36.0,NULL,NULL,NULL,NULL,54.99938527,"[{""adm1_code"":1489,""adm1_name"":""Delhi""}]","[{""gid_1"":""IND.25_1"",""migration_date"":""2025-12-20"",""migration_method"":""jaccard1"",""name_1"":""NCT of Delhi""}]",2003-07-01,2025-12-20,2001-08-01,2001-08-01
2001-0527-IND,No,Natural,Hydrological,Flood,Flash flood,NULL,IND,India,Southern Asia,Asia,"Saran, Gopalganj, Purba Champaran, Madhubani districts (Bihar province), Uttar Pradesh province",NULL,NULL,No,NULL,NULL,Km2,NULL,NULL,NULL,48.0,NULL,2800000.0,NULL,2800000.0,NULL,NULL,26000.0,47273.0,54.99938527,"[{""adm1_code"":70081,""adm1_name"":""Uttar Pradesh""},{""adm2_code"":17604,""adm2_name"":""Gopalganj""},{""adm2_code"":17611,""adm2_name"":""Madhubani""},{""adm2_code"":17620,""adm2_name"":""Purba Champaran""},{""adm2_code"":17628,""adm2_name"":""Saran""}]","[{""gid_1"":""IND.34_1"",""migration_date"":""2025-12-20"",""migration_method"":""jaccard1"",""name_1"":""Uttar Pradesh""},{""gid_2"":""IND.5.11_1"",""migration_date"":""2025-12-20"",""migration_method"":""jaccard2"",""name_2"":""Gopalganj""},{""gid_2"":""IND.5.20_1"",""migration_date"":""2025-12-20"",""migration_method"":""jaccard2"",""name_2"":""Madhubani""},{""gid_2"":""IND.5.27_1"",""migration_date"":""2025-12-20"",""migration_method"":""jaccard2"",""name_2"":""Purba Champaran""},{""gid_2"":""IND.5.32_1"",""migration_date"":""2025-12-20"",""migration_method"":""jaccard2"",""name_2"":""Saran""}]",2003-07-01,2025-12-20,2001-09-01,2001-09-01
2001-0618-IND,No,Natural,Hydrological,Mass movement (wet),Landslide (wet),NULL,IND,India,Southern Asia,Asia,"Amboori village (Thiruvananthapuram district, Kerala province)",NULL,NULL,No,NULL,NULL,NULL,NULL,NULL,NULL,55.0,NULL,NULL,NULL,NULL,NULL,NULL,NULL,NULL,54.99938527,"[{""adm2_code"":17709,""adm2_name"":""Thiruvananthapuram""}]","[{""gid_2"":""IND.17.12_1"",""migration_date"":""2025-12-20"",""migration_method"":""jaccard2"",""name_2"":""Thiruvananthapuram""}]",2003-07-01,2025-12-20,2001-11-09,2001-11-09
2002-0301-IND,No,Natural,Biological,Epidemic,Parasitic disease,NULL,IND,India,Southern Asia,Asia,Assam,NULL,NULL,No,NULL,NULL,Vaccinated,NULL,NULL,NULL,50.0,NULL,4950.0,NULL,4950.0,NULL,NULL,NULL,NULL,55.87169607,NULL,NULL,2003-07-01,2023-09-25,2002-05-01,2002-05-01
2002-0308-IND,No,Natural,Meteorological,Storm,Lightning/Thunderstorms,NULL,IND,India,Southern Asia,Asia,"Gobalpur area (Hugli district, West Bengal), Kolkata, Jalpaiguri, Darjiling districts (West Bengal province)",NULL,NULL,No,NULL,80.0,Kph,NULL,NULL,NULL,11.0,NULL,NULL,NULL,NULL,NULL,NULL,NULL,NULL,55.87169607,"[{""adm2_code"":17948,""adm2_name"":""Darjiling""},{""adm2_code"":17950,""adm2_name"":""Hugli""},{""adm2_code"":17951,""adm2_name"":""Jalpaiguri""},{""adm2_code"":70292,""adm2_name"":""Kolkata""}]","[{""gid_2"":""IND.36.11_1"",""migration_date"":""2025-12-20"",""migration_method"":""jaccard2"",""name_2"":""Kolkata""},{""gid_2"":""IND.36.1_1"",""migration_date"":""2025-12-20"",""migration_method"":""puzzle2_2"",""name_2"":""Alipurduar""},{""gid_2"":""IND.36.6_1"",""migration_date"":""2025-12-20"",""migration_method"":""jaccard2"",""name_2"":""Darjiling""},{""gid_2"":""IND.36.8_1"",""migration_date"":""2025-12-20"",""migration_method"":""jaccard2"",""name_2"":""Hugli""},{""gid_2"":""IND.36.9_1"",""migration_date"":""2025-12-20"",""migration_method"":""puzzle2_2"",""name_2"":""Jalpaiguri""}]",2003-07-01,2025-12-20,2002-04-27,2002-04-27
2002-0539-IND,No,Natural,Hydrological,Flood,Riverine flood,NULL,IND,India,Southern Asia,Asia,Balaghat district (Madhya Pradesh province),NULL,NULL,No,NULL,NULL,Km2,NULL,NULL,NULL,100.0,NULL,3000.0,NULL,3000.0,NULL,NULL,NULL,NULL,55.87169607,"[{""adm2_code"":17712,""adm2_name"":""Balaghat""}]","[{""gid_2"":""IND.19.5_1"",""migration_date"":""2025-12-20"",""migration_method"":""jaccard2"",""name_2"":""Balaghat""}]",2003-07-01,2025-12-20,2002-08-20,2002-08-20
2002-0650-IND,No,Natural,Hydrological,Flood,Riverine flood,NULL,IND,India,Southern Asia,Asia,"Kannur, Kasaragod, Kozhikode, Malappuram, Thiruvananthapuram districts (Kerala province)",Monsoonal rain,NULL,No,NULL,9750.0,Km2,NULL,NULL,NULL,11.0,NULL,NULL,NULL,NULL,NULL,NULL,NULL,NULL,55.87169607,"[{""adm2_code"":17698,""adm2_name"":""Kannur""},{""adm2_code"":17701,""adm2_name"":""Kasaragod""},{""adm2_code"":17703,""adm2_name"":""Kozhikode""},{""adm2_code"":17704,""adm2_name"":""Malappuram""},{""adm2_code"":17709,""adm2_name"":""Thiruvananthapuram""}]","[{""gid_2"":""IND.17.12_1"",""migration_date"":""2025-12-20"",""migration_method"":""jaccard2"",""name_2"":""Thiruvananthapuram""},{""gid_2"":""IND.17.4_1"",""migration_date"":""2025-12-20"",""migration_method"":""jaccard2"",""name_2"":""Kannur""},{""gid_2"":""IND.17.5_1"",""migration_date"":""2025-12-20"",""migration_method"":""jaccard2"",""name_2"":""Kasaragod""},{""gid_2"":""IND.17.8_1"",""migration_date"":""2025-12-20"",""migration_method"":""jaccard2"",""name_2"":""Kozhikode""},{""gid_2"":""IND.17.9_1"",""migration_date"":""2025-12-20"",""migration_method"":""jaccard2"",""name_2"":""Malappuram""}]",2005-09-26,2025-12-20,2002-10-10,2002-10-16
2002-0759-IND,No,Natural,Biological,Epidemic,Infectious disease (General),Acute Neurological syndrome,IND,India,Southern Asia,Asia,Saharanpur (Uttar Pradesh),NULL,NULL,No,NULL,NULL,Vaccinated,NULL,NULL,NULL,44.0,NULL,NULL,NULL,NULL,NULL,NULL,NULL,NULL,55.87169607,NULL,NULL,2003-07-01,2023-09-25,2002-09-01,2002-09-01
2003-0182-IND,No,Natural,Meteorological,Storm,Tropical cyclone,NULL,IND,India,Southern Asia,Asia,"Chirakhawa, Chirakhawa Topopara, Peepulbari part 1, Peepulbari part 2, Bhurakata, Baliabeel, Bengerbhita, Baushkata areas (Dhuburi district, Assam province)",NULL,Rain,No,NULL,100.0,Kph,NULL,NULL,NULL,45.0,4000.0,NULL,600.0,4600.0,NULL,NULL,NULL,NULL,57.14003527,"[{""adm2_code"":17579,""adm2_name"":""Dhuburi""}]","[{""gid_2"":""IND.4.8_1"",""migration_date"":""2025-12-20"",""migration_method"":""jaccard2"",""name_2"":""Dhubri""}]",2004-03-10,2025-12-20,2003-04-22,2003-04-22
2003-0250-IND,No,Natural,Meteorological,Extreme temperature,Heat wave,NULL,IND,India,Southern Asia,Asia,"Andhra Pradesh, Orissa, Tamil Nadu, Vidarbha (=part of Maharashtra), Chhattisgarh, Jharkland, Uttar Pradesh, Rajasthan, Madhya Pradesh, Bihar provinces",NULL,Drought,No,NULL,49.0,°C,NULL,NULL,NULL,1210.0,NULL,NULL,NULL,NULL,NULL,NULL,400000.0,700035.0,57.14003527,"[{""adm1_code"":1485,""adm1_name"":""Andhra Pradesh""},{""adm1_code"":1498,""adm1_name"":""Maharashtra""},{""adm1_code"":1504,""adm1_name"":""Orissa""},{""adm1_code"":1506,""adm1_name"":""Rajasthan""},{""adm1_code"":1508,""adm1_name"":""Tamil Nadu""},{""adm1_code"":70073,""adm1_name"":""Bihar""},{""adm1_code"":70075,""adm1_name"":""Chhattisgarh""},{""adm1_code"":70078,""adm1_name"":""Jharkhand""},{""adm1_code"":70079,""adm1_name"":""Madhya Pradesh""},{""adm1_code"":70081,""adm1_name"":""Uttar Pradesh""}]","[{""gid_1"":""IND.15_1"",""migration_date"":""2025-12-20"",""migration_method"":""jaccard1"",""name_1"":""Jharkhand""},{""gid_1"":""IND.19_1"",""migration_date"":""2025-12-20"",""migration_method"":""jaccard1"",""name_1"":""Madhya Pradesh""},{""gid_1"":""IND.20_1"",""migration_date"":""2025-12-20"",""migration_method"":""jaccard1"",""name_1"":""Maharashtra""},{""gid_1"":""IND.26_1"",""migration_date"":""2025-12-20"",""migration_method"":""jaccard1"",""name_1"":""Odisha""},{""gid_1"":""IND.29_1"",""migration_date"":""2025-12-20"",""migration_method"":""jaccard1"",""name_1"":""Rajasthan""},{""gid_1"":""IND.2_1"",""migration_date"":""2025-12-20"",""migration_method"":""puzzle1_1"",""name_1"":""Andhra Pradesh""},{""gid_1"":""IND.31_1"",""migration_date"":""2025-12-20"",""migration_method"":""jaccard1"",""name_1"":""Tamil Nadu""},{""gid_1"":""IND.32_1"",""migration_date"":""2025-12-20"",""migration_method"":""puzzle1_1"",""name_1"":""Telangana""},{""gid_1"":""IND.34_1"",""migration_date"":""2025-12-20"",""migration_method"":""jaccard1"",""name_1"":""Uttar Pradesh""},{""gid_1"":""IND.5_1"",""migration_date"":""2025-12-20"",""migration_method"":""jaccard1"",""name_1"":""Bihar""},{""gid_1"":""IND.7_1"",""migration_date"":""2025-12-20"",""migration_method"":""jaccard1"",""name_1"":""Chhattisgarh""}]",2006-03-08,2025-12-20,2003-05-14,2003-06-06
2003-0283-IND,No,Natural,Hydrological,Flood,Riverine flood,NULL,IND,India,Southern Asia,Asia,"Assam, Bihar, Tripura, West Bengal provinces",Mousson rains,NULL,No,79.0,NULL,Km2,NULL,NULL,"Bramaputra, Ganges",142.0,NULL,4550000.0,NULL,4550000.0,NULL,NULL,NULL,NULL,57.14003527,"[{""adm1_code"":1487,""adm1_name"":""Assam""},{""adm1_code"":1509,""adm1_name"":""Tripura""},{""adm1_code"":1511,""adm1_name"":""West Bengal""},{""adm1_code"":70073,""adm1_name"":""Bihar""}]","[{""gid_1"":""IND.33_1"",""migration_date"":""2025-12-20"",""migration_method"":""jaccard1"",""name_1"":""Tripura""},{""gid_1"":""IND.36_1"",""migration_date"":""2025-12-20"",""migration_method"":""jaccard1"",""name_1"":""West Bengal""},{""gid_1"":""IND.4_1"",""migration_date"":""2025-12-20"",""migration_method"":""jaccard1"",""name_1"":""Assam""},{""gid_1"":""IND.5_1"",""migration_date"":""2025-12-20"",""migration_method"":""jaccard1"",""name_1"":""Bihar""}]",2005-04-13,2025-12-20,2003-06-11,2003-10-10
2003-0540-IND,No,Natural,Biological,Epidemic,Viral disease,Dengue,IND,India,Southern Asia,Asia,Delhi,NULL,NULL,No,NULL,NULL,Vaccinated,NULL,NULL,NULL,NULL,NULL,2185.0,NULL,2185.0,NULL,NULL,NULL,NULL,57.14003527,NULL,NULL,2004-01-16,2023-09-25,2003-06-01,2003-11-09
2003-0605-IND,No,Natural,Meteorological,Storm,Tropical cyclone,NULL,IND,India,Southern Asia,Asia,"Krishna, Guntur, West Godavari districts (Andhra Pradesh province)",NULL,Cold wave|Rain,No,NULL,100.0,Kph,NULL,NULL,1214,50.0,NULL,NULL,40000.0,40000.0,NULL,NULL,28000.0,49002.0,57.14003527,"[{""adm2_code"":17552,""adm2_name"":""Guntur""},{""adm2_code"":17556,""adm2_name"":""Krishna""},{""adm2_code"":17569,""adm2_name"":""West Godavari""}]","[{""gid_2"":""IND.2.12_1"",""migration_date"":""2025-12-20"",""migration_method"":""jaccard2"",""name_2"":""West Godavari""},{""gid_2"":""IND.2.4_1"",""migration_date"":""2025-12-20"",""migration_method"":""jaccard2"",""name_2"":""Guntur""},{""gid_2"":""IND.2.5_1"",""migration_date"":""2025-12-20"",""migration_method"":""jaccard2"",""name_2"":""Krishna""}]",2004-03-02,2025-12-20,2003-12-17,2003-12-17
2004-0178-IND,No,Natural,Hydrological,Flood,Riverine flood,NULL,IND,India,Southern Asia,Asia,"Leimapokpam, Thiyam, Lourembam, Nambol Laitonjam villages (Bishnupur district, Manipur province), Na-Orem, Pukhrambam, Sanjenbam villages (West Imphal district, Manipur province), Oinam, Khangabok villages (Thoubal district, Manipur province)",Incessant rains,NULL,No,NULL,NULL,Km2,NULL,NULL,NULL,NULL,NULL,NULL,5000.0,5000.0,NULL,NULL,NULL,NULL,58.66980929,"[{""adm2_code"":70188,""adm2_name"":""Bishnupur""},{""adm2_code"":70194,""adm2_name"":""Thoubal""},{""adm2_code"":70196,""adm2_name"":""West Imphal""}]","[{""gid_2"":""IND.21.1_1"",""migration_date"":""2025-12-20"",""migration_method"":""jaccard2"",""name_2"":""Bishnupur""},{""gid_2"":""IND.21.5_1"",""migration_date"":""2025-12-20"",""migration_method"":""jaccard2"",""name_2"":""Imphal West""},{""gid_2"":""IND.21.8_1"",""migration_date"":""2025-12-20"",""migration_method"":""jaccard2"",""name_2"":""Thoubal""}]",2004-04-26,2025-12-20,2004-04-10,2004-04-14
2005-0290-IND,No,Natural,Meteorological,Storm,Storm (General),NULL,IND,India,Southern Asia,Asia,"Guntur, Krishna, Srikakulam, Karimnagar, Nalgonda districts (Andhra Pradesh province)",NULL,NULL,No,NULL,NULL,Kph,NULL,NULL,NULL,20.0,20.0,NULL,NULL,20.0,NULL,NULL,NULL,NULL,60.66033175,"[{""adm2_code"":17552,""adm2_name"":""Guntur""},{""adm2_code"":17554,""adm2_name"":""Karimnagar""},{""adm2_code"":17556,""adm2_name"":""Krishna""},{""adm2_code"":17560,""adm2_name"":""Nalgonda""},{""adm2_code"":17565,""adm2_name"":""Srikakulam""}]","[{""gid_2"":""IND.2.4_1"",""migration_date"":""2025-12-20"",""migration_method"":""jaccard2"",""name_2"":""Guntur""},{""gid_2"":""IND.2.5_1"",""migration_date"":""2025-12-20"",""migration_method"":""jaccard2"",""name_2"":""Krishna""},{""gid_2"":""IND.2.9_1"",""migration_date"":""2025-12-20"",""migration_method"":""jaccard2"",""name_2"":""Srikakulam""},{""gid_2"":""IND.32.3_1"",""migration_date"":""2025-12-20"",""migration_method"":""jaccard2"",""name_2"":""Karimnagar""},{""gid_2"":""IND.32.7_1"",""migration_date"":""2025-12-20"",""migration_method"":""jaccard2"",""name_2"":""Nalgonda""}]",2005-06-08,2025-12-20,2005-05-01,2005-05-01
2005-0291-IND,No,Natural,Meteorological,Storm,Storm (General),NULL,IND,India,Southern Asia,Asia,Kolkata district (West Bengal province),NULL,NULL,No,NULL,NULL,Kph,NULL,NULL,NULL,11.0,20.0,NULL,NULL,20.0,NULL,NULL,NULL,NULL,60.66033175,"[{""adm2_code"":70292,""adm2_name"":""Kolkata""}]","[{""gid_2"":""IND.36.11_1"",""migration_date"":""2025-12-20"",""migration_method"":""jaccard2"",""name_2"":""Kolkata""}]",2005-06-08,2025-12-20,2005-05-04,2005-05-04
2005-0361-IND,No,Natural,Hydrological,Flood,Riverine flood,NULL,IND,India,Southern Asia,Asia,"Sangla, Kalpa, Yangthang, Sumdo, Khab, Karcham, Leo, Akpa, Kharo villages (Kinnaur district, Himachal Pradesh province), Rampur Bushahr village (Shimla district, Himachal Pradesh province), Kullu, Bilaspur, Mandi districts (Himachal Pradesh)",Heavy rains,Broken Dam/Burst bank,No,NULL,6530.0,Km2,NULL,NULL,"Sutlej, Parechu, Spiti",6.0,NULL,5000.0,NULL,5000.0,NULL,NULL,23000.0,37916.0,60.66033175,"[{""adm2_code"":17666,""adm2_name"":""Bilaspur""},{""adm2_code"":17670,""adm2_name"":""Kinnaur""},{""adm2_code"":17671,""adm2_name"":""Kullu""},{""adm2_code"":17673,""adm2_name"":""Mandi""},{""adm2_code"":17674,""adm2_name"":""Shimla""}]","[{""gid_2"":""IND.13.1_1"",""migration_date"":""2025-12-20"",""migration_method"":""jaccard2"",""name_2"":""Bilaspur""},{""gid_2"":""IND.13.5_1"",""migration_date"":""2025-12-20"",""migration_method"":""jaccard2"",""name_2"":""Kinnaur""},{""gid_2"":""IND.13.6_1"",""migration_date"":""2025-12-20"",""migration_method"":""jaccard2"",""name_2"":""Kullu""},{""gid_2"":""IND.13.8_1"",""migration_date"":""2025-12-20"",""migration_method"":""jaccard2"",""name_2"":""Mandi""},{""gid_2"":""IND.13.9_1"",""migration_date"":""2025-12-20"",""migration_method"":""jaccard2"",""name_2"":""Shimla""}]",2005-09-14,2025-12-20,2005-06-26,2005-06-29
2005-0398-IND,No,Natural,Hydrological,Flood,Riverine flood,NULL,IND,India,Southern Asia,Asia,"Ashoknagar, Chhatarpur, Damoh, Jabalpur, Katni, Narsinghpur, Panna, Rewa, Sagar, Satna districts (Madhya Pradesh province)",Monsoonal rains,NULL,No,NULL,55740.0,Km2,NULL,NULL,"Maijee, Simrol and Katni, Tons, Ledraha, Mahanadi, Son, Banganga",62.0,NULL,49000.0,NULL,49000.0,NULL,NULL,NULL,NULL,60.66033175,"[{""adm2_code"":17718,""adm2_name"":""Chhatarpur""},{""adm2_code"":17720,""adm2_name"":""Damoh""},{""adm2_code"":17730,""adm2_name"":""Jabalpur""},{""adm2_code"":17735,""adm2_name"":""Narsinghpur""},{""adm2_code"":17736,""adm2_name"":""Panna""},{""adm2_code"":17743,""adm2_name"":""Rewa""},{""adm2_code"":17744,""adm2_name"":""Sagar""},{""adm2_code"":17745,""adm2_name"":""Satna""},{""adm2_code"":70169,""adm2_name"":""Ashoknagar""},{""adm2_code"":70174,""adm2_name"":""Katni""}]","[{""gid_2"":""IND.19.11_1"",""migration_date"":""2025-12-20"",""migration_method"":""jaccard2"",""name_2"":""Chhatarpur""},{""gid_2"":""IND.19.13_1"",""migration_date"":""2025-12-20"",""migration_method"":""jaccard2"",""name_2"":""Damoh""},{""gid_2"":""IND.19.24_1"",""migration_date"":""2025-12-20"",""migration_method"":""jaccard2"",""name_2"":""Jabalpur""},{""gid_2"":""IND.19.26_1"",""migration_date"":""2025-12-20"",""migration_method"":""jaccard2"",""name_2"":""Katni""},{""gid_2"":""IND.19.30_1"",""migration_date"":""2025-12-20"",""migration_method"":""jaccard2"",""name_2"":""Narsimhapur""},{""gid_2"":""IND.19.32_1"",""migration_date"":""2025-12-20"",""migration_method"":""jaccard2"",""name_2"":""Panna""},{""gid_2"":""IND.19.36_1"",""migration_date"":""2025-12-20"",""migration_method"":""jaccard2"",""name_2"":""Rewa""},{""gid_2"":""IND.19.37_1"",""migration_date"":""2025-12-20"",""migration_method"":""jaccard2"",""name_2"":""Sagar""},{""gid_2"":""IND.19.38_1"",""migration_date"":""2025-12-20"",""migration_method"":""jaccard2"",""name_2"":""Satna""},{""gid_2"":""IND.19.4_1"",""migration_date"":""2025-12-20"",""migration_method"":""jaccard2"",""name_2"":""Ashoknagar""}]",2005-09-12,2025-12-20,2005-07-02,2005-07-15
2005-0399-IND,No,Natural,Hydrological,Flood,Riverine flood,NULL,IND,India,Southern Asia,Asia,"Adilabad, Hyderabad, Karimnagar, Khammam, Mahbubnagar, Medak, Nalgonda, Nizamabad, Rangareddi, Warangal, East Godavari, Guntur, Krishna, Nellore, Prakasam, Srikakulam, Vishakhapatnam, Vizianagaram, West Godavari districts (Andhra Pradesh province)",Heavy rains,NULL,No,NULL,NULL,Km2,NULL,NULL,NULL,12.0,NULL,10000.0,NULL,10000.0,NULL,NULL,NULL,NULL,60.66033175,"[{""adm2_code"":17547,""adm2_name"":""Adilabad""},{""adm2_code"":17551,""adm2_name"":""East Godavari""},{""adm2_code"":17552,""adm2_name"":""Guntur""},{""adm2_code"":17553,""adm2_name"":""Hyderabad""},{""adm2_code"":17554,""adm2_name"":""Karimnagar""},{""adm2_code"":17555,""adm2_name"":""Khammam""},{""adm2_code"":17556,""adm2_name"":""Krishna""},{""adm2_code"":17558,""adm2_name"":""Mahbubnagar""},{""adm2_code"":17559,""adm2_name"":""Medak""},{""adm2_code"":17560,""adm2_name"":""Nalgonda""},{""adm2_code"":17561,""adm2_name"":""Nellore""},{""adm2_code"":17562,""adm2_name"":""Nizamabad""},{""adm2_code"":17563,""adm2_name"":""Prakasam""},{""adm2_code"":17564,""adm2_name"":""Rangareddi""},{""adm2_code"":17565,""adm2_name"":""Srikakulam""},{""adm2_code"":17566,""adm2_name"":""Vishakhapatnam""},{""adm2_code"":17567,""adm2_name"":""Vizianagaram""},{""adm2_code"":17568,""adm2_name"":""Warangal""},{""adm2_code"":17569,""adm2_name"":""West Godavari""}]","[{""gid_2"":""IND.2.10_1"",""migration_date"":""2025-12-20"",""migration_method"":""jaccard2"",""name_2"":""Visakhapatnam""},{""gid_2"":""IND.2.11_1"",""migration_date"":""2025-12-20"",""migration_method"":""jaccard2"",""name_2"":""Vizianagaram""},{""gid_2"":""IND.2.12_1"",""migration_date"":""2025-12-20"",""migration_method"":""jaccard2"",""name_2"":""West Godavari""},{""gid_2"":""IND.2.3_1"",""migration_date"":""2025-12-20"",""migration_method"":""jaccard2"",""name_2"":""East Godavari""},{""gid_2"":""IND.2.4_1"",""migration_date"":""2025-12-20"",""migration_method"":""jaccard2"",""name_2"":""Guntur""},{""gid_2"":""IND.2.5_1"",""migration_date"":""2025-12-20"",""migration_method"":""jaccard2"",""name_2"":""Krishna""},{""gid_2"":""IND.2.7_1"",""migration_date"":""2025-12-20"",""migration_method"":""jaccard2"",""name_2"":""Nellore""},{""gid_2"":""IND.2.8_1"",""migration_date"":""2025-12-20"",""migration_method"":""jaccard2"",""name_2"":""Prakasam""},{""gid_2"":""IND.2.9_1"",""migration_date"":""2025-12-20"",""migration_method"":""jaccard2"",""name_2"":""Srikakulam""},{""gid_2"":""IND.32.10_1"",""migration_date"":""2025-12-20"",""migration_method"":""jaccard2"",""name_2"":""Warangal""},{""gid_2"":""IND.32.1_1"",""migration_date"":""2025-12-20"",""migration_method"":""jaccard2"",""name_2"":""Adilabad""},{""gid_2"":""IND.32.2_1"",""migration_date"":""2025-12-20"",""migration_method"":""jaccard2"",""name_2"":""Hyderabad""},{""gid_2"":""IND.32.3_1"",""migration_date"":""2025-12-20"",""migration_method"":""jaccard2"",""name_2"":""Karimnagar""},{""gid_2"":""IND.32.4_1"",""migration_date"":""2025-12-20"",""migration_method"":""jaccard2"",""name_2"":""Khammam""},{""gid_2"":""IND.32.5_1"",""migration_date"":""2025-12-20"",""migration_method"":""jaccard2"",""name_2"":""Mahbubnagar""},{""gid_2"":""IND.32.6_1"",""migration_date"":""2025-12-20"",""migration_method"":""jaccard2"",""name_2"":""Medak""},{""gid_2"":""IND.32.7_1"",""migration_date"":""2025-12-20"",""migration_method"":""jaccard2"",""name_2"":""Nalgonda""},{""gid_2"":""IND.32.8_1"",""migration_date"":""2025-12-20"",""migration_method"":""jaccard2"",""name_2"":""Nizamabad""},{""gid_2"":""IND.32.9_1"",""migration_date"":""2025-12-20"",""migration_method"":""jaccard2"",""name_2"":""Ranga Reddy""}]",2005-08-04,2025-12-20,2005-07-10,2005-07-10
2005-0539-IND,No,Natural,Hydrological,Flood,Riverine flood,NULL,IND,India,Southern Asia,Asia,"Himachal Pradesh, Uttar Pradesh, Uttarakhand provinces",Monsoonal rain,"Slide (land, mud, snow, rock)",No,NULL,308700.0,Km2,NULL,NULL,Ganges tributaris,23.0,4.0,NULL,2500.0,2504.0,NULL,NULL,NULL,NULL,60.66033175,"[{""adm1_code"":1493,""adm1_name"":""Himachal Pradesh""},{""adm1_code"":70081,""adm1_name"":""Uttar Pradesh""},{""adm1_code"":70082,""adm1_name"":""Uttarakhand""}]","[{""gid_1"":""IND.13_1"",""migration_date"":""2025-12-20"",""migration_method"":""jaccard1"",""name_1"":""Himachal Pradesh""},{""gid_1"":""IND.34_1"",""migration_date"":""2025-12-20"",""migration_method"":""jaccard1"",""name_1"":""Uttar Pradesh""},{""gid_1"":""IND.35_1"",""migration_date"":""2025-12-20"",""migration_method"":""jaccard1"",""name_1"":""Uttarakhand""}]",2006-04-27,2025-12-20,2005-09-16,2005-09-19
2005-0575-IND,No,Natural,Geophysical,Earthquake,Ground movement,NULL,IND,India,Southern Asia,Asia,Administrative unit not available districts (Jammu and Kashmir province),NULL,Fire,Yes,NULL,7.6,Moment Magnitude,34.539,73.588,NULL,1309.0,6622.0,NULL,150000.0,156622.0,NULL,NULL,1000000.0,1648524.0,60.66033175,"[{""adm2_code"":40410,""adm2_name"":""Administrative unit not available""},{""adm2_code"":40414,""adm2_name"":""Administrative unit not available""},{""adm2_code"":72802,""adm2_name"":""Administrative unit not available""},{""adm2_code"":72789,""adm2_name"":""Administrative unit not available""},{""adm2_code"":72810,""adm2_name"":""Administrative unit not available""}]",NULL,2014-03-26,2025-06-25,2005-10-08,2005-10-08
2005-0603-IND,No,Natural,Hydrological,Flood,Riverine flood,NULL,IND,India,Southern Asia,Asia,"Surat, Vadodara, Bhavnagar, Panch Mahals, Narmada districts (Gujarat province)",Heavy rains,Broken Dam/Burst bank,No,NULL,53200.0,Km2,NULL,NULL,"Vishwamitri, Tapi",15.0,NULL,NULL,NULL,NULL,NULL,NULL,NULL,NULL,60.66033175,"[{""adm2_code"":17639,""adm2_name"":""Bhavnagar""},{""adm2_code"":17649,""adm2_name"":""Surat""},{""adm2_code"":17652,""adm2_name"":""Vadodara""},{""adm2_code"":70126,""adm2_name"":""Narmada""},{""adm2_code"":70128,""adm2_name"":""Panch Mahals""}]","[{""gid_2"":""IND.11.21_1"",""migration_date"":""2025-12-20"",""migration_method"":""jaccard2"",""name_2"":""Narmada""},{""gid_2"":""IND.11.23_1"",""migration_date"":""2025-12-20"",""migration_method"":""jaccard2"",""name_2"":""Panch Mahals""},{""gid_2"":""IND.11.28_1"",""migration_date"":""2025-12-20"",""migration_method"":""puzzle2_2"",""name_2"":""Surat""},{""gid_2"":""IND.11.30_1"",""migration_date"":""2025-12-20"",""migration_method"":""puzzle2_2"",""name_2"":""Tapi""},{""gid_2"":""IND.11.32_1"",""migration_date"":""2025-12-20"",""migration_method"":""puzzle2_2"",""name_2"":""Vadodara""},{""gid_2"":""IND.11.7_1"",""migration_date"":""2025-12-20"",""migration_method"":""puzzle2_2"",""name_2"":""Bhavnagar""},{""gid_2"":""IND.11.8_1"",""migration_date"":""2025-12-20"",""migration_method"":""puzzle2_2"",""name_2"":""Botad""},{""gid_2"":""IND.11.9_1"",""migration_date"":""2025-12-20"",""migration_method"":""puzzle2_2"",""name_2"":""Chhota Udaipur""}]",2005-10-25,2025-12-20,2005-09-22,2005-10-11
2005-0677-IND,No,Natural,Hydrological,Flood,Riverine flood,NULL,IND,India,Southern Asia,Asia,Tamil Nadu province,Torrential rains,NULL,No,NULL,NULL,Km2,NULL,NULL,NULL,30.0,NULL,200000.0,NULL,200000.0,NULL,NULL,NULL,NULL,60.66033175,"[{""adm1_code"":1508,""adm1_name"":""Tamil Nadu""}]","[{""gid_1"":""IND.31_1"",""migration_date"":""2025-12-20"",""migration_method"":""jaccard1"",""name_1"":""Tamil Nadu""}]",2005-12-08,2025-12-20,2005-12-02,2005-12-03
2005-0701-IND,No,Natural,Meteorological,Extreme temperature,Severe winter conditions,NULL,IND,India,Southern Asia,Asia,"Uttar Pradesh, Punjab, Haryana, Himachal Pradesh, Delhi, Bihar, Rajasthan, Jammu and Kashmir provinces",NULL,NULL,No,NULL,2.0,°C,NULL,NULL,NULL,180.0,NULL,NULL,NULL,NULL,NULL,NULL,NULL,NULL,60.66033175,"[{""adm1_code"":1489,""adm1_name"":""Delhi""},{""adm1_code"":1492,""adm1_name"":""Haryana""},{""adm1_code"":1493,""adm1_name"":""Himachal Pradesh""},{""adm1_code"":1505,""adm1_name"":""Punjab""},{""adm1_code"":1506,""adm1_name"":""Rajasthan""},{""adm1_code"":40408,""adm1_name"":""Administrative unit not available""},{""adm1_code"":40409,""adm1_name"":""Administrative unit not available""},{""adm1_code"":40422,""adm1_name"":""Administrative unit not available""},{""adm1_code"":40423,""adm1_name"":""Administrative unit not available""},{""adm1_code"":40424,""adm1_name"":""Administrative unit not available""},{""adm1_code"":40425,""adm1_name"":""Administrative unit not available""},{""adm1_code"":40426,""adm1_name"":""Administrative unit not available""},{""adm1_code"":40427,""adm1_name"":""Administrative unit not available""},{""adm1_code"":40428,""adm1_name"":""Administrative unit not available""},{""adm1_code"":40429,""adm1_name"":""Administrative unit not available""},{""adm1_code"":40430,""adm1_name"":""Administrative unit not available""},{""adm1_code"":40431,""adm1_name"":""Administrative unit not available""},{""adm1_code"":70073,""adm1_name"":""Bihar""},{""adm1_code"":70081,""adm1_name"":""Uttar Pradesh""}]","[{""gid_1"":""IND.12_1"",""migration_date"":""2025-12-20"",""migration_method"":""jaccard1"",""name_1"":""Haryana""},{""gid_1"":""IND.13_1"",""migration_date"":""2025-12-20"",""migration_method"":""jaccard1"",""name_1"":""Himachal Pradesh""},{""gid_1"":""IND.25_1"",""migration_date"":""2025-12-20"",""migration_method"":""jaccard1"",""name_1"":""NCT of Delhi""},{""gid_1"":""IND.28_1"",""migration_date"":""2025-12-20"",""migration_method"":""jaccard1"",""name_1"":""Punjab""},{""gid_1"":""IND.29_1"",""migration_date"":""2025-12-20"",""migration_method"":""jaccard1"",""name_1"":""Rajasthan""},{""gid_1"":""IND.34_1"",""migration_date"":""2025-12-20"",""migration_method"":""jaccard1"",""name_1"":""Uttar Pradesh""},{""gid_1"":""IND.5_1"",""migration_date"":""2025-12-20"",""migration_method"":""jaccard1"",""name_1"":""Bihar""},{""gid_1"":""Z06.1_1"",""migration_date"":""2025-12-20"",""migration_method"":""jaccard1"",""name_1"":""Azad Kashmir""},{""gid_1"":""Z06.6_1"",""migration_date"":""2025-12-20"",""migration_method"":""jaccard1"",""name_1"":""Gilgit-Baltistan""},{""gid_2"":""Z01.14.10_1"",""migration_date"":""2025-12-20"",""migration_method"":""puzzle1_2"",""name_2"":""Kishtwar""},{""gid_2"":""Z01.14.12_1"",""migration_date"":""2025-12-20"",""migration_method"":""puzzle1_2"",""name_2"":""Kupwara""},{""gid_2"":""Z01.14.13_1"",""migration_date"":""2025-12-20"",""migration_method"":""puzzle1_2"",""name_2"":""Leh (Ladakh)""},{""gid_2"":""Z01.14.14_1"",""migration_date"":""2025-12-20"",""migration_method"":""puzzle1_2"",""name_2"":""Poonch""},{""gid_2"":""Z01.14.16_1"",""migration_date"":""2025-12-20"",""migration_method"":""puzzle1_2"",""name_2"":""Rajouri""},{""gid_2"":""Z01.14.17_1"",""migration_date"":""2025-12-20"",""migration_method"":""puzzle1_2"",""name_2"":""Ramban""},{""gid_2"":""Z01.14.18_1"",""migration_date"":""2025-12-20"",""migration_method"":""puzzle1_2"",""name_2"":""Reasi""},{""gid_2"":""Z01.14.19_1"",""migration_date"":""2025-12-20"",""migration_method"":""puzzle1_2"",""name_2"":""Samba""},{""gid_2"":""Z01.14.21_1"",""migration_date"":""2025-12-20"",""migration_method"":""puzzle1_2"",""name_2"":""Srinagar""},{""gid_2"":""Z01.14.22_1"",""migration_date"":""2025-12-20"",""migration_method"":""puzzle1_2"",""name_2"":""Udhampur""},{""gid_2"":""Z01.14.2_1"",""migration_date"":""2025-12-20"",""migration_method"":""puzzle1_2"",""name_2"":""Badgam""},{""gid_2"":""Z01.14.3_1"",""migration_date"":""2025-12-20"",""migration_method"":""puzzle1_2"",""name_2"":""Bandipore""},{""gid_2"":""Z01.14.4_1"",""migration_date"":""2025-12-20"",""migration_method"":""puzzle1_2"",""name_2"":""Baramulla""},{""gid_2"":""Z01.14.5_1"",""migration_date"":""2025-12-20"",""migration_method"":""puzzle1_2"",""name_2"":""Doda""},{""gid_2"":""Z01.14.6_1"",""migration_date"":""2025-12-20"",""migration_method"":""puzzle1_2"",""name_2"":""Ganderbal""},{""gid_2"":""Z01.14.7_1"",""migration_date"":""2025-12-20"",""migration_method"":""puzzle1_2"",""name_2"":""Jammu""},{""gid_2"":""Z01.14.8_1"",""migration_date"":""2025-12-20"",""migration_method"":""puzzle1_2"",""name_2"":""Kargil""},{""gid_2"":""Z01.14.9_1"",""migration_date"":""2025-12-20"",""migration_method"":""puzzle1_2"",""name_2"":""Kathua""}]",2007-01-17,2025-12-20,2005-12-01,2006-01-01
2005-0746-IND,No,Natural,Hydrological,Flood,Riverine flood,NULL,IND,India,Southern Asia,Asia,"Himachal Pradesh, Punjab, Jammu and Kashmir, Haryana provinces",Mosnoon rain,NULL,No,NULL,NULL,Km2,NULL,NULL,"Chenab, Ravi, Beas, Pabbar, Tawi, Ujh",10.0,NULL,2000.0,NULL,2000.0,NULL,NULL,NULL,NULL,60.66033175,"[{""adm1_code"":1492,""adm1_name"":""Haryana""},{""adm1_code"":1493,""adm1_name"":""Himachal Pradesh""},{""adm1_code"":1505,""adm1_name"":""Punjab""},{""adm1_code"":40422,""adm1_name"":""Administrative unit not available""},{""adm1_code"":40423,""adm1_name"":""Administrative unit not available""},{""adm1_code"":40424,""adm1_name"":""Administrative unit not available""},{""adm1_code"":40425,""adm1_name"":""Administrative unit not available""},{""adm1_code"":40426,""adm1_name"":""Administrative unit not available""},{""adm1_code"":40427,""adm1_name"":""Administrative unit not available""},{""adm1_code"":40428,""adm1_name"":""Administrative unit not available""},{""adm1_code"":40429,""adm1_name"":""Administrative unit not available""},{""adm1_code"":40430,""adm1_name"":""Administrative unit not available""},{""adm1_code"":40431,""adm1_name"":""Administrative unit not available""}]","[{""gid_1"":""IND.12_1"",""migration_date"":""2025-12-20"",""migration_method"":""jaccard1"",""name_1"":""Haryana""},{""gid_1"":""IND.13_1"",""migration_date"":""2025-12-20"",""migration_method"":""jaccard1"",""name_1"":""Himachal Pradesh""},{""gid_1"":""IND.28_1"",""migration_date"":""2025-12-20"",""migration_method"":""jaccard1"",""name_1"":""Punjab""},{""gid_2"":""Z01.14.10_1"",""migration_date"":""2025-12-20"",""migration_method"":""puzzle1_2"",""name_2"":""Kishtwar""},{""gid_2"":""Z01.14.12_1"",""migration_date"":""2025-12-20"",""migration_method"":""puzzle1_2"",""name_2"":""Kupwara""},{""gid_2"":""Z01.14.13_1"",""migration_date"":""2025-12-20"",""migration_method"":""puzzle1_2"",""name_2"":""Leh (Ladakh)""},{""gid_2"":""Z01.14.14_1"",""migration_date"":""2025-12-20"",""migration_method"":""puzzle1_2"",""name_2"":""Poonch""},{""gid_2"":""Z01.14.16_1"",""migration_date"":""2025-12-20"",""migration_method"":""puzzle1_2"",""name_2"":""Rajouri""},{""gid_2"":""Z01.14.17_1"",""migration_date"":""2025-12-20"",""migration_method"":""puzzle1_2"",""name_2"":""Ramban""},{""gid_2"":""Z01.14.18_1"",""migration_date"":""2025-12-20"",""migration_method"":""puzzle1_2"",""name_2"":""Reasi""},{""gid_2"":""Z01.14.19_1"",""migration_date"":""2025-12-20"",""migration_method"":""puzzle1_2"",""name_2"":""Samba""},{""gid_2"":""Z01.14.21_1"",""migration_date"":""2025-12-20"",""migration_method"":""puzzle1_2"",""name_2"":""Srinagar""},{""gid_2"":""Z01.14.22_1"",""migration_date"":""2025-12-20"",""migration_method"":""puzzle1_2"",""name_2"":""Udhampur""},{""gid_2"":""Z01.14.2_1"",""migration_date"":""2025-12-20"",""migration_method"":""puzzle1_2"",""name_2"":""Badgam""},{""gid_2"":""Z01.14.3_1"",""migration_date"":""2025-12-20"",""migration_method"":""puzzle1_2"",""name_2"":""Bandipore""},{""gid_2"":""Z01.14.4_1"",""migration_date"":""2025-12-20"",""migration_method"":""puzzle1_2"",""name_2"":""Baramulla""},{""gid_2"":""Z01.14.5_1"",""migration_date"":""2025-12-20"",""migration_method"":""puzzle1_2"",""name_2"":""Doda""},{""gid_2"":""Z01.14.6_1"",""migration_date"":""2025-12-20"",""migration_method"":""puzzle1_2"",""name_2"":""Ganderbal""},{""gid_2"":""Z01.14.7_1"",""migration_date"":""2025-12-20"",""migration_method"":""puzzle1_2"",""name_2"":""Jammu""},{""gid_2"":""Z01.14.8_1"",""migration_date"":""2025-12-20"",""migration_method"":""puzzle1_2"",""name_2"":""Kargil""},{""gid_2"":""Z01.14.9_1"",""migration_date"":""2025-12-20"",""migration_method"":""puzzle1_2"",""name_2"":""Kathua""}]",2006-01-24,2025-12-20,2005-07-05,2005-08-14
2005-0754-IND,No,Natural,Biological,Epidemic,Viral disease,Chikungunya virus disease,IND,India,Southern Asia,Asia,"Andhra Prasdesh, Maharashtra, Karnataka states",NULL,NULL,No,NULL,NULL,Vaccinated,NULL,NULL,NULL,NULL,NULL,153324.0,NULL,153324.0,NULL,NULL,NULL,NULL,60.66033175,NULL,NULL,2006-04-20,2023-09-25,2005-12-01,2006-04-01
2006-0237-IND,No,Natural,Meteorological,Extreme temperature,Heat wave,NULL,IND,India,Southern Asia,Asia,"Uttar Pradesh, Orissa, Punjab, Delhi provinces",NULL,NULL,No,NULL,NULL,°C,NULL,NULL,NULL,47.0,NULL,NULL,NULL,NULL,NULL,NULL,NULL,NULL,62.61719478,"[{""adm1_code"":1489,""adm1_name"":""Delhi""},{""adm1_code"":1504,""adm1_name"":""Orissa""},{""adm1_code"":1505,""adm1_name"":""Punjab""},{""adm1_code"":70081,""adm1_name"":""Uttar Pradesh""}]","[{""gid_1"":""IND.25_1"",""migration_date"":""2025-12-20"",""migration_method"":""jaccard1"",""name_1"":""NCT of Delhi""},{""gid_1"":""IND.26_1"",""migration_date"":""2025-12-20"",""migration_method"":""jaccard1"",""name_1"":""Odisha""},{""gid_1"":""IND.28_1"",""migration_date"":""2025-12-20"",""migration_method"":""jaccard1"",""name_1"":""Punjab""},{""gid_1"":""IND.34_1"",""migration_date"":""2025-12-20"",""migration_method"":""jaccard1"",""name_1"":""Uttar Pradesh""}]",2006-05-08,2025-12-20,2006-05-01,2006-05-01
2006-0263-IND,No,Natural,Hydrological,Flood,Riverine flood,NULL,IND,India,Southern Asia,Asia,Kerala province,Monsoonal rain,NULL,No,NULL,42690.0,Km2,10.54,76.05,NULL,32.0,NULL,10800.0,NULL,10800.0,NULL,NULL,NULL,NULL,62.61719478,"[{""adm1_code"":1495,""adm1_name"":""Kerala""}]","[{""gid_1"":""IND.17_1"",""migration_date"":""2025-12-20"",""migration_method"":""jaccard1"",""name_1"":""Kerala""}]",2007-01-06,2025-12-20,2006-05-25,2006-06-02
2006-0265-IND,No,Natural,Hydrological,Flood,Riverine flood,NULL,IND,India,Southern Asia,Asia,"Maharashtra, Gujarat provinces",Monsoonal rain,NULL,No,NULL,395400.0,Km2,18.73,75.23,NULL,41.0,NULL,NULL,NULL,NULL,NULL,NULL,NULL,NULL,62.61719478,"[{""adm1_code"":1491,""adm1_name"":""Gujarat""},{""adm1_code"":1498,""adm1_name"":""Maharashtra""}]","[{""gid_1"":""IND.11_1"",""migration_date"":""2025-12-20"",""migration_method"":""jaccard1"",""name_1"":""Gujarat""},{""gid_1"":""IND.20_1"",""migration_date"":""2025-12-20"",""migration_method"":""jaccard1"",""name_1"":""Maharashtra""}]",2007-01-06,2025-12-20,2006-05-31,2006-06-04
2006-0601-IND,No,Natural,Hydrological,Flood,Riverine flood,NULL,IND,India,Southern Asia,Asia,"Tamil Nadu, Andhra Pradesh provinces",Monsoonal rain and Cyclonic storm Ogni,NULL,No,NULL,40090.0,Km2,14.13,79.93,"Godavari, Krishna deltas",47.0,NULL,225000.0,NULL,225000.0,NULL,NULL,NULL,NULL,62.61719478,"[{""adm1_code"":1485,""adm1_name"":""Andhra Pradesh""},{""adm1_code"":1508,""adm1_name"":""Tamil Nadu""}]","[{""gid_1"":""IND.2_1"",""migration_date"":""2025-12-20"",""migration_method"":""puzzle1_1"",""name_1"":""Andhra Pradesh""},{""gid_1"":""IND.31_1"",""migration_date"":""2025-12-20"",""migration_method"":""jaccard1"",""name_1"":""Tamil Nadu""},{""gid_1"":""IND.32_1"",""migration_date"":""2025-12-20"",""migration_method"":""puzzle1_1"",""name_1"":""Telangana""}]",2007-03-15,2025-12-20,2006-10-26,2006-11-04
2006-0740-IND,No,Natural,Meteorological,Storm,Lightning/Thunderstorms,NULL,IND,India,Southern Asia,Asia,"Uttar Pradesh, Gujarat provinces",NULL,Rain,No,NULL,NULL,Kph,NULL,NULL,NULL,76.0,NULL,NULL,NULL,NULL,NULL,NULL,NULL,NULL,62.61719478,"[{""adm1_code"":1491,""adm1_name"":""Gujarat""},{""adm1_code"":70081,""adm1_name"":""Uttar Pradesh""}]","[{""gid_1"":""IND.11_1"",""migration_date"":""2025-12-20"",""migration_method"":""jaccard1"",""name_1"":""Gujarat""},{""gid_1"":""IND.34_1"",""migration_date"":""2025-12-20"",""migration_method"":""jaccard1"",""name_1"":""Uttar Pradesh""}]",2007-03-09,2025-12-20,2006-05-02,2006-05-02
2007-0225-IND,No,Natural,Hydrological,Flood,Riverine flood,NULL,IND,India,Southern Asia,Asia,"Lakhimpur, Dhemaji, Cachar, Karimganj, Hailakandi, Darrang, Dibrugarh districts (Assam province)",Monsoonal rain,NULL,No,NULL,74890.0,Km2,26.26,94.02,Brahmaputra and tributaries,15.0,NULL,200000.0,NULL,200000.0,NULL,NULL,NULL,NULL,64.40346368,"[{""adm2_code"":17577,""adm2_name"":""Cachar""},{""adm2_code"":17578,""adm2_name"":""Darrang""},{""adm2_code"":17580,""adm2_name"":""Dibrugarh""},{""adm2_code"":17585,""adm2_name"":""Karimganj""},{""adm2_code"":70087,""adm2_name"":""Dhemaji""},{""adm2_code"":70088,""adm2_name"":""Hailakandi""},{""adm2_code"":70091,""adm2_name"":""Lakhimpur""}]","[{""gid_2"":""IND.4.13_1"",""migration_date"":""2025-12-20"",""migration_method"":""jaccard2"",""name_2"":""Hailakandi""},{""gid_2"":""IND.4.18_1"",""migration_date"":""2025-12-20"",""migration_method"":""jaccard2"",""name_2"":""Karimganj""},{""gid_2"":""IND.4.20_1"",""migration_date"":""2025-12-20"",""migration_method"":""jaccard2"",""name_2"":""Lakhimpur""},{""gid_2"":""IND.4.27_1"",""migration_date"":""2025-12-20"",""migration_method"":""puzzle2_2"",""name_2"":""Udalguri""},{""gid_2"":""IND.4.4_1"",""migration_date"":""2025-12-20"",""migration_method"":""jaccard2"",""name_2"":""Cachar""},{""gid_2"":""IND.4.6_1"",""migration_date"":""2025-12-20"",""migration_method"":""puzzle2_2"",""name_2"":""Darrang""},{""gid_2"":""IND.4.7_1"",""migration_date"":""2025-12-20"",""migration_method"":""jaccard2"",""name_2"":""Dhemaji""},{""gid_2"":""IND.4.9_1"",""migration_date"":""2025-12-20"",""migration_method"":""jaccard2"",""name_2"":""Dibrugarh""}]",2007-07-13,2025-12-20,2007-06-18,2007-06-26
2007-0239-IND,No,Natural,Hydrological,Flood,Riverine flood,NULL,IND,India,Southern Asia,Asia,"Amravati, Mumbai City, Mumbai Suburban, Raigarh, Ratnagiri, Sindhudurg, Thane districts (Maharashtra province)",Monsoonal rain,NULL,No,NULL,106600.0,Km2,21.03,77.52,NULL,62.0,NULL,10000.0,NULL,10000.0,NULL,NULL,NULL,NULL,64.40346368,"[{""adm2_code"":17759,""adm2_name"":""Amravati""},{""adm2_code"":17777,""adm2_name"":""Raigarh""},{""adm2_code"":17778,""adm2_name"":""Ratnagiri""},{""adm2_code"":17779,""adm2_name"":""Sindhudurg""},{""adm2_code"":17783,""adm2_name"":""Thane""},{""adm2_code"":70183,""adm2_name"":""Mumbai Suburban""},{""adm2_code"":70184,""adm2_name"":""Mumbai city""}]","[{""gid_2"":""IND.20.17_1"",""migration_date"":""2025-12-20"",""migration_method"":""jaccard2"",""name_2"":""Mumbai City""},{""gid_2"":""IND.20.18_1"",""migration_date"":""2025-12-20"",""migration_method"":""jaccard2"",""name_2"":""Mumbai Suburban""},{""gid_2"":""IND.20.24_1"",""migration_date"":""2025-12-20"",""migration_method"":""puzzle2_2"",""name_2"":""Palghar""},{""gid_2"":""IND.20.27_1"",""migration_date"":""2025-12-20"",""migration_method"":""jaccard2"",""name_2"":""Raigarh""},{""gid_2"":""IND.20.28_1"",""migration_date"":""2025-12-20"",""migration_method"":""jaccard2"",""name_2"":""Ratnagiri""},{""gid_2"":""IND.20.31_1"",""migration_date"":""2025-12-20"",""migration_method"":""jaccard2"",""name_2"":""Sindhudurg""},{""gid_2"":""IND.20.33_1"",""migration_date"":""2025-12-20"",""migration_method"":""puzzle2_2"",""name_2"":""Thane""},{""gid_2"":""IND.20.3_1"",""migration_date"":""2025-12-20"",""migration_method"":""jaccard2"",""name_2"":""Amravati""}]",2007-07-11,2025-12-20,2007-07-01,2007-07-06
2007-0467-IND,No,Natural,Hydrological,Flood,Coastal flood,NULL,IND,India,Southern Asia,Asia,"Baleshwar, Kendrapara, Bhadrak, Jagatsinghpur, Jajpur, Mayurbhanj, Khordha, Cuttack, Puri, Kandhamal districts (Orissa province), Kolkata, South 24 Parganas, East Midnapore, West Midnapore, Hughli districts (West Bengal province)",Tropical depression in Bay of Bengal,NULL,No,NULL,72010.0,Km2,20.91,86.4,"Brahmani, Baitarani, Burhabalang, Budhabalanga, Suvarnarekha, Kalo, Sunei, Jalaka, Kansabansha (Orissa), Hugli, Kangsabati, Keleghai, Silabati, Subarnarekha, Dulung, Bhagirathihad, Bhagirathiis, Bhagirati (West Be,gal",80.0,NULL,7200000.0,NULL,7200000.0,NULL,NULL,275000.0,426996.0,64.40346368,"[{""adm2_code"":17809,""adm2_name"":""Cuttack""},{""adm2_code"":17816,""adm2_name"":""Mayurbhanj""},{""adm2_code"":17818,""adm2_name"":""Puri""},{""adm2_code"":70207,""adm2_name"":""Baleshwar""},{""adm2_code"":70209,""adm2_name"":""Bhadrak""},{""adm2_code"":70214,""adm2_name"":""Jagatsinghpur""},{""adm2_code"":70215,""adm2_name"":""Jajpur""},{""adm2_code"":70217,""adm2_name"":""Kandhamal""},{""adm2_code"":70218,""adm2_name"":""Kendrapara""},{""adm2_code"":70219,""adm2_name"":""Khordha""},{""adm2_code"":17950,""adm2_name"":""Hugli""},{""adm2_code"":70291,""adm2_name"":""East Midnapore""},{""adm2_code"":70292,""adm2_name"":""Kolkata""},{""adm2_code"":70294,""adm2_name"":""South 24 Parganas""},{""adm2_code"":70296,""adm2_name"":""West Midnapore""}]","[{""gid_2"":""IND.26.12_1"",""migration_date"":""2025-12-20"",""migration_method"":""jaccard2"",""name_2"":""Jagatsinghapur""},{""gid_2"":""IND.26.13_1"",""migration_date"":""2025-12-20"",""migration_method"":""jaccard2"",""name_2"":""Jajapur""},{""gid_2"":""IND.26.16_1"",""migration_date"":""2025-12-20"",""migration_method"":""jaccard2"",""name_2"":""Kandhamal""},{""gid_2"":""IND.26.17_1"",""migration_date"":""2025-12-20"",""migration_method"":""jaccard2"",""name_2"":""Kendrapara""},{""gid_2"":""IND.26.19_1"",""migration_date"":""2025-12-20"",""migration_method"":""jaccard2"",""name_2"":""Khordha""},{""gid_2"":""IND.26.22_1"",""migration_date"":""2025-12-20"",""migration_method"":""jaccard2"",""name_2"":""Mayurbhanj""},{""gid_2"":""IND.26.26_1"",""migration_date"":""2025-12-20"",""migration_method"":""jaccard2"",""name_2"":""Puri""},{""gid_2"":""IND.26.3_1"",""migration_date"":""2025-12-20"",""migration_method"":""jaccard2"",""name_2"":""Baleshwar""},{""gid_2"":""IND.26.6_1"",""migration_date"":""2025-12-20"",""migration_method"":""jaccard2"",""name_2"":""Bhadrak""},{""gid_2"":""IND.26.7_1"",""migration_date"":""2025-12-20"",""migration_method"":""jaccard2"",""name_2"":""Cuttack""},{""gid_2"":""IND.36.11_1"",""migration_date"":""2025-12-20"",""migration_method"":""jaccard2"",""name_2"":""Kolkata""},{""gid_2"":""IND.36.16_1"",""migration_date"":""2025-12-20"",""migration_method"":""jaccard2"",""name_2"":""Pashchim Medinipur""},{""gid_2"":""IND.36.17_1"",""migration_date"":""2025-12-20"",""migration_method"":""jaccard2"",""name_2"":""Purba Medinipur""},{""gid_2"":""IND.36.19_1"",""migration_date"":""2025-12-20"",""migration_method"":""jaccard2"",""name_2"":""South 24 Parganas""},{""gid_2"":""IND.36.8_1"",""migration_date"":""2025-12-20"",""migration_method"":""jaccard2"",""name_2"":""Hugli""}]",2007-10-04,2025-12-20,2007-09-22,2007-10-03
2007-0596-IND,No,Natural,Hydrological,Flood,Riverine flood,NULL,IND,India,Southern Asia,Asia,"Cuttack, Puri, Khordha, Jajpur, Jagatsinghpur districts (Orissa province)",Monsoonal rain,NULL,No,NULL,15360.0,Km2,20.45,86.2,"Bansadhara, Subamarekha, Jalaka, Kharasrota, Brahmani",15.0,NULL,500000.0,NULL,500000.0,NULL,NULL,NULL,NULL,64.40346368,"[{""adm2_code"":17809,""adm2_name"":""Cuttack""},{""adm2_code"":17818,""adm2_name"":""Puri""},{""adm2_code"":70214,""adm2_name"":""Jagatsinghpur""},{""adm2_code"":70215,""adm2_name"":""Jajpur""},{""adm2_code"":70219,""adm2_name"":""Khordha""}]","[{""gid_2"":""IND.26.12_1"",""migration_date"":""2025-12-20"",""migration_method"":""jaccard2"",""name_2"":""Jagatsinghapur""},{""gid_2"":""IND.26.13_1"",""migration_date"":""2025-12-20"",""migration_method"":""jaccard2"",""name_2"":""Jajapur""},{""gid_2"":""IND.26.19_1"",""migration_date"":""2025-12-20"",""migration_method"":""jaccard2"",""name_2"":""Khordha""},{""gid_2"":""IND.26.26_1"",""migration_date"":""2025-12-20"",""migration_method"":""jaccard2"",""name_2"":""Puri""},{""gid_2"":""IND.26.7_1"",""migration_date"":""2025-12-20"",""migration_method"":""jaccard2"",""name_2"":""Cuttack""}]",2007-12-14,2025-12-20,2007-08-03,2007-08-27
2008-0616-IND,No,Natural,Meteorological,Extreme temperature,Cold wave,NULL,IND,India,Southern Asia,Asia,"Uttar Pradesh, Bihar, Haryana, Punjab, Himachal Pradesh, Uttarakhand, Jammu and Kashmir provinces",NULL,NULL,No,NULL,4.0,°C,NULL,NULL,NULL,70.0,NULL,NULL,NULL,NULL,NULL,NULL,NULL,NULL,66.87597418,"[{""adm1_code"":1492,""adm1_name"":""Haryana""},{""adm1_code"":1493,""adm1_name"":""Himachal Pradesh""},{""adm1_code"":1505,""adm1_name"":""Punjab""},{""adm1_code"":40408,""adm1_name"":""Administrative unit not available""},{""adm1_code"":40409,""adm1_name"":""Administrative unit not available""},{""adm1_code"":40422,""adm1_name"":""Administrative unit not available""},{""adm1_code"":40423,""adm1_name"":""Administrative unit not available""},{""adm1_code"":40424,""adm1_name"":""Administrative unit not available""},{""adm1_code"":40425,""adm1_name"":""Administrative unit not available""},{""adm1_code"":40426,""adm1_name"":""Administrative unit not available""},{""adm1_code"":40427,""adm1_name"":""Administrative unit not available""},{""adm1_code"":40428,""adm1_name"":""Administrative unit not available""},{""adm1_code"":40429,""adm1_name"":""Administrative unit not available""},{""adm1_code"":40430,""adm1_name"":""Administrative unit not available""},{""adm1_code"":40431,""adm1_name"":""Administrative unit not available""},{""adm1_code"":70073,""adm1_name"":""Bihar""},{""adm1_code"":70081,""adm1_name"":""Uttar Pradesh""},{""adm1_code"":70082,""adm1_name"":""Uttarakhand""}]","[{""gid_1"":""IND.12_1"",""migration_date"":""2025-12-20"",""migration_method"":""jaccard1"",""name_1"":""Haryana""},{""gid_1"":""IND.13_1"",""migration_date"":""2025-12-20"",""migration_method"":""jaccard1"",""name_1"":""Himachal Pradesh""},{""gid_1"":""IND.28_1"",""migration_date"":""2025-12-20"",""migration_method"":""jaccard1"",""name_1"":""Punjab""},{""gid_1"":""IND.34_1"",""migration_date"":""2025-12-20"",""migration_method"":""jaccard1"",""name_1"":""Uttar Pradesh""},{""gid_1"":""IND.35_1"",""migration_date"":""2025-12-20"",""migration_method"":""jaccard1"",""name_1"":""Uttarakhand""},{""gid_1"":""IND.5_1"",""migration_date"":""2025-12-20"",""migration_method"":""jaccard1"",""name_1"":""Bihar""},{""gid_1"":""Z06.1_1"",""migration_date"":""2025-12-20"",""migration_method"":""jaccard1"",""name_1"":""Azad Kashmir""},{""gid_1"":""Z06.6_1"",""migration_date"":""2025-12-20"",""migration_method"":""jaccard1"",""name_1"":""Gilgit-Baltistan""},{""gid_2"":""Z01.14.10_1"",""migration_date"":""2025-12-20"",""migration_method"":""puzzle1_2"",""name_2"":""Kishtwar""},{""gid_2"":""Z01.14.12_1"",""migration_date"":""2025-12-20"",""migration_method"":""puzzle1_2"",""name_2"":""Kupwara""},{""gid_2"":""Z01.14.13_1"",""migration_date"":""2025-12-20"",""migration_method"":""puzzle1_2"",""name_2"":""Leh (Ladakh)""},{""gid_2"":""Z01.14.14_1"",""migration_date"":""2025-12-20"",""migration_method"":""puzzle1_2"",""name_2"":""Poonch""},{""gid_2"":""Z01.14.16_1"",""migration_date"":""2025-12-20"",""migration_method"":""puzzle1_2"",""name_2"":""Rajouri""},{""gid_2"":""Z01.14.17_1"",""migration_date"":""2025-12-20"",""migration_method"":""puzzle1_2"",""name_2"":""Ramban""},{""gid_2"":""Z01.14.18_1"",""migration_date"":""2025-12-20"",""migration_method"":""puzzle1_2"",""name_2"":""Reasi""},{""gid_2"":""Z01.14.19_1"",""migration_date"":""2025-12-20"",""migration_method"":""puzzle1_2"",""name_2"":""Samba""},{""gid_2"":""Z01.14.21_1"",""migration_date"":""2025-12-20"",""migration_method"":""puzzle1_2"",""name_2"":""Srinagar""},{""gid_2"":""Z01.14.22_1"",""migration_date"":""2025-12-20"",""migration_method"":""puzzle1_2"",""name_2"":""Udhampur""},{""gid_2"":""Z01.14.2_1"",""migration_date"":""2025-12-20"",""migration_method"":""puzzle1_2"",""name_2"":""Badgam""},{""gid_2"":""Z01.14.3_1"",""migration_date"":""2025-12-20"",""migration_method"":""puzzle1_2"",""name_2"":""Bandipore""},{""gid_2"":""Z01.14.4_1"",""migration_date"":""2025-12-20"",""migration_method"":""puzzle1_2"",""name_2"":""Baramulla""},{""gid_2"":""Z01.14.5_1"",""migration_date"":""2025-12-20"",""migration_method"":""puzzle1_2"",""name_2"":""Doda""},{""gid_2"":""Z01.14.6_1"",""migration_date"":""2025-12-20"",""migration_method"":""puzzle1_2"",""name_2"":""Ganderbal""},{""gid_2"":""Z01.14.7_1"",""migration_date"":""2025-12-20"",""migration_method"":""puzzle1_2"",""name_2"":""Jammu""},{""gid_2"":""Z01.14.8_1"",""migration_date"":""2025-12-20"",""migration_method"":""puzzle1_2"",""name_2"":""Kargil""},{""gid_2"":""Z01.14.9_1"",""migration_date"":""2025-12-20"",""migration_method"":""puzzle1_2"",""name_2"":""Kathua""}]",2010-03-07,2025-12-20,2008-12-01,2009-01-01
2009-0204-IND,No,Natural,Meteorological,Storm,Tropical cyclone,"Cyclone ""Aila""",IND,India,Southern Asia,Asia,"Sagar, Namkhana, Kakdwip, Pathar Pratima, Canning, Basanti, Mathurapur, Kultali villages (South 24 Parganas district, West Bengal province), Kolkata, North 24 Parganas, Haora, Hugli, Darjiling districts (West Bengal province)",NULL,"Flood|Slide (land, mud, snow, rock)",No,NULL,110.0,Kph,NULL,NULL,NULL,96.0,NULL,5100000.0,NULL,5100000.0,NULL,NULL,NULL,NULL,66.63820107,"[{""adm2_code"":17948,""adm2_name"":""Darjiling""},{""adm2_code"":17949,""adm2_name"":""Haora""},{""adm2_code"":17950,""adm2_name"":""Hugli""},{""adm2_code"":70292,""adm2_name"":""Kolkata""},{""adm2_code"":70293,""adm2_name"":""North 24 Parganas""},{""adm2_code"":70294,""adm2_name"":""South 24 Parganas""}]","[{""gid_2"":""IND.36.11_1"",""migration_date"":""2025-12-20"",""migration_method"":""jaccard2"",""name_2"":""Kolkata""},{""gid_2"":""IND.36.15_1"",""migration_date"":""2025-12-20"",""migration_method"":""jaccard2"",""name_2"":""North 24 Parganas""},{""gid_2"":""IND.36.19_1"",""migration_date"":""2025-12-20"",""migration_method"":""jaccard2"",""name_2"":""South 24 Parganas""},{""gid_2"":""IND.36.6_1"",""migration_date"":""2025-12-20"",""migration_method"":""jaccard2"",""name_2"":""Darjiling""},{""gid_2"":""IND.36.7_1"",""migration_date"":""2025-12-20"",""migration_method"":""jaccard2"",""name_2"":""Haora""},{""gid_2"":""IND.36.8_1"",""migration_date"":""2025-12-20"",""migration_method"":""jaccard2"",""name_2"":""Hugli""}]",2010-01-06,2025-12-20,2009-05-25,2009-05-25
2009-0240-IND,No,Natural,Meteorological,Storm,Lightning/Thunderstorms,NULL,IND,India,Southern Asia,Asia,"Bihar, Jharkhand provinces",NULL,NULL,No,NULL,NULL,Kph,NULL,NULL,NULL,35.0,12.0,NULL,NULL,12.0,NULL,NULL,NULL,NULL,66.63820107,"[{""adm1_code"":70073,""adm1_name"":""Bihar""},{""adm1_code"":70078,""adm1_name"":""Jharkhand""}]","[{""gid_1"":""IND.15_1"",""migration_date"":""2025-12-20"",""migration_method"":""jaccard1"",""name_1"":""Jharkhand""},{""gid_1"":""IND.5_1"",""migration_date"":""2025-12-20"",""migration_method"":""jaccard1"",""name_1"":""Bihar""}]",2010-03-08,2025-12-20,2009-06-28,2009-06-29
2009-0383-IND,No,Natural,Hydrological,Mass movement (wet),Landslide (wet),NULL,IND,India,Southern Asia,Asia,"Lal, Bahadur, Shastri, Nagar slums (Mumbai Suburban district, Maharashtra province)",NULL,NULL,No,NULL,NULL,NULL,NULL,NULL,NULL,10.0,NULL,NULL,NULL,NULL,NULL,NULL,NULL,NULL,66.63820107,"[{""adm2_code"":70183,""adm2_name"":""Mumbai Suburban""}]","[{""gid_2"":""IND.20.18_1"",""migration_date"":""2025-12-20"",""migration_method"":""jaccard2"",""name_2"":""Mumbai Suburban""}]",2009-10-01,2025-12-20,2009-09-03,2009-09-03
2009-0443-IND,No,Natural,Hydrological,Flood,Riverine flood,NULL,IND,India,Southern Asia,Asia,Jainta Hills district (Meghalaya province),Torrential rain,Broken Dam/Burst bank,No,NULL,NULL,Km2,NULL,NULL,NULL,20.0,NULL,NULL,NULL,NULL,NULL,NULL,NULL,NULL,66.63820107,"[{""adm2_code"":17795,""adm2_name"":""Jaintia Hills""}]","[{""gid_2"":""IND.22.3_1"",""migration_date"":""2025-12-20"",""migration_method"":""jaccard2"",""name_2"":""Jaintia Hills""}]",2009-10-16,2025-12-20,2009-10-09,2009-10-09
2009-0640-IND,No,Natural,Meteorological,Storm,Severe weather,NULL,IND,India,Southern Asia,Asia,Uttar Pradesh province,NULL,Hail,No,NULL,NULL,Kph,NULL,NULL,NULL,32.0,23.0,NULL,NULL,23.0,NULL,NULL,NULL,NULL,66.63820107,"[{""adm1_code"":70081,""adm1_name"":""Uttar Pradesh""}]","[{""gid_1"":""IND.34_1"",""migration_date"":""2025-12-20"",""migration_method"":""jaccard1"",""name_1"":""Uttar Pradesh""}]",2010-07-16,2025-12-20,2009-05-11,2009-05-11
2010-0177-IND,No,Natural,Meteorological,Storm,Storm (General),NULL,IND,India,Southern Asia,Asia,"Uttar Pradesh, Bihar provinces",NULL,Flood,No,NULL,NULL,Kph,NULL,NULL,NULL,54.0,50.0,NULL,NULL,50.0,NULL,NULL,NULL,NULL,67.73109453,"[{""adm1_code"":70073,""adm1_name"":""Bihar""},{""adm1_code"":70081,""adm1_name"":""Uttar Pradesh""}]","[{""gid_1"":""IND.34_1"",""migration_date"":""2025-12-20"",""migration_method"":""jaccard1"",""name_1"":""Uttar Pradesh""},{""gid_1"":""IND.5_1"",""migration_date"":""2025-12-20"",""migration_method"":""jaccard1"",""name_1"":""Bihar""}]",2010-05-10,2025-12-20,2010-05-06,2010-05-08
2010-0373-IND,No,Natural,Hydrological,Flood,Flash flood,NULL,IND,India,Southern Asia,Asia,"Leh, Cholglamsar villages (72785 district, Jammu and Kashmir province)",Heavy rains,"Slide (land, mud, snow, rock)",Yes,NULL,145000.0,Km2,33.53,76.12,NULL,196.0,225.0,12500.0,NULL,12725.0,NULL,NULL,NULL,NULL,67.73109453,"[{""adm2_code"":72785,""adm2_name"":""Administrative unit not available""}]","[{""gid_2"":""Z01.14.13_1"",""migration_date"":""2025-12-20"",""migration_method"":""jaccard2"",""name_2"":""Leh (Ladakh)""}]",2014-07-28,2025-12-20,2010-08-06,2010-08-08
2010-0428-IND,No,Natural,Meteorological,Storm,Lightning/Thunderstorms,NULL,IND,India,Southern Asia,Asia,"Bihar, Jharkhand provinces",NULL,NULL,No,NULL,NULL,Kph,NULL,NULL,NULL,25.0,NULL,NULL,NULL,NULL,NULL,NULL,NULL,NULL,67.73109453,"[{""adm1_code"":70073,""adm1_name"":""Bihar""},{""adm1_code"":70078,""adm1_name"":""Jharkhand""}]","[{""gid_1"":""IND.15_1"",""migration_date"":""2025-12-20"",""migration_method"":""jaccard1"",""name_1"":""Jharkhand""},{""gid_1"":""IND.5_1"",""migration_date"":""2025-12-20"",""migration_method"":""jaccard1"",""name_1"":""Bihar""}]",2010-08-26,2025-12-20,2010-08-25,2010-08-25
2010-0629-IND,No,Natural,Hydrological,Flood,Riverine flood,NULL,IND,India,Southern Asia,Asia,"Chennai, Cuddalore, Nagapattinam, Pudukottai, Ramanthapuram, Thanjavur, Thiruvallur, Villupuram, Thoothukudi, Tirunelveli Kattabo districts (Tamil Nadu province)",Monsoonal rain,NULL,No,NULL,57474.0,Km2,9.88,78.47,NULL,203.0,NULL,NULL,NULL,NULL,NULL,NULL,22000.0,32481.0,67.73109453,"[{""adm2_code"":17866,""adm2_name"":""Thoothukudi""},{""adm2_code"":17876,""adm2_name"":""Pudukkottai""},{""adm2_code"":17878,""adm2_name"":""Ramanathapuram""},{""adm2_code"":17881,""adm2_name"":""Thanjavur""},{""adm2_code"":17884,""adm2_name"":""Tirunelveli Kattabo""},{""adm2_code"":70242,""adm2_name"":""Chennai""},{""adm2_code"":70243,""adm2_name"":""Cuddalore""},{""adm2_code"":70247,""adm2_name"":""Nagapattinam""},{""adm2_code"":70251,""adm2_name"":""Thiruvallur""},{""adm2_code"":70255,""adm2_name"":""Villupuram""}]","[{""gid_2"":""IND.31.13_1"",""migration_date"":""2025-12-20"",""migration_method"":""puzzle2_2"",""name_2"":""Nagappattinam""},{""gid_2"":""IND.31.16_1"",""migration_date"":""2025-12-20"",""migration_method"":""jaccard2"",""name_2"":""Pudukkottai""},{""gid_2"":""IND.31.17_1"",""migration_date"":""2025-12-20"",""migration_method"":""jaccard2"",""name_2"":""Ramanathapuram""},{""gid_2"":""IND.31.20_1"",""migration_date"":""2025-12-20"",""migration_method"":""jaccard2"",""name_2"":""Thanjavur""},{""gid_2"":""IND.31.23_1"",""migration_date"":""2025-12-20"",""migration_method"":""jaccard2"",""name_2"":""Thiruvallur""},{""gid_2"":""IND.31.24_1"",""migration_date"":""2025-12-20"",""migration_method"":""puzzle2_2"",""name_2"":""Thiruvarur""},{""gid_2"":""IND.31.25_1"",""migration_date"":""2025-12-20"",""migration_method"":""jaccard2"",""name_2"":""Thoothukkudi""},{""gid_2"":""IND.31.27_1"",""migration_date"":""2025-12-20"",""migration_method"":""jaccard2"",""name_2"":""Tirunelveli""},{""gid_2"":""IND.31.2_1"",""migration_date"":""2025-12-20"",""migration_method"":""jaccard2"",""name_2"":""Chennai""},{""gid_2"":""IND.31.31_1"",""migration_date"":""2025-12-20"",""migration_method"":""jaccard2"",""name_2"":""Viluppuram""},{""gid_2"":""IND.31.4_1"",""migration_date"":""2025-12-20"",""migration_method"":""jaccard2"",""name_2"":""Cuddalore""}]",2011-01-06,2025-12-20,2010-11-15,2010-12-07
2010-0693-IND,No,Natural,Meteorological,Storm,Tropical cyclone,Cyclone Jal,IND,India,Southern Asia,Asia,Andhra Pradesh province,NULL,Flood,No,NULL,100.0,Kph,NULL,NULL,NULL,22.0,NULL,NULL,NULL,NULL,NULL,NULL,NULL,NULL,67.73109453,"[{""adm1_code"":1485,""adm1_name"":""Andhra Pradesh""}]","[{""gid_1"":""IND.2_1"",""migration_date"":""2025-12-20"",""migration_method"":""puzzle1_1"",""name_1"":""Andhra Pradesh""},{""gid_1"":""IND.32_1"",""migration_date"":""2025-12-20"",""migration_method"":""puzzle1_1"",""name_1"":""Telangana""}]",2011-03-17,2025-12-20,2010-10-31,2010-11-03
2011-0327-IND,No,Natural,Hydrological,Flood,Riverine flood,NULL,IND,India,Southern Asia,Asia,West Bengal province,Mosnoonal rains,NULL,No,NULL,28684.0,Km2,22.306,88.34,NULL,47.0,NULL,700000.0,NULL,700000.0,NULL,NULL,275000.0,393592.0,69.86926351,"[{""adm1_code"":1511,""adm1_name"":""West Bengal""}]","[{""gid_1"":""IND.36_1"",""migration_date"":""2025-12-20"",""migration_method"":""jaccard1"",""name_1"":""West Bengal""}]",2011-11-07,2025-12-20,2011-08-10,2011-09-13
2011-0371-IND,No,Natural,Hydrological,Flood,Riverine flood,NULL,IND,India,Southern Asia,Asia,"Angul, Baleshwar, Baragarh, Bhadrak, Boudh, Cuttack, Deogarh, Dhenkanal, Jajpur, Jagatsinghpur, Jharsuguda, Kendrapara, Khordha, Mayurbhanj, Nayagarh, Nuapada, Puri, Sambalpur districts (Orissa province)",Monsoonal rains,NULL,Yes,NULL,27751.0,Km2,20.651,86.0,NULL,239.0,NULL,3443989.0,NULL,3443989.0,NULL,NULL,930000.0,1331057.0,69.86926351,"[{""adm2_code"":17809,""adm2_name"":""Cuttack""},{""adm2_code"":17810,""adm2_name"":""Dhenkanal""},{""adm2_code"":17816,""adm2_name"":""Mayurbhanj""},{""adm2_code"":17818,""adm2_name"":""Puri""},{""adm2_code"":17819,""adm2_name"":""Sambalpur""},{""adm2_code"":70206,""adm2_name"":""Angul""},{""adm2_code"":70207,""adm2_name"":""Baleshwar""},{""adm2_code"":70208,""adm2_name"":""Baragarh""},{""adm2_code"":70209,""adm2_name"":""Bhadrak""},{""adm2_code"":70211,""adm2_name"":""Boudh""},{""adm2_code"":70212,""adm2_name"":""Deogarh""},{""adm2_code"":70214,""adm2_name"":""Jagatsinghpur""},{""adm2_code"":70215,""adm2_name"":""Jajpur""},{""adm2_code"":70216,""adm2_name"":""Jharsuguda""},{""adm2_code"":70218,""adm2_name"":""Kendrapara""},{""adm2_code"":70219,""adm2_name"":""Khordha""},{""adm2_code"":70222,""adm2_name"":""Nayagarh""},{""adm2_code"":70223,""adm2_name"":""Nuapada""}]","[{""gid_2"":""IND.26.12_1"",""migration_date"":""2025-12-20"",""migration_method"":""jaccard2"",""name_2"":""Jagatsinghapur""},{""gid_2"":""IND.26.13_1"",""migration_date"":""2025-12-20"",""migration_method"":""jaccard2"",""name_2"":""Jajapur""},{""gid_2"":""IND.26.14_1"",""migration_date"":""2025-12-20"",""migration_method"":""jaccard2"",""name_2"":""Jharsuguda""},{""gid_2"":""IND.26.17_1"",""migration_date"":""2025-12-20"",""migration_method"":""jaccard2"",""name_2"":""Kendrapara""},{""gid_2"":""IND.26.19_1"",""migration_date"":""2025-12-20"",""migration_method"":""jaccard2"",""name_2"":""Khordha""},{""gid_2"":""IND.26.1_1"",""migration_date"":""2025-12-20"",""migration_method"":""jaccard2"",""name_2"":""Anugul""},{""gid_2"":""IND.26.22_1"",""migration_date"":""2025-12-20"",""migration_method"":""jaccard2"",""name_2"":""Mayurbhanj""},{""gid_2"":""IND.26.24_1"",""migration_date"":""2025-12-20"",""migration_method"":""jaccard2"",""name_2"":""Nayagarh""},{""gid_2"":""IND.26.25_1"",""migration_date"":""2025-12-20"",""migration_method"":""jaccard2"",""name_2"":""Nuapada""},{""gid_2"":""IND.26.26_1"",""migration_date"":""2025-12-20"",""migration_method"":""jaccard2"",""name_2"":""Puri""},{""gid_2"":""IND.26.28_1"",""migration_date"":""2025-12-20"",""migration_method"":""jaccard2"",""name_2"":""Sambalpur""},{""gid_2"":""IND.26.3_1"",""migration_date"":""2025-12-20"",""migration_method"":""jaccard2"",""name_2"":""Baleshwar""},{""gid_2"":""IND.26.4_1"",""migration_date"":""2025-12-20"",""migration_method"":""jaccard2"",""name_2"":""Bargarh""},{""gid_2"":""IND.26.5_1"",""migration_date"":""2025-12-20"",""migration_method"":""jaccard2"",""name_2"":""Bauda""},{""gid_2"":""IND.26.6_1"",""migration_date"":""2025-12-20"",""migration_method"":""jaccard2"",""name_2"":""Bhadrak""},{""gid_2"":""IND.26.7_1"",""migration_date"":""2025-12-20"",""migration_method"":""jaccard2"",""name_2"":""Cuttack""},{""gid_2"":""IND.26.8_1"",""migration_date"":""2025-12-20"",""migration_method"":""jaccard2"",""name_2"":""Debagarh""},{""gid_2"":""IND.26.9_1"",""migration_date"":""2025-12-20"",""migration_method"":""jaccard2"",""name_2"":""Dhenkanal""}]",2014-07-28,2025-12-20,2011-09-23,2011-10-23
2011-0473-IND,No,Natural,Hydrological,Flood,Riverine flood,NULL,IND,India,Southern Asia,Asia,Orissa province,Monsoonal rains,NULL,No,NULL,NULL,Km2,NULL,NULL,NULL,42.0,NULL,2100000.0,NULL,2100000.0,NULL,NULL,432000.0,618298.0,69.86926351,"[{""adm1_code"":1504,""adm1_name"":""Orissa""}]","[{""gid_1"":""IND.26_1"",""migration_date"":""2025-12-20"",""migration_method"":""jaccard1"",""name_1"":""Odisha""}]",2012-01-03,2025-12-20,2011-09-05,2011-09-15
2011-0647-IND,No,Natural,Hydrological,Flood,Riverine flood,NULL,IND,India,Southern Asia,Asia,"Uttar Pradesh, Uttarakhand province",Heavy monsoonal rains,NULL,No,NULL,NULL,Km2,NULL,NULL,NULL,50.0,NULL,NULL,NULL,NULL,NULL,NULL,20000.0,28625.0,69.86926351,"[{""adm1_code"":70081,""adm1_name"":""Uttar Pradesh""},{""adm1_code"":70082,""adm1_name"":""Uttarakhand""}]","[{""gid_1"":""IND.34_1"",""migration_date"":""2025-12-20"",""migration_method"":""jaccard1"",""name_1"":""Uttar Pradesh""},{""gid_1"":""IND.35_1"",""migration_date"":""2025-12-20"",""migration_method"":""jaccard1"",""name_1"":""Uttarakhand""}]",2012-04-05,2025-12-20,2011-06-15,2011-07-16
2012-0015-IND,No,Natural,Meteorological,Extreme temperature,Cold wave,NULL,IND,India,Southern Asia,Asia,"Karimnagar, Vishakhapatnam, Guntur districts (Andhra Pradesh province)",NULL,NULL,No,NULL,NULL,°C,NULL,NULL,NULL,15.0,NULL,NULL,NULL,NULL,NULL,NULL,NULL,NULL,71.31508773,"[{""adm2_code"":17552,""adm2_name"":""Guntur""},{""adm2_code"":17554,""adm2_name"":""Karimnagar""},{""adm2_code"":17566,""adm2_name"":""Vishakhapatnam""}]","[{""gid_2"":""IND.2.10_1"",""migration_date"":""2025-12-20"",""migration_method"":""jaccard2"",""name_2"":""Visakhapatnam""},{""gid_2"":""IND.2.4_1"",""migration_date"":""2025-12-20"",""migration_method"":""jaccard2"",""name_2"":""Guntur""},{""gid_2"":""IND.32.3_1"",""migration_date"":""2025-12-20"",""migration_method"":""jaccard2"",""name_2"":""Karimnagar""}]",2012-01-24,2025-12-20,2012-01-15,2012-01-17
2012-0049-IND,No,Natural,Geophysical,Mass movement (dry),Avalanche (dry),NULL,IND,India,Southern Asia,Asia,Adminitrative unit not available districts (Jammu and Kashmir province),NULL,NULL,No,NULL,NULL,NULL,NULL,NULL,NULL,16.0,NULL,NULL,NULL,NULL,NULL,NULL,NULL,NULL,71.31508773,"[{""adm2_code"":72794,""adm2_name"":""Administrative unit not available""},{""adm2_code"":72789,""adm2_name"":""Administrative unit not available""}]",NULL,2013-02-04,2023-09-25,2012-02-23,2012-02-23
2013-0090-IND,No,Natural,Meteorological,Storm,Tornado,NULL,IND,India,Southern Asia,Asia,Uttar Pradesh province,NULL,NULL,No,NULL,NULL,Kph,NULL,NULL,NULL,9.0,NULL,NULL,NULL,NULL,NULL,NULL,NULL,NULL,72.35973748,"[{""adm1_code"":70081,""adm1_name"":""Uttar Pradesh""}]","[{""gid_1"":""IND.34_1"",""migration_date"":""2025-12-20"",""migration_method"":""jaccard1"",""name_1"":""Uttar Pradesh""}]",2013-04-08,2025-12-20,2013-03-29,2013-03-30
2013-0140-IND,No,Natural,Geophysical,Earthquake,Ground movement,NULL,IND,India,Southern Asia,Asia,Administrive unit not available district (Jammu and Kashmir province),NULL,NULL,No,NULL,5.7,Moment Magnitude,33.061,75.863,NULL,3.0,70.0,59280.0,NULL,59350.0,NULL,NULL,120000.0,165838.0,72.35973748,"[{""adm2_code"":72809,""adm2_name"":""Administrative unit not available""}]",NULL,2013-07-05,2023-09-25,2013-05-01,2013-05-01
2013-0192-IND,No,Natural,Hydrological,Flood,Riverine flood,NULL,IND,India,Southern Asia,Asia,"Uttarakhand, Himachal Pradesh, Uttar Pradesh, Bihar, Karnataka, Kerala, Gujarat, West Bengal provinces",Monsoonal rain,"Slide (land, mud, snow, rock)",Yes,NULL,131743.41,Km2,32.714,76.61,"Ganges, Yamuna, Ghaghara tivers",6054.0,4473.0,500000.0,NULL,504473.0,500000.0,690992.0,1100000.0,1520182.0,72.35973748,"[{""adm1_code"":1491,""adm1_name"":""Gujarat""},{""adm1_code"":1493,""adm1_name"":""Himachal Pradesh""},{""adm1_code"":1494,""adm1_name"":""Karnataka""},{""adm1_code"":1495,""adm1_name"":""Kerala""},{""adm1_code"":1511,""adm1_name"":""West Bengal""},{""adm1_code"":70073,""adm1_name"":""Bihar""},{""adm1_code"":70081,""adm1_name"":""Uttar Pradesh""},{""adm1_code"":70082,""adm1_name"":""Uttarakhand""}]","[{""gid_1"":""IND.11_1"",""migration_date"":""2025-12-20"",""migration_method"":""jaccard1"",""name_1"":""Gujarat""},{""gid_1"":""IND.13_1"",""migration_date"":""2025-12-20"",""migration_method"":""jaccard1"",""name_1"":""Himachal Pradesh""},{""gid_1"":""IND.16_1"",""migration_date"":""2025-12-20"",""migration_method"":""jaccard1"",""name_1"":""Karnataka""},{""gid_1"":""IND.17_1"",""migration_date"":""2025-12-20"",""migration_method"":""jaccard1"",""name_1"":""Kerala""},{""gid_1"":""IND.34_1"",""migration_date"":""2025-12-20"",""migration_method"":""jaccard1"",""name_1"":""Uttar Pradesh""},{""gid_1"":""IND.35_1"",""migration_date"":""2025-12-20"",""migration_method"":""jaccard1"",""name_1"":""Uttarakhand""},{""gid_1"":""IND.36_1"",""migration_date"":""2025-12-20"",""migration_method"":""jaccard1"",""name_1"":""West Bengal""},{""gid_1"":""IND.5_1"",""migration_date"":""2025-12-20"",""migration_method"":""jaccard1"",""name_1"":""Bihar""}]",2014-07-29,2025-12-20,2013-06-12,2013-06-27
2013-0482-IND,No,Natural,Meteorological,Storm,Lightning/Thunderstorms,NULL,IND,India,Southern Asia,Asia,"Bihar, Jharkhand provinces",NULL,NULL,No,NULL,NULL,Kph,NULL,NULL,NULL,32.0,NULL,NULL,NULL,NULL,NULL,NULL,NULL,NULL,72.35973748,"[{""adm1_code"":70073,""adm1_name"":""Bihar""},{""adm1_code"":70078,""adm1_name"":""Jharkhand""}]","[{""gid_1"":""IND.15_1"",""migration_date"":""2025-12-20"",""migration_method"":""jaccard1"",""name_1"":""Jharkhand""},{""gid_1"":""IND.5_1"",""migration_date"":""2025-12-20"",""migration_method"":""jaccard1"",""name_1"":""Bihar""}]",2013-11-25,2025-12-20,2013-10-05,2013-10-06
2013-0515-IND,No,Natural,Meteorological,Storm,Tropical cyclone,Helen,IND,India,Southern Asia,Asia,"Krishna, Guntur, East Godavari, West Godavari, Vishakhapatnam districts (Andhra Pradesh province)",NULL,Flood,No,NULL,65.0,Kph,NULL,NULL,NULL,10.0,NULL,NULL,NULL,NULL,NULL,NULL,262000.0,362080.0,72.35973748,"[{""adm2_code"":17551,""adm2_name"":""East Godavari""},{""adm2_code"":17552,""adm2_name"":""Guntur""},{""adm2_code"":17556,""adm2_name"":""Krishna""},{""adm2_code"":17566,""adm2_name"":""Vishakhapatnam""},{""adm2_code"":17569,""adm2_name"":""West Godavari""}]","[{""gid_2"":""IND.2.10_1"",""migration_date"":""2025-12-20"",""migration_method"":""jaccard2"",""name_2"":""Visakhapatnam""},{""gid_2"":""IND.2.12_1"",""migration_date"":""2025-12-20"",""migration_method"":""jaccard2"",""name_2"":""West Godavari""},{""gid_2"":""IND.2.3_1"",""migration_date"":""2025-12-20"",""migration_method"":""jaccard2"",""name_2"":""East Godavari""},{""gid_2"":""IND.2.4_1"",""migration_date"":""2025-12-20"",""migration_method"":""jaccard2"",""name_2"":""Guntur""},{""gid_2"":""IND.2.5_1"",""migration_date"":""2025-12-20"",""migration_method"":""jaccard2"",""name_2"":""Krishna""}]",2013-12-07,2025-12-20,2013-11-22,2013-11-22
2014-0313-IND,No,Natural,Hydrological,Flood,Riverine flood,NULL,IND,India,Southern Asia,Asia,Orissa province,Torrential monsoonal rain,NULL,No,NULL,NULL,Km2,NULL,NULL,"Mahanadi, Baitarani, Budha",35.0,NULL,179000.0,NULL,179000.0,NULL,NULL,200000.0,271985.0,73.53357701,"[{""adm1_code"":1504,""adm1_name"":""Orissa""}]","[{""gid_1"":""IND.26_1"",""migration_date"":""2025-12-20"",""migration_method"":""jaccard1"",""name_1"":""Odisha""}]",2014-09-23,2025-12-20,2014-08-03,2014-08-04
2014-0268-IND,No,Natural,Hydrological,Flood,Riverine flood,NULL,IND,India,Southern Asia,Asia,"Uttarakhand, Himachal Pradesh provinces",Excessive rainfall,NULL,No,NULL,NULL,Km2,NULL,NULL,Sharda river,26.0,NULL,NULL,NULL,NULL,NULL,NULL,NULL,NULL,73.53357701,"[{""adm1_code"":1493,""adm1_name"":""Himachal Pradesh""},{""adm1_code"":70082,""adm1_name"":""Uttarakhand""}]","[{""gid_1"":""IND.13_1"",""migration_date"":""2025-12-20"",""migration_method"":""jaccard1"",""name_1"":""Himachal Pradesh""},{""gid_1"":""IND.35_1"",""migration_date"":""2025-12-20"",""migration_method"":""jaccard1"",""name_1"":""Uttarakhand""}]",2014-08-28,2025-12-20,2014-07-16,2014-07-22
2014-0409-IND,No,Natural,Hydrological,Flood,Riverine flood,NULL,IND,India,Southern Asia,Asia,Odisha province,NULL,NULL,No,NULL,NULL,Km2,NULL,NULL,NULL,47.0,NULL,3600000.0,NULL,3600000.0,NULL,NULL,100000.0,135992.0,73.53357701,"[{""adm1_code"":1504,""adm1_name"":""Orissa""}]","[{""gid_1"":""IND.26_1"",""migration_date"":""2025-12-20"",""migration_method"":""jaccard1"",""name_1"":""Odisha""}]",2014-10-15,2025-12-20,2014-08-09,2014-08-16
2014-0523-IND,No,Natural,Meteorological,Extreme temperature,Severe winter conditions,NULL,IND,India,Southern Asia,Asia,"Himachal Pradesh, Uttarakhand, Uttar Pradesh provinces",NULL,Fog|Snow/ice,No,NULL,NULL,°C,NULL,NULL,NULL,140.0,NULL,NULL,NULL,NULL,NULL,NULL,NULL,NULL,73.53357701,"[{""adm1_code"":1493,""adm1_name"":""Himachal Pradesh""},{""adm1_code"":70081,""adm1_name"":""Uttar Pradesh""},{""adm1_code"":70082,""adm1_name"":""Uttarakhand""}]","[{""gid_1"":""IND.13_1"",""migration_date"":""2025-12-20"",""migration_method"":""jaccard1"",""name_1"":""Himachal Pradesh""},{""gid_1"":""IND.34_1"",""migration_date"":""2025-12-20"",""migration_method"":""jaccard1"",""name_1"":""Uttar Pradesh""},{""gid_1"":""IND.35_1"",""migration_date"":""2025-12-20"",""migration_method"":""jaccard1"",""name_1"":""Uttarakhand""}]",2015-01-14,2025-12-20,2014-12-17,2014-12-18
2014-0538-IND,No,Natural,Meteorological,Storm,Storm (General),NULL,IND,India,Southern Asia,Asia,Uttar Pradesh province,NULL,NULL,No,NULL,NULL,Kph,NULL,NULL,NULL,27.0,NULL,NULL,NULL,NULL,NULL,NULL,NULL,NULL,73.53357701,"[{""adm1_code"":70081,""adm1_name"":""Uttar Pradesh""}]","[{""gid_1"":""IND.34_1"",""migration_date"":""2025-12-20"",""migration_method"":""jaccard1"",""name_1"":""Uttar Pradesh""}]",2015-03-25,2025-12-20,2014-04-17,2014-04-20
2015-0107-IND,No,Natural,Hydrological,Flood,Flash flood,NULL,IND,India,Southern Asia,Asia,"Chadoora village (72811 district, Jammu and Kashmir province)",Heavy rains,"Slide (land, mud, snow, rock)",No,NULL,70287.98,Km2,33.1767,76.41,Jhelum river,44.0,25.0,NULL,2097.0,2122.0,NULL,NULL,76000.0,103232.0,73.62080294,"[{""adm2_code"":72811,""adm2_name"":""Administrative unit not available""}]",NULL,2015-04-01,2023-09-25,2015-03-20,2015-03-31
2015-0118-IND,No,Natural,Meteorological,Storm,Lightning/Thunderstorms,NULL,IND,India,Southern Asia,Asia,Tripura province,NULL,NULL,No,NULL,NULL,Kph,NULL,NULL,NULL,1.0,NULL,10000.0,NULL,10000.0,NULL,NULL,3000.0,4075.0,73.62080294,"[{""adm1_code"":1509,""adm1_name"":""Tripura""}]","[{""gid_1"":""IND.33_1"",""migration_date"":""2025-12-20"",""migration_method"":""jaccard1"",""name_1"":""Tripura""}]",2015-05-20,2025-12-20,2015-04-04,2015-04-05
2015-0126-IND,No,Natural,Meteorological,Storm,Lightning/Thunderstorms,NULL,IND,India,Southern Asia,Asia,"Gujarat, Punjab, Himachal Pradresh, Haryana, Maharashtra, Bihar, Uttar Pradesh, Madhya Pradesh, Rajasthan, Jammu and Kashmir, Uttarakhand, West Bengal provinces",NULL,"Flood|Slide (land, mud, snow, rock)",No,NULL,NULL,Kph,NULL,NULL,NULL,27.0,NULL,NULL,NULL,NULL,106000.0,143981.0,906000.0,1230630.0,73.62080294,"[{""adm1_code"":1491,""adm1_name"":""Gujarat""},{""adm1_code"":1492,""adm1_name"":""Haryana""},{""adm1_code"":1493,""adm1_name"":""Himachal Pradesh""},{""adm1_code"":1498,""adm1_name"":""Maharashtra""},{""adm1_code"":1505,""adm1_name"":""Punjab""},{""adm1_code"":1506,""adm1_name"":""Rajasthan""},{""adm1_code"":1511,""adm1_name"":""West Bengal""},{""adm1_code"":40408,""adm1_name"":""Administrative unit not available""},{""adm1_code"":40409,""adm1_name"":""Administrative unit not available""},{""adm1_code"":40422,""adm1_name"":""Administrative unit not available""},{""adm1_code"":40423,""adm1_name"":""Administrative unit not available""},{""adm1_code"":40424,""adm1_name"":""Administrative unit not available""},{""adm1_code"":40425,""adm1_name"":""Administrative unit not available""},{""adm1_code"":40426,""adm1_name"":""Administrative unit not available""},{""adm1_code"":40427,""adm1_name"":""Administrative unit not available""},{""adm1_code"":40428,""adm1_name"":""Administrative unit not available""},{""adm1_code"":40429,""adm1_name"":""Administrative unit not available""},{""adm1_code"":40430,""adm1_name"":""Administrative unit not available""},{""adm1_code"":40431,""adm1_name"":""Administrative unit not available""},{""adm1_code"":70073,""adm1_name"":""Bihar""},{""adm1_code"":70079,""adm1_name"":""Madhya Pradesh""},{""adm1_code"":70081,""adm1_name"":""Uttar Pradesh""},{""adm1_code"":70082,""adm1_name"":""Uttarakhand""}]","[{""gid_1"":""IND.11_1"",""migration_date"":""2025-12-20"",""migration_method"":""jaccard1"",""name_1"":""Gujarat""},{""gid_1"":""IND.12_1"",""migration_date"":""2025-12-20"",""migration_method"":""jaccard1"",""name_1"":""Haryana""},{""gid_1"":""IND.13_1"",""migration_date"":""2025-12-20"",""migration_method"":""jaccard1"",""name_1"":""Himachal Pradesh""},{""gid_1"":""IND.19_1"",""migration_date"":""2025-12-20"",""migration_method"":""jaccard1"",""name_1"":""Madhya Pradesh""},{""gid_1"":""IND.20_1"",""migration_date"":""2025-12-20"",""migration_method"":""jaccard1"",""name_1"":""Maharashtra""},{""gid_1"":""IND.28_1"",""migration_date"":""2025-12-20"",""migration_method"":""jaccard1"",""name_1"":""Punjab""},{""gid_1"":""IND.29_1"",""migration_date"":""2025-12-20"",""migration_method"":""jaccard1"",""name_1"":""Rajasthan""},{""gid_1"":""IND.34_1"",""migration_date"":""2025-12-20"",""migration_method"":""jaccard1"",""name_1"":""Uttar Pradesh""},{""gid_1"":""IND.35_1"",""migration_date"":""2025-12-20"",""migration_method"":""jaccard1"",""name_1"":""Uttarakhand""},{""gid_1"":""IND.36_1"",""migration_date"":""2025-12-20"",""migration_method"":""jaccard1"",""name_1"":""West Bengal""},{""gid_1"":""IND.5_1"",""migration_date"":""2025-12-20"",""migration_method"":""jaccard1"",""name_1"":""Bihar""},{""gid_1"":""Z06.1_1"",""migration_date"":""2025-12-20"",""migration_method"":""jaccard1"",""name_1"":""Azad Kashmir""},{""gid_1"":""Z06.6_1"",""migration_date"":""2025-12-20"",""migration_method"":""jaccard1"",""name_1"":""Gilgit-Baltistan""},{""gid_2"":""Z01.14.10_1"",""migration_date"":""2025-12-20"",""migration_method"":""puzzle1_2"",""name_2"":""Kishtwar""},{""gid_2"":""Z01.14.12_1"",""migration_date"":""2025-12-20"",""migration_method"":""puzzle1_2"",""name_2"":""Kupwara""},{""gid_2"":""Z01.14.13_1"",""migration_date"":""2025-12-20"",""migration_method"":""puzzle1_2"",""name_2"":""Leh (Ladakh)""},{""gid_2"":""Z01.14.14_1"",""migration_date"":""2025-12-20"",""migration_method"":""puzzle1_2"",""name_2"":""Poonch""},{""gid_2"":""Z01.14.16_1"",""migration_date"":""2025-12-20"",""migration_method"":""puzzle1_2"",""name_2"":""Rajouri""},{""gid_2"":""Z01.14.17_1"",""migration_date"":""2025-12-20"",""migration_method"":""puzzle1_2"",""name_2"":""Ramban""},{""gid_2"":""Z01.14.18_1"",""migration_date"":""2025-12-20"",""migration_method"":""puzzle1_2"",""name_2"":""Reasi""},{""gid_2"":""Z01.14.19_1"",""migration_date"":""2025-12-20"",""migration_method"":""puzzle1_2"",""name_2"":""Samba""},{""gid_2"":""Z01.14.21_1"",""migration_date"":""2025-12-20"",""migration_method"":""puzzle1_2"",""name_2"":""Srinagar""},{""gid_2"":""Z01.14.22_1"",""migration_date"":""2025-12-20"",""migration_method"":""puzzle1_2"",""name_2"":""Udhampur""},{""gid_2"":""Z01.14.2_1"",""migration_date"":""2025-12-20"",""migration_method"":""puzzle1_2"",""name_2"":""Badgam""},{""gid_2"":""Z01.14.3_1"",""migration_date"":""2025-12-20"",""migration_method"":""puzzle1_2"",""name_2"":""Bandipore""},{""gid_2"":""Z01.14.4_1"",""migration_date"":""2025-12-20"",""migration_method"":""puzzle1_2"",""name_2"":""Baramulla""},{""gid_2"":""Z01.14.5_1"",""migration_date"":""2025-12-20"",""migration_method"":""puzzle1_2"",""name_2"":""Doda""},{""gid_2"":""Z01.14.6_1"",""migration_date"":""2025-12-20"",""migration_method"":""puzzle1_2"",""name_2"":""Ganderbal""},{""gid_2"":""Z01.14.7_1"",""migration_date"":""2025-12-20"",""migration_method"":""puzzle1_2"",""name_2"":""Jammu""},{""gid_2"":""Z01.14.8_1"",""migration_date"":""2025-12-20"",""migration_method"":""puzzle1_2"",""name_2"":""Kargil""},{""gid_2"":""Z01.14.9_1"",""migration_date"":""2025-12-20"",""migration_method"":""puzzle1_2"",""name_2"":""Kathua""}]",2015-04-09,2025-12-20,2015-03-06,2015-03-18
2015-0144-IND,No,Natural,Geophysical,Earthquake,Ground movement,NULL,IND,India,Southern Asia,Asia,"Bihar, Uttar Pradesh, West Bengal, Sikkim provinces",NULL,NULL,No,NULL,7.8,Moment Magnitude,28.2305,84.7314,NULL,78.0,560.0,NULL,NULL,560.0,NULL,NULL,NULL,NULL,73.62080294,"[{""adm1_code"":1507,""adm1_name"":""Sikkim""},{""adm1_code"":1511,""adm1_name"":""West Bengal""},{""adm1_code"":70073,""adm1_name"":""Bihar""},{""adm1_code"":70081,""adm1_name"":""Uttar Pradesh""}]","[{""gid_1"":""IND.30_1"",""migration_date"":""2025-12-20"",""migration_method"":""jaccard1"",""name_1"":""Sikkim""},{""gid_1"":""IND.34_1"",""migration_date"":""2025-12-20"",""migration_method"":""jaccard1"",""name_1"":""Uttar Pradesh""},{""gid_1"":""IND.36_1"",""migration_date"":""2025-12-20"",""migration_method"":""jaccard1"",""name_1"":""West Bengal""},{""gid_1"":""IND.5_1"",""migration_date"":""2025-12-20"",""migration_method"":""jaccard1"",""name_1"":""Bihar""}]",2015-04-28,2025-12-20,2015-04-25,2015-04-25
2015-0207-IND,No,Natural,Hydrological,Flood,Flash flood,NULL,IND,India,Southern Asia,Asia,"Bhadrairuppu village (Virudhunagar district, Tamil Nadu province)",Torrential rain,NULL,No,NULL,14179.0,Km2,10.7121,79.18,NULL,8.0,NULL,200.0,NULL,200.0,NULL,NULL,NULL,NULL,73.62080294,"[{""adm2_code"":17869,""adm2_name"":""Virudhunagar""}]","[{""gid_2"":""IND.31.32_1"",""migration_date"":""2025-12-20"",""migration_method"":""jaccard2"",""name_2"":""Virudunagar""}]",2015-06-04,2025-12-20,2015-05-17,2015-05-21
2015-0226-IND,No,Natural,Hydrological,Mass movement (wet),Landslide (wet),NULL,IND,India,Southern Asia,Asia,"Barpeta, Sonitpur, Goalpara, Dhemaji, Lakhimpur, Tinsukia, Darrang, Nalbari, Jorhat, Kamrup, Dibrugarh, Nagaon, Bongaigaon districts (Assam province)",Seosnal monsoon,NULL,No,NULL,NULL,NULL,26.9195,93.87,Bhrahmaputra river,3.0,NULL,9000.0,NULL,9000.0,NULL,NULL,NULL,NULL,73.62080294,"[{""adm2_code"":17576,""adm2_name"":""Barpeta""},{""adm2_code"":17578,""adm2_name"":""Darrang""},{""adm2_code"":17580,""adm2_name"":""Dibrugarh""},{""adm2_code"":17581,""adm2_name"":""Goalpara""},{""adm2_code"":17583,""adm2_name"":""Kamrup""},{""adm2_code"":17589,""adm2_name"":""Nagaon""},{""adm2_code"":17590,""adm2_name"":""Nalbari""},{""adm2_code"":17593,""adm2_name"":""Sonitpur""},{""adm2_code"":70086,""adm2_name"":""Bongaigaon""},{""adm2_code"":70087,""adm2_name"":""Dhemaji""},{""adm2_code"":70089,""adm2_name"":""Jorhat""},{""adm2_code"":70091,""adm2_name"":""Lakhimpur""},{""adm2_code"":70093,""adm2_name"":""Tinsukia""}]","[{""gid_1"":""IND.4_1"",""migration_date"":""2025-12-20"",""migration_method"":""parent2_1"",""name_1"":""Assam""}]",2015-07-15,2025-12-20,2015-06-02,2015-06-29
2015-0374-IND,No,Natural,Hydrological,Flood,Flood (General),NULL,IND,India,Southern Asia,Asia,Assam province,Monsoonal rain,NULL,No,NULL,69190.14,Km2,26.8946,93.75,Brahmaputra river,5.0,NULL,18000.0,NULL,18000.0,NULL,NULL,NULL,NULL,73.62080294,"[{""adm1_code"":1487,""adm1_name"":""Assam""}]","[{""gid_1"":""IND.4_1"",""migration_date"":""2025-12-20"",""migration_method"":""jaccard1"",""name_1"":""Assam""}]",2015-08-24,2025-12-20,2015-08-13,2015-08-19
2016-0002-IND,No,Natural,Geophysical,Earthquake,Ground movement,NULL,IND,India,Southern Asia,Asia,"Guwahati city (Kamrup district, Assam province), East Imphal, West Imphal, Senapati, Thoubal, Bishnupur, Tamenglong districts (Manipur province)",NULL,NULL,No,NULL,6.7,Moment Magnitude,24.804,93.65,NULL,8.0,308.0,10500.0,NULL,10808.0,NULL,NULL,75000.0,100604.0,74.54960299,"[{""adm2_code"":17583,""adm2_name"":""Kamrup""},{""adm2_code"":70188,""adm2_name"":""Bishnupur""},{""adm2_code"":70191,""adm2_name"":""East Imphal""},{""adm2_code"":70192,""adm2_name"":""Senapati""},{""adm2_code"":70193,""adm2_name"":""Tamenglong""},{""adm2_code"":70194,""adm2_name"":""Thoubal""},{""adm2_code"":70196,""adm2_name"":""West Imphal""}]","[{""gid_2"":""IND.21.1_1"",""migration_date"":""2025-12-20"",""migration_method"":""jaccard2"",""name_2"":""Bishnupur""},{""gid_2"":""IND.21.4_1"",""migration_date"":""2025-12-20"",""migration_method"":""jaccard2"",""name_2"":""Imphal East""},{""gid_2"":""IND.21.5_1"",""migration_date"":""2025-12-20"",""migration_method"":""jaccard2"",""name_2"":""Imphal West""},{""gid_2"":""IND.21.6_1"",""migration_date"":""2025-12-20"",""migration_method"":""jaccard2"",""name_2"":""Senapati""},{""gid_2"":""IND.21.7_1"",""migration_date"":""2025-12-20"",""migration_method"":""jaccard2"",""name_2"":""Tamenglong""},{""gid_2"":""IND.21.8_1"",""migration_date"":""2025-12-20"",""migration_method"":""jaccard2"",""name_2"":""Thoubal""},{""gid_2"":""IND.4.15_1"",""migration_date"":""2025-12-20"",""migration_method"":""puzzle2_2"",""name_2"":""Kamrup Metropolitan""},{""gid_2"":""IND.4.16_1"",""migration_date"":""2025-12-20"",""migration_method"":""puzzle2_2"",""name_2"":""Kamrup""}]",2016-01-12,2026-01-25,2016-01-03,2016-01-03
2016-0187-IND,No,Natural,Climatological,Wildfire,Forest fire,NULL,IND,India,Southern Asia,Asia,"Uttarakhand province (including Almora, Pauri Garhwal, Chamoli districts)",Combination of well above normal tempertaure and lack of rainfall,NULL,No,NULL,NULL,Km2,NULL,NULL,NULL,7.0,NULL,NULL,NULL,NULL,NULL,NULL,NULL,NULL,74.54960299,"[{""adm1_code"":70082,""adm1_name"":""Uttarakhand""}]","[{""gid_1"":""IND.35_1"",""migration_date"":""2025-12-20"",""migration_method"":""jaccard1"",""name_1"":""Uttarakhand""}]",2016-06-10,2025-12-20,2016-02-01,2016-05-02
2016-0237-IND,No,Natural,Meteorological,Storm,Lightning/Thunderstorms,NULL,IND,India,Southern Asia,Asia,"Bihar, Uttar Pradesh, Jharkhand, Madhya Pradesh provinces",NULL,NULL,No,NULL,NULL,Kph,NULL,NULL,NULL,93.0,NULL,NULL,NULL,NULL,NULL,NULL,NULL,NULL,74.54960299,"[{""adm1_code"":70073,""adm1_name"":""Bihar""},{""adm1_code"":70078,""adm1_name"":""Jharkhand""},{""adm1_code"":70079,""adm1_name"":""Madhya Pradesh""},{""adm1_code"":70081,""adm1_name"":""Uttar Pradesh""}]","[{""gid_1"":""IND.15_1"",""migration_date"":""2025-12-20"",""migration_method"":""jaccard1"",""name_1"":""Jharkhand""},{""gid_1"":""IND.19_1"",""migration_date"":""2025-12-20"",""migration_method"":""jaccard1"",""name_1"":""Madhya Pradesh""},{""gid_1"":""IND.34_1"",""migration_date"":""2025-12-20"",""migration_method"":""jaccard1"",""name_1"":""Uttar Pradesh""},{""gid_1"":""IND.5_1"",""migration_date"":""2025-12-20"",""migration_method"":""jaccard1"",""name_1"":""Bihar""}]",2016-07-13,2025-12-20,2016-06-20,2016-06-21
2017-0144-IND,No,Natural,Meteorological,Extreme temperature,Heat wave,NULL,IND,India,Southern Asia,Asia,"Andhra Pradesh, Telangana, Maharashtra, Odisha (Orissa)",NULL,NULL,No,NULL,48.0,°C,NULL,NULL,NULL,264.0,NULL,NULL,NULL,NULL,NULL,NULL,NULL,NULL,76.13760371,"[{""adm1_code"":1485,""adm1_name"":""Andhra Pradesh""},{""adm1_code"":1498,""adm1_name"":""Maharashtra""},{""adm1_code"":1504,""adm1_name"":""Orissa""}]","[{""gid_1"":""IND.20_1"",""migration_date"":""2025-12-20"",""migration_method"":""jaccard1"",""name_1"":""Maharashtra""},{""gid_1"":""IND.26_1"",""migration_date"":""2025-12-20"",""migration_method"":""jaccard1"",""name_1"":""Odisha""},{""gid_1"":""IND.2_1"",""migration_date"":""2025-12-20"",""migration_method"":""puzzle1_1"",""name_1"":""Andhra Pradesh""},{""gid_1"":""IND.32_1"",""migration_date"":""2025-12-20"",""migration_method"":""puzzle1_1"",""name_1"":""Telangana""}]",2017-05-18,2025-12-20,2017-04-12,2017-06-15
2017-0294-IND,No,Natural,Hydrological,Flood,Flood (General),NULL,IND,India,Southern Asia,Asia,"Banaskantha, Valsad, Navsari, Surat, Sabarkantha, Patan (Gujarat), Barmer, Jalore, Udaipur, Sirohi, Pali (Rajasthan), Kolkata (West Bengal)",Monsoon,NULL,No,NULL,NULL,Km2,NULL,NULL,Banas river,284.0,NULL,520000.0,NULL,520000.0,NULL,NULL,250000.0,328353.0,76.13760371,NULL,NULL,2017-07-31,2023-09-25,2017-06-01,2017-08-01
2017-0257-IND,No,Natural,Hydrological,Flood,Flood (General),NULL,IND,India,Southern Asia,Asia,Gujarat,Monsoon rains,NULL,No,NULL,NULL,Km2,NULL,NULL,NULL,31.0,NULL,NULL,NULL,NULL,NULL,NULL,NULL,NULL,76.13760371,"[{""adm1_code"":1491,""adm1_name"":""Gujarat""}]","[{""gid_1"":""IND.11_1"",""migration_date"":""2025-12-20"",""migration_method"":""jaccard1"",""name_1"":""Gujarat""}]",2017-07-17,2025-12-20,2017-06-01,2017-06-30
2017-0289-IND,No,Natural,Hydrological,Flood,Riverine flood,NULL,IND,India,Southern Asia,Asia,"Lakhimpur, Bangaigaon, Jorhat, Golaghat, Cachar, Dhemjai, Biswanath, Karimganj, Barpeta, Karbi Anglong, Sonitpur, Darrang, Hojai (Sub Division), Bhuragaon (Sub Division), Majuli, Nagaon, Nalbari, Sivasagar, Morigaon, Chirang, Dibrugarh, Dhubri, Kokrajhar, South Salmara, Charaideo, Goalpara districts (Assam)",Monsoon rainfall,NULL,No,NULL,NULL,Km2,NULL,NULL,Brahmaputra and Barak,75.0,NULL,1735000.0,NULL,1735000.0,NULL,NULL,NULL,NULL,76.13760371,"[{""adm2_code"":17576,""adm2_name"":""Barpeta""},{""adm2_code"":17577,""adm2_name"":""Cachar""},{""adm2_code"":17578,""adm2_name"":""Darrang""},{""adm2_code"":17579,""adm2_name"":""Dhuburi""},{""adm2_code"":17580,""adm2_name"":""Dibrugarh""},{""adm2_code"":17581,""adm2_name"":""Goalpara""},{""adm2_code"":17582,""adm2_name"":""Golaghat""},{""adm2_code"":17584,""adm2_name"":""Karbi Anglong""},{""adm2_code"":17585,""adm2_name"":""Karimganj""},{""adm2_code"":17589,""adm2_name"":""Nagaon""},{""adm2_code"":17590,""adm2_name"":""Nalbari""},{""adm2_code"":17592,""adm2_name"":""Sibsagar""},{""adm2_code"":17593,""adm2_name"":""Sonitpur""},{""adm2_code"":70086,""adm2_name"":""Bongaigaon""},{""adm2_code"":70087,""adm2_name"":""Dhemaji""},{""adm2_code"":70089,""adm2_name"":""Jorhat""},{""adm2_code"":70090,""adm2_name"":""Kokrajhar""},{""adm2_code"":70091,""adm2_name"":""Lakhimpur""},{""adm2_code"":70092,""adm2_name"":""Marigaon""}]","[{""gid_1"":""IND.4_1"",""migration_date"":""2025-12-20"",""migration_method"":""parent2_1"",""name_1"":""Assam""}]",2017-07-31,2025-12-20,2017-06-25,2017-07-24
2018-0149-IND,No,Natural,Meteorological,Storm,Lightning/Thunderstorms,NULL,IND,India,Southern Asia,Asia,"Uttar Pradesh, Bengale occidental, Bihar, Andhra Pradesh",NULL,NULL,No,NULL,100.0,Kph,NULL,NULL,NULL,95.0,NULL,NULL,NULL,NULL,NULL,NULL,NULL,NULL,77.99726519,"[{""adm1_code"":1485,""adm1_name"":""Andhra Pradesh""},{""adm1_code"":1511,""adm1_name"":""West Bengal""},{""adm1_code"":70073,""adm1_name"":""Bihar""},{""adm1_code"":70081,""adm1_name"":""Uttar Pradesh""}]","[{""gid_1"":""IND.2_1"",""migration_date"":""2025-12-20"",""migration_method"":""puzzle1_1"",""name_1"":""Andhra Pradesh""},{""gid_1"":""IND.32_1"",""migration_date"":""2025-12-20"",""migration_method"":""puzzle1_1"",""name_1"":""Telangana""},{""gid_1"":""IND.34_1"",""migration_date"":""2025-12-20"",""migration_method"":""jaccard1"",""name_1"":""Uttar Pradesh""},{""gid_1"":""IND.36_1"",""migration_date"":""2025-12-20"",""migration_method"":""jaccard1"",""name_1"":""West Bengal""},{""gid_1"":""IND.5_1"",""migration_date"":""2025-12-20"",""migration_method"":""jaccard1"",""name_1"":""Bihar""}]",2018-05-22,2025-12-20,2018-05-13,2018-05-16
2018-0209-IND,No,Natural,Meteorological,Storm,Lightning/Thunderstorms,NULL,IND,India,Southern Asia,Asia,"Uttar Pradesh, West Bengal, Tripura",NULL,NULL,No,NULL,NULL,Kph,NULL,NULL,NULL,32.0,NULL,21000.0,NULL,21000.0,NULL,NULL,50000.0,64105.0,77.99726519,"[{""adm1_code"":1509,""adm1_name"":""Tripura""},{""adm1_code"":1511,""adm1_name"":""West Bengal""},{""adm1_code"":70081,""adm1_name"":""Uttar Pradesh""}]","[{""gid_1"":""IND.33_1"",""migration_date"":""2025-12-20"",""migration_method"":""jaccard1"",""name_1"":""Tripura""},{""gid_1"":""IND.34_1"",""migration_date"":""2025-12-20"",""migration_method"":""jaccard1"",""name_1"":""Uttar Pradesh""},{""gid_1"":""IND.36_1"",""migration_date"":""2025-12-20"",""migration_method"":""jaccard1"",""name_1"":""West Bengal""}]",2018-07-20,2025-12-20,2018-05-06,2018-05-09
2018-0214-IND,No,Natural,Meteorological,Storm,Lightning/Thunderstorms,NULL,IND,India,Southern Asia,Asia,"Uttar Pradesh, Bihar, Jharkhand",NULL,NULL,No,NULL,NULL,Kph,NULL,NULL,NULL,54.0,NULL,NULL,NULL,NULL,NULL,NULL,25000.0,32052.0,77.99726519,"[{""adm1_code"":70073,""adm1_name"":""Bihar""},{""adm1_code"":70078,""adm1_name"":""Jharkhand""},{""adm1_code"":70081,""adm1_name"":""Uttar Pradesh""}]","[{""gid_1"":""IND.15_1"",""migration_date"":""2025-12-20"",""migration_method"":""jaccard1"",""name_1"":""Jharkhand""},{""gid_1"":""IND.34_1"",""migration_date"":""2025-12-20"",""migration_method"":""jaccard1"",""name_1"":""Uttar Pradesh""},{""gid_1"":""IND.5_1"",""migration_date"":""2025-12-20"",""migration_method"":""jaccard1"",""name_1"":""Bihar""}]",2018-07-20,2025-12-20,2018-05-28,2018-05-28
2018-0473-IND,No,Natural,Meteorological,Storm,Tropical cyclone,Tropical storm 'Phethai',IND,India,Southern Asia,Asia,"Andhra Pradesh, Odisha",NULL,NULL,No,NULL,100.0,Kph,NULL,NULL,NULL,8.0,NULL,10000.0,NULL,10000.0,NULL,NULL,100000.0,128210.0,77.99726519,"[{""adm1_code"":1485,""adm1_name"":""Andhra Pradesh""},{""adm1_code"":1504,""adm1_name"":""Orissa""}]","[{""gid_1"":""IND.26_1"",""migration_date"":""2025-12-20"",""migration_method"":""jaccard1"",""name_1"":""Odisha""},{""gid_1"":""IND.2_1"",""migration_date"":""2025-12-20"",""migration_method"":""puzzle1_1"",""name_1"":""Andhra Pradesh""},{""gid_1"":""IND.32_1"",""migration_date"":""2025-12-20"",""migration_method"":""puzzle1_1"",""name_1"":""Telangana""}]",2019-01-22,2025-12-20,2018-12-17,2018-12-19
2018-9372-IND,No,Natural,Climatological,Drought,Drought,NULL,IND,India,Southern Asia,Asia,"Karnataka, Maharashtra states",Por rainfall,NULL,No,NULL,NULL,Km2,NULL,NULL,NULL,NULL,NULL,8200000.0,NULL,8200000.0,NULL,NULL,1100000.0,1410306.0,77.99726519,"[{""adm1_code"":1494,""adm1_name"":""Karnataka""},{""adm1_code"":1498,""adm1_name"":""Maharashtra""}]","[{""gid_1"":""IND.16_1"",""migration_date"":""2025-12-20"",""migration_method"":""jaccard1"",""name_1"":""Karnataka""},{""gid_1"":""IND.20_1"",""migration_date"":""2025-12-20"",""migration_method"":""jaccard1"",""name_1"":""Maharashtra""}]",2018-10-11,2025-12-20,2018-09-01,2019-06-01
2019-0218-IND,No,Natural,Biological,Epidemic,Viral disease,Acute Encephalitis Syndrome (AES),IND,India,Southern Asia,Asia,"Muzaffarpur, Vaishali, Sheohar, East Champaran districts (Bihar)",NULL,NULL,No,NULL,NULL,Vaccinated,NULL,NULL,NULL,121.0,418.0,NULL,NULL,418.0,NULL,NULL,NULL,NULL,79.4107846,NULL,NULL,2019-06-17,2023-09-25,2019-01-01,2019-06-17
2019-0311-IND,No,Natural,Meteorological,Storm,Lightning/Thunderstorms,NULL,IND,India,Southern Asia,Asia,"Odisha, Hyderabad",NULL,NULL,No,NULL,NULL,Kph,NULL,NULL,NULL,10.0,NULL,NULL,NULL,NULL,NULL,NULL,NULL,NULL,79.4107846,"[{""adm1_code"":1504,""adm1_name"":""Orissa""},{""adm2_code"":17553,""adm2_name"":""Hyderabad""}]","[{""gid_1"":""IND.26_1"",""migration_date"":""2025-12-20"",""migration_method"":""jaccard1"",""name_1"":""Odisha""},{""gid_2"":""IND.32.2_1"",""migration_date"":""2025-12-20"",""migration_method"":""jaccard2"",""name_2"":""Hyderabad""}]",2019-07-10,2025-12-20,2019-06-01,2019-06-03
2019-0383-IND,No,Natural,Hydrological,Flood,Flood (General),NULL,IND,India,Southern Asia,Asia,"West Bengal, Kerala, Odisha, Maharashtra",Monsoon rain,NULL,No,NULL,NULL,Km2,NULL,NULL,NULL,32.0,NULL,17500.0,NULL,17500.0,NULL,NULL,NULL,NULL,79.4107846,"[{""adm1_code"":1495,""adm1_name"":""Kerala""},{""adm1_code"":1498,""adm1_name"":""Maharashtra""},{""adm1_code"":1504,""adm1_name"":""Orissa""},{""adm1_code"":1511,""adm1_name"":""West Bengal""}]","[{""gid_1"":""IND.17_1"",""migration_date"":""2025-12-20"",""migration_method"":""jaccard1"",""name_1"":""Kerala""},{""gid_1"":""IND.20_1"",""migration_date"":""2025-12-20"",""migration_method"":""jaccard1"",""name_1"":""Maharashtra""},{""gid_1"":""IND.26_1"",""migration_date"":""2025-12-20"",""migration_method"":""jaccard1"",""name_1"":""Odisha""},{""gid_1"":""IND.36_1"",""migration_date"":""2025-12-20"",""migration_method"":""jaccard1"",""name_1"":""West Bengal""}]",2019-08-16,2025-12-20,2019-08-12,2019-08-15
2019-0550-IND,No,Natural,Meteorological,Storm,Tropical cyclone,Tropical cyclone 'Bulbul',IND,India,Southern Asia,Asia,"South Assam, Meghalaya, Tripura, Mizoram, West Begal, Odisha state",NULL,NULL,No,NULL,NULL,Kph,NULL,NULL,NULL,12.0,NULL,130000.0,NULL,130000.0,NULL,NULL,NULL,NULL,79.4107846,"[{""adm1_code"":1487,""adm1_name"":""Assam""},{""adm1_code"":1501,""adm1_name"":""Meghalaya""},{""adm1_code"":1502,""adm1_name"":""Mizoram""},{""adm1_code"":1504,""adm1_name"":""Orissa""},{""adm1_code"":1509,""adm1_name"":""Tripura""},{""adm1_code"":1511,""adm1_name"":""West Bengal""}]","[{""gid_1"":""IND.22_1"",""migration_date"":""2025-12-20"",""migration_method"":""jaccard1"",""name_1"":""Meghalaya""},{""gid_1"":""IND.23_1"",""migration_date"":""2025-12-20"",""migration_method"":""jaccard1"",""name_1"":""Mizoram""},{""gid_1"":""IND.26_1"",""migration_date"":""2025-12-20"",""migration_method"":""jaccard1"",""name_1"":""Odisha""},{""gid_1"":""IND.33_1"",""migration_date"":""2025-12-20"",""migration_method"":""jaccard1"",""name_1"":""Tripura""},{""gid_1"":""IND.36_1"",""migration_date"":""2025-12-20"",""migration_method"":""jaccard1"",""name_1"":""West Bengal""},{""gid_1"":""IND.4_1"",""migration_date"":""2025-12-20"",""migration_method"":""jaccard1"",""name_1"":""Assam""}]",2019-11-19,2025-12-20,2019-11-09,2019-11-10
